paperId,finding_no,YOUR_VERDICT,YOUR_NOTES,title,study_type,sample_size,population,citations,age_min_months,age_max_months,age_basis,age_quote,age_quote_check,funding,assumptions,n_findings,extractor_notes,exposure,comparator,outcome,outcome_desirable,effect,effect_size,effect_size_check,finding,abstract
W1992978843,1,,,Review finds that bed sharing increases risk of sudden infant death syndrome,commentary,not stated,infants (commentary on bed-sharing meta-analysis),2,,,unknown,,,not stated,SIDS remains the leading cause of infant mortality in USA and most developed countries | prone sleep position was identified as a main risk for SIDS and back-sleeping campaigns significantly reduced SIDS,0,"Commentary on Vennemann et al. 2012 bed-sharing meta-analysis; abstract is truncated and reports no results of its own, though the title relays that the reviewed meta-analysis found bed sharing increases SIDS risk.",,,,,,,,,"Commentary on: Vennemann MM, Hense HW, Bajanowski T, et al. Bed sharing and the risk of sudden infant death syndrome: can we resolve the debate? J Pediatr 2012;160:44–8.e2.[OpenUrl][1][CrossRef][2][PubMed][3][Web of Science][4] Sudden infant death syndrome (SIDS) remains the leading cause of infant mortality in USA and most developed countries. After studies in the late 1980s and early 1990s which identified the prone sleep position as a main risk for SIDS, campaigns to promote back sleeping were initiated, and the number of SIDS declined significantly.1 However, … [1]: {openurl}?query=rft.jtitle%253DThe%2BJournal%2Bof%2Bpediatrics%26rft.stitle%253DJ%2BPediatr%26rft.aulast%253DVennemann%26rft.auinit1%253DM.%2BM.%26rft.volume%253D160%26rft.issue%253D1%26rft.spage%253D44%26rft.epage%253D8.e2%26rft.atitle%253DBed%2Bsharing%2Band%2Bthe%2Brisk%2Bof%2Bsudden%2Binfant%2Bdeath%2Bsyndrome%253A%2Bcan%2Bwe%2Bresolve%2Bthe%2Bdebate%253F%26rft_id%253Dinfo%253Adoi%252F10.1016%252Fj.jpeds.2011.06.052%26rft_id%253Dinfo%253Apmid%252F21868032%26rft.genre%253Darticle%26rft_val_fmt%253Dinfo%253Aofi%252Ffmt%253Akev%253Amtx%253Ajournal%26ctx_ver%253DZ39.88-2004%26url_ver%253DZ39.88-2004%26url_ctx_fmt%253Dinfo%253Aofi%252Ffmt%253Akev%253Amtx%253Actx [2]: /lookup/external-ref?access_num=10.1016/j.jpeds.2011.06.052&link_type=DOI [3]: /lookup/external-ref?access_num=21868032&link_type=MED&atom=%2Febnurs%2F15%2F4%2F115.atom [4]: /lookup/external-ref?access_num=000298143000014&link_type=ISI"
W2122536908,1,,,"Learning, neural plasticity and sensitive periods: implications for language acquisition, music training and transfer across the lifespan",review,not stated,language learners and musicians across the lifespan,162,,,unknown,,,not stated,the brain retains an ability for experience-dependent plasticity across the lifespan | sensitive periods have often been proposed to explain age-related differences in attaining second languages and musical expertise,0,Narrative review of mechanisms; discusses potential bi-directional music-language transfer but reports no quantitative results.,,,,,,,,,"Sensitive periods in human development have often been proposed to explain age-related differences in the attainment of a number of skills, such as a second language (L2) and musical expertise. It is difficult to reconcile the negative consequence this traditional view entails for learning after a sensitive period with our current understanding of the brain's ability for experience-dependent plasticity across the lifespan. What is needed is a better understanding of the mechanisms underlying auditory learning and plasticity at different points in development. Drawing on research in language development and music training, this review examines not only what we learn and when we learn it, but also how learning occurs at different ages. First, we discuss differences in the mechanism of learning and plasticity during and after a sensitive period by examining how language exposure versus training forms language-specific phonetic representations in infants and adult L2 learners, respectively. Second, we examine the impact of musical training that begins at different ages on behavioral and neural indices of auditory and motor processing as well as sensorimotor integration. Third, we examine the extent to which childhood training in one auditory domain can enhance processing in another domain via the transfer of learning between shared neuro-cognitive systems. Specifically, we review evidence for a potential bi-directional transfer of skills between music and language by examining how speaking a tonal language may enhance music processing and, conversely, how early music training can enhance language processing. We conclude with a discussion of the role of attention in auditory learning for learning during and after sensitive periods and outline avenues of future research."
W2137657450,1,,,Critical diaphragm failure in sudden infant death syndrome,other,not stated,infants aged 1-12 months (hypothesis paper),37,1,12,stated,infants between the ages of 1 and 12 months,ok,not stated,"SIDS is the leading cause of death in infants between 1 and 12 months in developed countries | undeveloped respiratory muscles, non-lethal infections, prone resting position and REM sleep are risk factors in young infants | even relatively minor infections can acutely reduce diaphragm force generation capacity",0,Hypothesis paper (critical diaphragm failure); no empirical results.,,,,,,,,,"Sudden infant death syndrome (SIDS) is the leading cause of death in infants between the ages of 1 and 12 months in developed countries. SIDS is by definition a diagnosis of exclusion, and its mechanism of action is unknown. The SIDS-Critical Diaphragm Failure (CDF) hypothesis postulates that the cause of death in SIDS is respiratory failure caused by CDF. Four principal risk factors contribute to CDF in young infants: undeveloped respiratory muscles, non-lethal infections, prone resting position, and REM sleep. Even relatively minor infections can cause an acute and significant reduction in diaphragm force generation capacity that in conjunction with other risk factors can precipitate CDF. CDF-induced acute muscle weakness leaves few, if any pathological marks on the affected tissue.Understanding the underlying mechanism of SIDS may help in formulating new approaches to child care that can help to further reduce the incidence of SIDS."
W2139306504,1,,,Food Allergy: Recent Advances in Pathophysiology and Treatment,review,not stated,children and adults with food allergy,74,,,unknown,,,not stated,"food allergies affect up to 6% of children and 3-4% of adults | the mainstay of treatment for food allergies is avoidance and ready access to emergency medications | route of exposure, genetics, age of the host, and allergen factors influence the development of oral tolerance",0,Narrative review of pathophysiology and emerging therapies; no results of its own in abstract.,,,,,,,,,"Food allergies are adverse immune reactions to food proteins that affect up to 6% of children and 3-4% of adults. A wide range of symptoms can occur depending on whether IgE or non-IgE mediated mechanism are involved. Many factors influence the development of oral tolerance, including route of exposure, genetics, age of the host, and allergen factors. Advances have been made in the understanding of how these factors interact in the pathophysiology of food allergy. Currently, the mainstay of treatment for food allergies is avoidance and ready access to emergency medications. However, with the improved understanding of tolerance and advances in characterization of food allergens, several therapeutic strategies have been developed and are currently being investigated as potential treatments and/or cures for food allergy."
W2141009564,1,,,Sleep well—be well study: improving school transition by improving child sleep: a translational randomised trial,rct,334,"Grade Prep children with sleep problems, Melbourne, Australia",18,60,72,inferred,the first year of formal education (Grade Prep),ok,not stated,the transition to primary school appears crucial for a child's future academic and psychological well-being | a previous efficacy trial showed sleep problems can be identified and improved via school-based screening plus brief behavioural intervention,0,"Trial protocol only - planned sample of 334, no results reported; ages inferred from first year of school in Australia (about 5-6 years).",,,,,,,,,"INTRODUCTION: The transition to primary school appears crucial for a child's future academic and psychological well-being. Addressing conditions which negatively affect children during this period, such as poor sleep, may improve these outcomes. Sleep problems are common and in a previous efficacy randomised controlled trial, we demonstrated that sleep problems can be identified and improved using school-based screening followed by a brief behavioural intervention. This trial will determine whether the same intervention is beneficial and cost-effective when delivered by an existing school-based health workforce. METHODS/DESIGN: We will recruit 334 children with sleep problems from approximately 40 schools after screening for behavioural sleep problems in the first year of formal education (Grade Prep). Schools in Melbourne, Australia will be invited to participate from a randomly ordered list of eligible schools and we will approach all caregivers of Grade Prep children. Children who have a parent-reported moderate or severe sleep problem will be randomised into either 'usual care' or 'intervention' groups. Trained nurses from the Primary School Nursing programme will deliver the sleep intervention programme. INTERVENTION: Two to three contacts between the nurse and the parent; initial 45 min face-to-face meeting or phone call, 15 min phone call 2 weeks later and an optional second 30 min face-to-face meeting. FOLLOW-UP: 6 and 12 months postrandomisation using parent and teacher surveys and child face-to-face assessments. PRIMARY OUTCOME: child psychosocial functioning at 6 months. SECONDARY OUTCOMES: child psychosocial functioning at 12 months and child sleep, behaviour, working memory, academic achievement and parent mental health at 6 and 12 months. Cost-effectiveness analysis will compare incremental costs to difference in child psychosocial functioning at 6 months. REGISTRATION: International Standard Randomised Controlled Trial Number Register (ISRCTN92448857)."
W2184522557,1,,,Viewpoint: Early childhood caries: a New Zealand perspective,commentary,not stated,"preschool children, New Zealand",7,24,60,inferred,preschool-aged children,ok,not stated,dental caries is primarily preventable yet remains the most common chronic disease of childhood in New Zealand | Maori and Pacific children have greater experience and severity of dental caries | early childhood caries has deleterious effects on a child's oral and general health | early identification of high-risk children by primary health care providers enables timely referral and management,0,Viewpoint article; positions captured as assumptions.,,,,,,,,,"Dental caries, primarily a preventable disease, remains the most common chronic disease of childhood and one of the most common reasons for hospital admissions for children in New Zealand. The most vulnerable children are shouldering the burden of the disease, with Maori and Pacific children having greater experience and severity of dental caries. Early childhood caries has deleterious effects on a child’s oral and general health and significant numbers of preschool-aged children experience pain and infection. Early identification by primary health care providers of children at high risk of developing early childhood caries can ensure these children are referred to the appropriate oral health services to receive appropriate and timely management. KEYWORDS: Dental care for children; dental caries; New Zealand; preschool child"
W2540408804,1,,,A “Wear and Tear” Hypothesis to Explain Sudden Infant Death Syndrome,other,not stated,USA infants under one year (hypothesis paper),13,,,unknown,,,not stated,"SIDS is the leading cause of death in USA infants under one year of age, about 2,700 deaths per year | SIDS shows male predominance (60:40) | SIDS rate in USA Hispanics is 80% lower compared to whites | 50% of SIDS cases occur between 7.6 and 17.6 weeks after birth with only 10% after 24.7 weeks | SIDS shows seasonal variation with most cases occurring during winter",0,"Hypothesis paper proposing cumulative stress including neonatal circumcision as SIDS risk; predictions are untested, so no findings extracted.",,,,,,,,,"Sudden Infant Death Syndrome (SIDS) is the leading cause of death in USA infants under one year of age accounting for approximately 2,700 deaths per year. Although formally SIDS dates back at least 2,000 years and was even mentioned in the Hebrew Bible (Kings 3:19) its etiology remains unexplained prompting the CDC to initiate a sudden unexpected infant death case registry in 2010. Due to their total dependence, the ability of the infant to allostatically regulate stressors and stress responses shaped by genetic and environmental factors is severely constrained. We propose that SIDS is the result of cumulative painful, stressful, or traumatic exposures that begin in utero and tax neonatal regulatory systems incompatible with allostasis. We also identify several putative biochemical mechanisms involved in SIDS. We argue that the important characteristics of SIDS, namely male predominance (60:40), the significantly different SIDS rate in USA Hispanics (80% lower) compared to whites, 50% of cases occurring between 7.6 and 17.6 weeks after birth with only 10% after 24.7 weeks, and seasonal variation with most cases occurring during winter, are all associated with common environmental stressors, such as neonatal circumcision and seasonal illnesses. We predict that neonatal circumcision is associated with hypersensitive to pain and decreased heart rate variability which increase the risk for SIDS. We also predict that neonatal male circumcision will account for the SIDS gender bias and that cultures that practice high male circumcision rates, like USA whites, will have higher SIDS rates compared to cultures with lower circumcision rates. SIDS rates will also be higher in USA states where Medicaid covers circumcision and lower among cultures that do not practice neonatal circumcision and/or cannot afford to pay for circumcision. We last predict that winter-born premature infants who are circumcised will be at higher risk of SIDS compared to infants who experience fewer nociceptive exposures. All these predictions are testable experimentally using animal models or cohort studies in humans. Our hypothesis provides new insights into novel risk factors for SIDS that can reduce its risk by modifying current infant care practices to reduce nociceptive exposures."
W2887924454,1,,,Implementing primary prevention of food allergy in infants: New BSACI guidance published,guideline,not stated,UK infants at higher risk of food allergy,67,4,4,stated,start complementary foods from 4 months,ok,not stated,"a delay in introducing allergenic foods may increase the risk of an infant developing food allergy | evidence from the EAT, LEAP and other studies supports early introduction of allergenic foods | to date, no life-threatening reactions have been reported in infants related to the introduction of allergenic foods | higher-risk infants may start complementary foods from 4 months, introducing egg then peanut in an age-appropriate form | mothers should continue to breastfeed whilst introducing solid foods, if possible | if breastmilk is unavailable, a standard cow's milk formula should be used rather than a hypoallergenic formula, unless the baby is allergic to cow's milk | screening before introducing egg or peanut is not routinely recommended in the UK given limited access to testing",0,Editorial describing new BSACI/FASG guidance; positions captured as assumptions; extensive author conflict-of-interest declarations but no study funding stated.,,,,,,,,,"The BSACI this month published guidance for UK Healthcare professionals on preventing food allergy in higher risk infants, including advice on the earlier introduction of potential allergenic foods into the infant diet, to reduce the risk of food allergy.1 There is an accompanying information sheet for parents with practical advice on introducing allergenic foods during complementary feeding.1 The guidance has been developed by the Paediatric Allergy Group of BSACI and the Food Allergy Specialist Group (FASG) of the British Dietetic Association (BDA), following consultation with both the BSACI and the BDA membership, a broad range of healthcare professionals including health visitors and general practitioners, parents and patient support groups. The guidance is designed to complement the recent review of scientific evidence published by a joint committee of the UK's Scientific Advisory Committee on Nutrition (SACN) and the Committee on Toxicity of Chemicals in Food, Consumer Products and the Environment (COT).2 The SACN/COT statement recommended the following: The SACN/COT statement acknowledged that recommendations for healthcare professionals may need to take into account different clinical scenarios, and that targeted advice may be appropriate for infants at a higher risk of developing food allergy. They proposed that families of infants with a history of early-onset eczema or suspected food allergy may wish to seek medical advice before introducing peanut or hen's egg. The BSACI/FASG guidance provides advice relating to this group of children and is summarized in Figure 1. It differs from equivalent current international guidelines, in that: The BSACI/FASG guidance suggests that if a baby is at higher risk of developing food allergy, parents may wish to start complementary foods from 4 months, including egg (if part of the family's diet) and then peanut in an age-appropriate manner to avoid risk of choking. Mothers should continue to breastfeed whilst introducing solid foods, if possible. If breastmilk is not available, families should use a standard cow's milk formula rather than a “low allergy” (hypoallergenic) formula, unless the baby is allergic to cow's milk. Unlike the NIAID guidelines for peanut introduction, screening is not routinely recommended prior to introducing egg or peanut in higher risk infants, as despite its potential role in identifying sensitization, access in the UK primary care setting is difficult and would require prompt in-hospital food challenge where present. Healthcare professionals should help parents to make an informed decision in this regard. This will depend on their understanding of the potential for an allergic reaction when allergenic foods are introduced into the diet and the availability of allergy testing within the local clinical service. However, this must be balanced against the risk that a delay in introduction may increase the risk of their infant developing a food allergy. This is a pragmatic decision, based not only on the current availability of allergy testing (and, where indicated, prompt referral for supervised food challenge) in this age group, but also on the basis that to date, no life-threatening reactions have been reported in infants related to the introduction of allergenic foods. Of note, screening is not generally offered in those countries where peanut is introduced in infancy, and this has not caused major public health concerns. However, some infants will already be allergic to these foods when introduced into the diet (Figure 2). It is for this reason that information regarding allergic symptoms and their management figure prominently in both guidance to healthcare professionals and that for parent/carers. The BSACI/FASG document is guidance rather than a guideline. This was intentional: guidelines are public health recommendations applicable across the population, and “need to be made on the basis of high-level evidence and more than one randomized clinical trial to ensure ‘no harm’ results.”5 In contrast, the BSACI/FASG guidance is designed to provide useful background and practical advice to healthcare professionals and parent/carers alike in implementing the available evidence from the EAT, LEAP and other studies to support individualized care. The new guidance is available to download at http://www.bsaci.org/about/early-feeding-guidance. PJT has received consultancy fees from the UK Departments of Health with respect to primary prevention strategies for food allergy; research funding from the UK Medical Research Council (reference MR/K010468/1) and the National Institute for Health Research (NIHR) Biomedical Research Centre at Imperial College Healthcare NHS Trust/Imperial College London. He was a co-investigator on the Beating Egg Allergy (BEAT) Trial (a primary prevention trial for egg allergy) funded by the Ilhan Food Allergy Foundation. MF was a dietitian on the LEAP (Learning Early About Peanut) study, funded by the National Institute of Allergy and Infectious Diseases (NIAID, NIH), Food Allergy & Research Education (FARE), MRC & Asthma UK Centre, NIHR, National Peanut Board (NRP) and FSA. She has received research support from the British Dietetic Association and the Anaphylaxis Campaign. RM has received speaker fees for Nestle, Mead Johnson and Danone; she is on the allergy advisory board for Mead Johnson. MRP was joint principle investigator on the EAT (Enquiring About Tolerance) Study, funded by the UK Food Standards Agency. ATF has received research funding from Danone and acted as a paid consultant for Danone, Mead Johnson, Abbott and Nestle Nutrition. All the authors were on the BSACI/FASG working group for the new BSACI/FASG guidance on preventing food allergy in higher risk infants. The views expressed are those of the author(s) and not necessarily those of the NHS, NIHR, or the Department of Health."
W3109007492,1,,,Sleep and Memory in Children,review,not stated,children aged 6-13 years (sleep and memory),9,72,156,stated,children aged between 6 and 13 years,ok,not stated,"that sleep in comparison to wakefulness benefits the consolidation of memories is well established, especially for adults",0,Short narrative review; no specific results in abstract.,,,,,,,,,"Abstract Purpose of Review This short review article aims at emphasizing interesting and important new insights about investigating sleep and memory in children aged between 6 and 13 years (middle childhood). Recent Findings That sleep in comparison to wakefulness benefits the consolidation of memories is well established—especially for the adult population. However, the underlying theoretical frameworks trying to explain the benefits of sleep for memory still strive for more substantiate findings including biological and physiological correlates. Summary Based on the most recent literature about sleep-related memory consolidation and its physiological markers during middle childhood, this article provides a review and highlights recent updates in this field."
W4200277248,1,,,Many faces of sleep regulation: beyond the time of day and prior wake time,review,not stated,not specified (sleep regulation across species),23,,,unknown,,,not stated,"the two-process model (circadian and homeostatic) has been the dominant framework for sleep research for about 40 years | sleep is incompatible with other behaviors such as eating, foraging, mating, and caring for offspring",0,Not paediatric-specific; conceptual review with no empirical results.,,,,,,,,,"The two-process model of sleep regulation posits two main processes regulating sleep: the circadian process controlled by the circadian clock and the homeostatic process that depends on the history of sleep and wakefulness. The model has provided a dominant conceptual framework for sleep research since its publication ~ 40 years ago. The time of day and prior wake time are the primary factors affecting the circadian and homeostatic processes, respectively. However, it is critical to consider other factors influencing sleep. Since sleep is incompatible with other behaviors, it is affected by the need for essential behaviors such as eating, foraging, mating, caring for offspring, and avoiding predators. Sleep is also affected by sensory inputs, sickness, increased need for memory consolidation after learning, and other factors. Here, we review multiple factors influencing sleep and discuss recent insights into the mechanisms balancing competing needs."
W1537919223,1,,,Rapid recognition at 10 months as a predictor of language development,cohort,not stated,10-month-old infants followed to 24 months,130,10,10,stated,10-month-olds,ok,not stated,infants' ability to recognize words in continuous speech is vital for building a vocabulary,2,Number of infants not given in abstract.,hearing a word in isolation,words not heard before,ERP word recognition response at 10 months,good,increased,,,"All 10-month-olds showed recognition responses to words first heard in isolation, but not all to words heard within utterances.","Infants' ability to recognize words in continuous speech is vital for building a vocabulary. We here examined the amount and type of exposure needed for 10-month-olds to recognize words. Infants first heard a word, either embedded within an utterance or in isolation, then recognition was assessed by comparing event-related potentials to this word versus a word that they had not heard directly before. Although all 10-month-olds showed recognition responses to words first heard in isolation, not all infants showed such responses to words they had first heard within an utterance. Those that did succeed in the latter, harder, task, however, understood more words and utterances when re-tested at 12 months, and understood more words and produced more words at 24 months, compared with those who had shown no such recognition response at 10 months. The ability to rapidly recognize the words in continuous utterances is clearly linked to future language development."
W1537919223,2,,,Rapid recognition at 10 months as a predictor of language development,cohort,not stated,10-month-old infants followed to 24 months,130,10,10,stated,10-month-olds,ok,not stated,infants' ability to recognize words in continuous speech is vital for building a vocabulary,2,Number of infants not given in abstract.,recognition of words within continuous utterances at 10 months,no recognition response,later word comprehension and production,good,increased,,,Infants recognizing words from utterances at 10 months understood and produced more words at 12 and 24 months.,"Infants' ability to recognize words in continuous speech is vital for building a vocabulary. We here examined the amount and type of exposure needed for 10-month-olds to recognize words. Infants first heard a word, either embedded within an utterance or in isolation, then recognition was assessed by comparing event-related potentials to this word versus a word that they had not heard directly before. Although all 10-month-olds showed recognition responses to words first heard in isolation, not all infants showed such responses to words they had first heard within an utterance. Those that did succeed in the latter, harder, task, however, understood more words and utterances when re-tested at 12 months, and understood more words and produced more words at 24 months, compared with those who had shown no such recognition response at 10 months. The ability to rapidly recognize the words in continuous utterances is clearly linked to future language development."
W1837731691,1,,,Interventions based on the Theory of Mind cognitive model for autism spectrum disorder (ASD),meta-analysis,695,individuals with autism spectrum disorder (22 trials),226,,,unknown,,,not stated,the Theory of Mind model suggests people with ASD have profound difficulty understanding other people's minds,4,Cochrane review with three small meta-analyses; overall pooled N=695 across 22 RCTs.,emotion recognition interventions,control conditions,emotion recognition (photographs of faces),good,increased,"mean increase of 0.75 points, 95% confidence interval (CI) 0.22 to 1.29 points",ok,"Emotion recognition training improved the target skill in people within the average intellectual range (4 studies, N=105).","BACKGROUND: The 'Theory of Mind' (ToM) model suggests that people with autism spectrum disorder (ASD) have a profound difficulty understanding the minds of other people - their emotions, feelings, beliefs, and thoughts. As an explanation for some of the characteristic social and communication behaviours of people with ASD, this model has had a significant influence on research and practice. It implies that successful interventions to teach ToM could, in turn, have far-reaching effects on behaviours and outcome. OBJECTIVES: To review the efficacy of interventions based on the ToM model for individuals with ASD. SEARCH METHODS: In August 2013 we searched CENTRAL, Ovid MEDLINE, Embase, CINAHL, PsycINFO, ERIC, Social Services Abstracts, AutismData, and two trials registers. We also searched the reference lists of relevant papers, contacted authors who work in this field, and handsearched a number of journals. SELECTION CRITERIA: Review studies were selected on the basis that they reported on an applicable intervention (linked to ToM in one of four clearly-defined ways), presented new randomised controlled trial data, and participants had a confirmed diagnosis of an autism spectrum disorder. Studies were selected by two review authors independently and a third author arbitrated when necessary. DATA COLLECTION AND ANALYSIS: Risk of bias was evaluated and data were extracted by two review authors independently; a third author arbitrated when necessary. Most studies were not eligible for meta-analysis, the principal reason being mis-matching methodologies and outcome measures. Three small meta-analyses were carried out. MAIN RESULTS: Twenty-two randomised trials were included in the review (N = 695). Studies were highly variable in their country of origin, sample size, participant age, intervention delivery type, and outcome measures. Risk of bias was variable across categories. There were very few studies for which there was adequate blinding of participants and personnel, and some were also judged at high risk of bias in blinding of outcome assessors. There was also evidence of some bias in sequence generation and allocation concealment. Not all studies reported data that fell within the pre-defined primary outcome categories for the review, instead many studies reported measures which were intervention-specific (e.g. emotion recognition). The wide range of measures used within each outcome category and the mixed results from these measures introduced further complexity when interpreting results.Studies were grouped into four main categories according to intervention target/primary outcome measure. These were: emotion recognition studies, joint attention and social communication studies, imitation studies, and studies teaching ToM itself. Within the first two of these categories, a sub-set of studies were deemed suitable for meta-analysis for a limited number of key outcomes.There was very low quality evidence of a positive effect on measures of communication based on individual results from three studies. There was low quality evidence from 11 studies reporting mixed results of interventions on measures of social interaction, very low quality evidence from four studies reporting mixed results on measures of general communication, and very low quality evidence from four studies reporting mixed results on measures of ToM ability. The meta-analysis results we were able to generate showed that interventions targeting emotion recognition across age groups and working with people within the average range of intellectual ability had a positive effect on the target skill, measured by a test using photographs of faces (mean increase of 0.75 points, 95% confidence interval (CI) 0.22 to 1.29 points, Z = 2.75, P < 0.006, four studies, N = 105). Therapist-led joint attention interventions can promote production of more joint attention behaviours within adult-child interaction (mean increase of 0.55 points, 95% CI 0.11 to 0.99 points, Z = 2.45, P value = 0.01, two studies, N = 88). Further analysis undermines this conclusion somewhat by demonstrating that there was no clear evidence that intervention can have an effect on joint attention initiations as measured using a standardised assessment tool (mean increase of 0.23 points, 95% CI -0.48 to 0.94 points, Z = 0.63, P value = 0.53, three studies, N = 92). No adverse effects were apparent. AUTHORS' CONCLUSIONS: While there is some evidence that ToM, or a precursor skill, can be taught to people with ASD, there is little evidence of maintenance of that skill, generalisation to other settings, or developmental effects on related skills. Furthermore, inconsistency in findings and measurement means that evidence has been graded of 'very low' or 'low' quality and we cannot be confident that suggestions of positive effects will be sustained as high-quality evidence accumulates. Further longitudinal designs and larger samples are needed to help elucidate both the efficacy of ToM-linked interventions and the explanatory value of the ToM model itself. It is possible that the continuing refinement of the ToM model will lead to better interventions which have a greater impact on development than those investigated to date."
W1837731691,2,,,Interventions based on the Theory of Mind cognitive model for autism spectrum disorder (ASD),meta-analysis,695,individuals with autism spectrum disorder (22 trials),226,,,unknown,,,not stated,the Theory of Mind model suggests people with ASD have profound difficulty understanding other people's minds,4,Cochrane review with three small meta-analyses; overall pooled N=695 across 22 RCTs.,therapist-led joint attention interventions,control conditions,joint attention behaviours in adult-child interaction,good,increased,"mean increase of 0.55 points, 95% CI 0.11 to 0.99 points",ok,"Joint attention interventions promoted more joint attention behaviours within adult-child interaction (2 studies, N=88).","BACKGROUND: The 'Theory of Mind' (ToM) model suggests that people with autism spectrum disorder (ASD) have a profound difficulty understanding the minds of other people - their emotions, feelings, beliefs, and thoughts. As an explanation for some of the characteristic social and communication behaviours of people with ASD, this model has had a significant influence on research and practice. It implies that successful interventions to teach ToM could, in turn, have far-reaching effects on behaviours and outcome. OBJECTIVES: To review the efficacy of interventions based on the ToM model for individuals with ASD. SEARCH METHODS: In August 2013 we searched CENTRAL, Ovid MEDLINE, Embase, CINAHL, PsycINFO, ERIC, Social Services Abstracts, AutismData, and two trials registers. We also searched the reference lists of relevant papers, contacted authors who work in this field, and handsearched a number of journals. SELECTION CRITERIA: Review studies were selected on the basis that they reported on an applicable intervention (linked to ToM in one of four clearly-defined ways), presented new randomised controlled trial data, and participants had a confirmed diagnosis of an autism spectrum disorder. Studies were selected by two review authors independently and a third author arbitrated when necessary. DATA COLLECTION AND ANALYSIS: Risk of bias was evaluated and data were extracted by two review authors independently; a third author arbitrated when necessary. Most studies were not eligible for meta-analysis, the principal reason being mis-matching methodologies and outcome measures. Three small meta-analyses were carried out. MAIN RESULTS: Twenty-two randomised trials were included in the review (N = 695). Studies were highly variable in their country of origin, sample size, participant age, intervention delivery type, and outcome measures. Risk of bias was variable across categories. There were very few studies for which there was adequate blinding of participants and personnel, and some were also judged at high risk of bias in blinding of outcome assessors. There was also evidence of some bias in sequence generation and allocation concealment. Not all studies reported data that fell within the pre-defined primary outcome categories for the review, instead many studies reported measures which were intervention-specific (e.g. emotion recognition). The wide range of measures used within each outcome category and the mixed results from these measures introduced further complexity when interpreting results.Studies were grouped into four main categories according to intervention target/primary outcome measure. These were: emotion recognition studies, joint attention and social communication studies, imitation studies, and studies teaching ToM itself. Within the first two of these categories, a sub-set of studies were deemed suitable for meta-analysis for a limited number of key outcomes.There was very low quality evidence of a positive effect on measures of communication based on individual results from three studies. There was low quality evidence from 11 studies reporting mixed results of interventions on measures of social interaction, very low quality evidence from four studies reporting mixed results on measures of general communication, and very low quality evidence from four studies reporting mixed results on measures of ToM ability. The meta-analysis results we were able to generate showed that interventions targeting emotion recognition across age groups and working with people within the average range of intellectual ability had a positive effect on the target skill, measured by a test using photographs of faces (mean increase of 0.75 points, 95% confidence interval (CI) 0.22 to 1.29 points, Z = 2.75, P < 0.006, four studies, N = 105). Therapist-led joint attention interventions can promote production of more joint attention behaviours within adult-child interaction (mean increase of 0.55 points, 95% CI 0.11 to 0.99 points, Z = 2.45, P value = 0.01, two studies, N = 88). Further analysis undermines this conclusion somewhat by demonstrating that there was no clear evidence that intervention can have an effect on joint attention initiations as measured using a standardised assessment tool (mean increase of 0.23 points, 95% CI -0.48 to 0.94 points, Z = 0.63, P value = 0.53, three studies, N = 92). No adverse effects were apparent. AUTHORS' CONCLUSIONS: While there is some evidence that ToM, or a precursor skill, can be taught to people with ASD, there is little evidence of maintenance of that skill, generalisation to other settings, or developmental effects on related skills. Furthermore, inconsistency in findings and measurement means that evidence has been graded of 'very low' or 'low' quality and we cannot be confident that suggestions of positive effects will be sustained as high-quality evidence accumulates. Further longitudinal designs and larger samples are needed to help elucidate both the efficacy of ToM-linked interventions and the explanatory value of the ToM model itself. It is possible that the continuing refinement of the ToM model will lead to better interventions which have a greater impact on development than those investigated to date."
W1837731691,3,,,Interventions based on the Theory of Mind cognitive model for autism spectrum disorder (ASD),meta-analysis,695,individuals with autism spectrum disorder (22 trials),226,,,unknown,,,not stated,the Theory of Mind model suggests people with ASD have profound difficulty understanding other people's minds,4,Cochrane review with three small meta-analyses; overall pooled N=695 across 22 RCTs.,joint attention interventions,control conditions,joint attention initiations (standardised assessment),good,no_change,"mean increase of 0.23 points, 95% CI -0.48 to 0.94 points",ok,"No clear effect on joint attention initiations by standardised assessment (3 studies, N=92), undermining the interaction result.","BACKGROUND: The 'Theory of Mind' (ToM) model suggests that people with autism spectrum disorder (ASD) have a profound difficulty understanding the minds of other people - their emotions, feelings, beliefs, and thoughts. As an explanation for some of the characteristic social and communication behaviours of people with ASD, this model has had a significant influence on research and practice. It implies that successful interventions to teach ToM could, in turn, have far-reaching effects on behaviours and outcome. OBJECTIVES: To review the efficacy of interventions based on the ToM model for individuals with ASD. SEARCH METHODS: In August 2013 we searched CENTRAL, Ovid MEDLINE, Embase, CINAHL, PsycINFO, ERIC, Social Services Abstracts, AutismData, and two trials registers. We also searched the reference lists of relevant papers, contacted authors who work in this field, and handsearched a number of journals. SELECTION CRITERIA: Review studies were selected on the basis that they reported on an applicable intervention (linked to ToM in one of four clearly-defined ways), presented new randomised controlled trial data, and participants had a confirmed diagnosis of an autism spectrum disorder. Studies were selected by two review authors independently and a third author arbitrated when necessary. DATA COLLECTION AND ANALYSIS: Risk of bias was evaluated and data were extracted by two review authors independently; a third author arbitrated when necessary. Most studies were not eligible for meta-analysis, the principal reason being mis-matching methodologies and outcome measures. Three small meta-analyses were carried out. MAIN RESULTS: Twenty-two randomised trials were included in the review (N = 695). Studies were highly variable in their country of origin, sample size, participant age, intervention delivery type, and outcome measures. Risk of bias was variable across categories. There were very few studies for which there was adequate blinding of participants and personnel, and some were also judged at high risk of bias in blinding of outcome assessors. There was also evidence of some bias in sequence generation and allocation concealment. Not all studies reported data that fell within the pre-defined primary outcome categories for the review, instead many studies reported measures which were intervention-specific (e.g. emotion recognition). The wide range of measures used within each outcome category and the mixed results from these measures introduced further complexity when interpreting results.Studies were grouped into four main categories according to intervention target/primary outcome measure. These were: emotion recognition studies, joint attention and social communication studies, imitation studies, and studies teaching ToM itself. Within the first two of these categories, a sub-set of studies were deemed suitable for meta-analysis for a limited number of key outcomes.There was very low quality evidence of a positive effect on measures of communication based on individual results from three studies. There was low quality evidence from 11 studies reporting mixed results of interventions on measures of social interaction, very low quality evidence from four studies reporting mixed results on measures of general communication, and very low quality evidence from four studies reporting mixed results on measures of ToM ability. The meta-analysis results we were able to generate showed that interventions targeting emotion recognition across age groups and working with people within the average range of intellectual ability had a positive effect on the target skill, measured by a test using photographs of faces (mean increase of 0.75 points, 95% confidence interval (CI) 0.22 to 1.29 points, Z = 2.75, P < 0.006, four studies, N = 105). Therapist-led joint attention interventions can promote production of more joint attention behaviours within adult-child interaction (mean increase of 0.55 points, 95% CI 0.11 to 0.99 points, Z = 2.45, P value = 0.01, two studies, N = 88). Further analysis undermines this conclusion somewhat by demonstrating that there was no clear evidence that intervention can have an effect on joint attention initiations as measured using a standardised assessment tool (mean increase of 0.23 points, 95% CI -0.48 to 0.94 points, Z = 0.63, P value = 0.53, three studies, N = 92). No adverse effects were apparent. AUTHORS' CONCLUSIONS: While there is some evidence that ToM, or a precursor skill, can be taught to people with ASD, there is little evidence of maintenance of that skill, generalisation to other settings, or developmental effects on related skills. Furthermore, inconsistency in findings and measurement means that evidence has been graded of 'very low' or 'low' quality and we cannot be confident that suggestions of positive effects will be sustained as high-quality evidence accumulates. Further longitudinal designs and larger samples are needed to help elucidate both the efficacy of ToM-linked interventions and the explanatory value of the ToM model itself. It is possible that the continuing refinement of the ToM model will lead to better interventions which have a greater impact on development than those investigated to date."
W1837731691,4,,,Interventions based on the Theory of Mind cognitive model for autism spectrum disorder (ASD),meta-analysis,695,individuals with autism spectrum disorder (22 trials),226,,,unknown,,,not stated,the Theory of Mind model suggests people with ASD have profound difficulty understanding other people's minds,4,Cochrane review with three small meta-analyses; overall pooled N=695 across 22 RCTs.,Theory of Mind-linked interventions,control conditions,"maintenance, generalisation, and related skills",good,unclear,,,"Some evidence ToM or precursor skills can be taught, but little evidence of maintenance or generalisation; evidence graded low/very low quality.","BACKGROUND: The 'Theory of Mind' (ToM) model suggests that people with autism spectrum disorder (ASD) have a profound difficulty understanding the minds of other people - their emotions, feelings, beliefs, and thoughts. As an explanation for some of the characteristic social and communication behaviours of people with ASD, this model has had a significant influence on research and practice. It implies that successful interventions to teach ToM could, in turn, have far-reaching effects on behaviours and outcome. OBJECTIVES: To review the efficacy of interventions based on the ToM model for individuals with ASD. SEARCH METHODS: In August 2013 we searched CENTRAL, Ovid MEDLINE, Embase, CINAHL, PsycINFO, ERIC, Social Services Abstracts, AutismData, and two trials registers. We also searched the reference lists of relevant papers, contacted authors who work in this field, and handsearched a number of journals. SELECTION CRITERIA: Review studies were selected on the basis that they reported on an applicable intervention (linked to ToM in one of four clearly-defined ways), presented new randomised controlled trial data, and participants had a confirmed diagnosis of an autism spectrum disorder. Studies were selected by two review authors independently and a third author arbitrated when necessary. DATA COLLECTION AND ANALYSIS: Risk of bias was evaluated and data were extracted by two review authors independently; a third author arbitrated when necessary. Most studies were not eligible for meta-analysis, the principal reason being mis-matching methodologies and outcome measures. Three small meta-analyses were carried out. MAIN RESULTS: Twenty-two randomised trials were included in the review (N = 695). Studies were highly variable in their country of origin, sample size, participant age, intervention delivery type, and outcome measures. Risk of bias was variable across categories. There were very few studies for which there was adequate blinding of participants and personnel, and some were also judged at high risk of bias in blinding of outcome assessors. There was also evidence of some bias in sequence generation and allocation concealment. Not all studies reported data that fell within the pre-defined primary outcome categories for the review, instead many studies reported measures which were intervention-specific (e.g. emotion recognition). The wide range of measures used within each outcome category and the mixed results from these measures introduced further complexity when interpreting results.Studies were grouped into four main categories according to intervention target/primary outcome measure. These were: emotion recognition studies, joint attention and social communication studies, imitation studies, and studies teaching ToM itself. Within the first two of these categories, a sub-set of studies were deemed suitable for meta-analysis for a limited number of key outcomes.There was very low quality evidence of a positive effect on measures of communication based on individual results from three studies. There was low quality evidence from 11 studies reporting mixed results of interventions on measures of social interaction, very low quality evidence from four studies reporting mixed results on measures of general communication, and very low quality evidence from four studies reporting mixed results on measures of ToM ability. The meta-analysis results we were able to generate showed that interventions targeting emotion recognition across age groups and working with people within the average range of intellectual ability had a positive effect on the target skill, measured by a test using photographs of faces (mean increase of 0.75 points, 95% confidence interval (CI) 0.22 to 1.29 points, Z = 2.75, P < 0.006, four studies, N = 105). Therapist-led joint attention interventions can promote production of more joint attention behaviours within adult-child interaction (mean increase of 0.55 points, 95% CI 0.11 to 0.99 points, Z = 2.45, P value = 0.01, two studies, N = 88). Further analysis undermines this conclusion somewhat by demonstrating that there was no clear evidence that intervention can have an effect on joint attention initiations as measured using a standardised assessment tool (mean increase of 0.23 points, 95% CI -0.48 to 0.94 points, Z = 0.63, P value = 0.53, three studies, N = 92). No adverse effects were apparent. AUTHORS' CONCLUSIONS: While there is some evidence that ToM, or a precursor skill, can be taught to people with ASD, there is little evidence of maintenance of that skill, generalisation to other settings, or developmental effects on related skills. Furthermore, inconsistency in findings and measurement means that evidence has been graded of 'very low' or 'low' quality and we cannot be confident that suggestions of positive effects will be sustained as high-quality evidence accumulates. Further longitudinal designs and larger samples are needed to help elucidate both the efficacy of ToM-linked interventions and the explanatory value of the ToM model itself. It is possible that the continuing refinement of the ToM model will lead to better interventions which have a greater impact on development than those investigated to date."
W1969730988,1,,,"Sleep duration in Chinese adolescents: biological, environmental, and behavioral predictors",cross-sectional,4801,Chinese adolescents aged 11-20 years,147,132,240,stated,adolescents aged 11-20 years,ok,not stated,,12,Abstract says 17 factors were associated but names only these; each named factor extracted separately.,weekday and weekend sleep,,not achieving optimal sleep duration,bad,unclear,51.0% and 9.8%,ok,51.0% of adolescents slept under 8 hours on weekdays and 9.8% on weekends.,"OBJECTIVE: To examine sleep duration-related risk factors from multidimensional domains among Chinese adolescents. METHODS: A random sample of 4801 adolescents aged 11-20 years participated in a cross-sectional survey. A self-reported questionnaire was used to collect information about the adolescents' sleep behaviors and possible related factors from eight domains. RESULTS: In all, 51.0% and 9.8% of adolescents did not achieve optimal sleep duration (defined as <8.0 h per day) on weekdays and on weekends, respectively. According to multivariate logistic regression models, after adjusting for all possible confounders, 17 factors were associated with sleep duration <8 h. Specifically, 13 factors from five domains were linked to physical and psychosocial condition, environment, and behaviors. These factors were overweight/obesity, chronic pain, bedtime anxiety/excitement/depression, bed/room sharing, school starting time earlier than 07:00, cram school learning, more time spent on homework on weekdays, television viewing ≥ 2 h/day, physical activity <1 h/day, irregular bedtime, and shorter sleep duration of father. CONCLUSION: Biological and psychosocial conditions, sleep environments, school schedules, daily activity and behaviors, and parents' sleep habits significantly may affect adolescents' sleep duration, indicating that the existing chronic sleep loss in adolescents could be, at least partly, intervened by improving adolescents' physical and psychosocial conditions, controlling visual screen exposure, regulating school schedules, improving sleep hygiene and daytime behaviors, and changing parents' sleep habits."
W1969730988,2,,,"Sleep duration in Chinese adolescents: biological, environmental, and behavioral predictors",cross-sectional,4801,Chinese adolescents aged 11-20 years,147,132,240,stated,adolescents aged 11-20 years,ok,not stated,,12,Abstract says 17 factors were associated but names only these; each named factor extracted separately.,overweight/obesity,,sleep duration <8 h per day,bad,increased,,,Overweight/obesity was associated with sleeping under 8 hours after adjustment.,"OBJECTIVE: To examine sleep duration-related risk factors from multidimensional domains among Chinese adolescents. METHODS: A random sample of 4801 adolescents aged 11-20 years participated in a cross-sectional survey. A self-reported questionnaire was used to collect information about the adolescents' sleep behaviors and possible related factors from eight domains. RESULTS: In all, 51.0% and 9.8% of adolescents did not achieve optimal sleep duration (defined as <8.0 h per day) on weekdays and on weekends, respectively. According to multivariate logistic regression models, after adjusting for all possible confounders, 17 factors were associated with sleep duration <8 h. Specifically, 13 factors from five domains were linked to physical and psychosocial condition, environment, and behaviors. These factors were overweight/obesity, chronic pain, bedtime anxiety/excitement/depression, bed/room sharing, school starting time earlier than 07:00, cram school learning, more time spent on homework on weekdays, television viewing ≥ 2 h/day, physical activity <1 h/day, irregular bedtime, and shorter sleep duration of father. CONCLUSION: Biological and psychosocial conditions, sleep environments, school schedules, daily activity and behaviors, and parents' sleep habits significantly may affect adolescents' sleep duration, indicating that the existing chronic sleep loss in adolescents could be, at least partly, intervened by improving adolescents' physical and psychosocial conditions, controlling visual screen exposure, regulating school schedules, improving sleep hygiene and daytime behaviors, and changing parents' sleep habits."
W1969730988,3,,,"Sleep duration in Chinese adolescents: biological, environmental, and behavioral predictors",cross-sectional,4801,Chinese adolescents aged 11-20 years,147,132,240,stated,adolescents aged 11-20 years,ok,not stated,,12,Abstract says 17 factors were associated but names only these; each named factor extracted separately.,chronic pain,,sleep duration <8 h per day,bad,increased,,,Chronic pain was associated with sleeping under 8 hours after adjustment.,"OBJECTIVE: To examine sleep duration-related risk factors from multidimensional domains among Chinese adolescents. METHODS: A random sample of 4801 adolescents aged 11-20 years participated in a cross-sectional survey. A self-reported questionnaire was used to collect information about the adolescents' sleep behaviors and possible related factors from eight domains. RESULTS: In all, 51.0% and 9.8% of adolescents did not achieve optimal sleep duration (defined as <8.0 h per day) on weekdays and on weekends, respectively. According to multivariate logistic regression models, after adjusting for all possible confounders, 17 factors were associated with sleep duration <8 h. Specifically, 13 factors from five domains were linked to physical and psychosocial condition, environment, and behaviors. These factors were overweight/obesity, chronic pain, bedtime anxiety/excitement/depression, bed/room sharing, school starting time earlier than 07:00, cram school learning, more time spent on homework on weekdays, television viewing ≥ 2 h/day, physical activity <1 h/day, irregular bedtime, and shorter sleep duration of father. CONCLUSION: Biological and psychosocial conditions, sleep environments, school schedules, daily activity and behaviors, and parents' sleep habits significantly may affect adolescents' sleep duration, indicating that the existing chronic sleep loss in adolescents could be, at least partly, intervened by improving adolescents' physical and psychosocial conditions, controlling visual screen exposure, regulating school schedules, improving sleep hygiene and daytime behaviors, and changing parents' sleep habits."
W1969730988,4,,,"Sleep duration in Chinese adolescents: biological, environmental, and behavioral predictors",cross-sectional,4801,Chinese adolescents aged 11-20 years,147,132,240,stated,adolescents aged 11-20 years,ok,not stated,,12,Abstract says 17 factors were associated but names only these; each named factor extracted separately.,bedtime anxiety/excitement/depression,,sleep duration <8 h per day,bad,increased,,,"Bedtime anxiety, excitement or depression was associated with short sleep.","OBJECTIVE: To examine sleep duration-related risk factors from multidimensional domains among Chinese adolescents. METHODS: A random sample of 4801 adolescents aged 11-20 years participated in a cross-sectional survey. A self-reported questionnaire was used to collect information about the adolescents' sleep behaviors and possible related factors from eight domains. RESULTS: In all, 51.0% and 9.8% of adolescents did not achieve optimal sleep duration (defined as <8.0 h per day) on weekdays and on weekends, respectively. According to multivariate logistic regression models, after adjusting for all possible confounders, 17 factors were associated with sleep duration <8 h. Specifically, 13 factors from five domains were linked to physical and psychosocial condition, environment, and behaviors. These factors were overweight/obesity, chronic pain, bedtime anxiety/excitement/depression, bed/room sharing, school starting time earlier than 07:00, cram school learning, more time spent on homework on weekdays, television viewing ≥ 2 h/day, physical activity <1 h/day, irregular bedtime, and shorter sleep duration of father. CONCLUSION: Biological and psychosocial conditions, sleep environments, school schedules, daily activity and behaviors, and parents' sleep habits significantly may affect adolescents' sleep duration, indicating that the existing chronic sleep loss in adolescents could be, at least partly, intervened by improving adolescents' physical and psychosocial conditions, controlling visual screen exposure, regulating school schedules, improving sleep hygiene and daytime behaviors, and changing parents' sleep habits."
W1969730988,5,,,"Sleep duration in Chinese adolescents: biological, environmental, and behavioral predictors",cross-sectional,4801,Chinese adolescents aged 11-20 years,147,132,240,stated,adolescents aged 11-20 years,ok,not stated,,12,Abstract says 17 factors were associated but names only these; each named factor extracted separately.,bed/room sharing,,sleep duration <8 h per day,bad,increased,,,Bed or room sharing was associated with sleeping under 8 hours.,"OBJECTIVE: To examine sleep duration-related risk factors from multidimensional domains among Chinese adolescents. METHODS: A random sample of 4801 adolescents aged 11-20 years participated in a cross-sectional survey. A self-reported questionnaire was used to collect information about the adolescents' sleep behaviors and possible related factors from eight domains. RESULTS: In all, 51.0% and 9.8% of adolescents did not achieve optimal sleep duration (defined as <8.0 h per day) on weekdays and on weekends, respectively. According to multivariate logistic regression models, after adjusting for all possible confounders, 17 factors were associated with sleep duration <8 h. Specifically, 13 factors from five domains were linked to physical and psychosocial condition, environment, and behaviors. These factors were overweight/obesity, chronic pain, bedtime anxiety/excitement/depression, bed/room sharing, school starting time earlier than 07:00, cram school learning, more time spent on homework on weekdays, television viewing ≥ 2 h/day, physical activity <1 h/day, irregular bedtime, and shorter sleep duration of father. CONCLUSION: Biological and psychosocial conditions, sleep environments, school schedules, daily activity and behaviors, and parents' sleep habits significantly may affect adolescents' sleep duration, indicating that the existing chronic sleep loss in adolescents could be, at least partly, intervened by improving adolescents' physical and psychosocial conditions, controlling visual screen exposure, regulating school schedules, improving sleep hygiene and daytime behaviors, and changing parents' sleep habits."
W1969730988,6,,,"Sleep duration in Chinese adolescents: biological, environmental, and behavioral predictors",cross-sectional,4801,Chinese adolescents aged 11-20 years,147,132,240,stated,adolescents aged 11-20 years,ok,not stated,,12,Abstract says 17 factors were associated but names only these; each named factor extracted separately.,school starting time earlier than 07:00,,sleep duration <8 h per day,bad,increased,,,School start before 07:00 was associated with short sleep.,"OBJECTIVE: To examine sleep duration-related risk factors from multidimensional domains among Chinese adolescents. METHODS: A random sample of 4801 adolescents aged 11-20 years participated in a cross-sectional survey. A self-reported questionnaire was used to collect information about the adolescents' sleep behaviors and possible related factors from eight domains. RESULTS: In all, 51.0% and 9.8% of adolescents did not achieve optimal sleep duration (defined as <8.0 h per day) on weekdays and on weekends, respectively. According to multivariate logistic regression models, after adjusting for all possible confounders, 17 factors were associated with sleep duration <8 h. Specifically, 13 factors from five domains were linked to physical and psychosocial condition, environment, and behaviors. These factors were overweight/obesity, chronic pain, bedtime anxiety/excitement/depression, bed/room sharing, school starting time earlier than 07:00, cram school learning, more time spent on homework on weekdays, television viewing ≥ 2 h/day, physical activity <1 h/day, irregular bedtime, and shorter sleep duration of father. CONCLUSION: Biological and psychosocial conditions, sleep environments, school schedules, daily activity and behaviors, and parents' sleep habits significantly may affect adolescents' sleep duration, indicating that the existing chronic sleep loss in adolescents could be, at least partly, intervened by improving adolescents' physical and psychosocial conditions, controlling visual screen exposure, regulating school schedules, improving sleep hygiene and daytime behaviors, and changing parents' sleep habits."
W1969730988,7,,,"Sleep duration in Chinese adolescents: biological, environmental, and behavioral predictors",cross-sectional,4801,Chinese adolescents aged 11-20 years,147,132,240,stated,adolescents aged 11-20 years,ok,not stated,,12,Abstract says 17 factors were associated but names only these; each named factor extracted separately.,cram school learning,,sleep duration <8 h per day,bad,increased,,,Cram school learning was associated with short sleep.,"OBJECTIVE: To examine sleep duration-related risk factors from multidimensional domains among Chinese adolescents. METHODS: A random sample of 4801 adolescents aged 11-20 years participated in a cross-sectional survey. A self-reported questionnaire was used to collect information about the adolescents' sleep behaviors and possible related factors from eight domains. RESULTS: In all, 51.0% and 9.8% of adolescents did not achieve optimal sleep duration (defined as <8.0 h per day) on weekdays and on weekends, respectively. According to multivariate logistic regression models, after adjusting for all possible confounders, 17 factors were associated with sleep duration <8 h. Specifically, 13 factors from five domains were linked to physical and psychosocial condition, environment, and behaviors. These factors were overweight/obesity, chronic pain, bedtime anxiety/excitement/depression, bed/room sharing, school starting time earlier than 07:00, cram school learning, more time spent on homework on weekdays, television viewing ≥ 2 h/day, physical activity <1 h/day, irregular bedtime, and shorter sleep duration of father. CONCLUSION: Biological and psychosocial conditions, sleep environments, school schedules, daily activity and behaviors, and parents' sleep habits significantly may affect adolescents' sleep duration, indicating that the existing chronic sleep loss in adolescents could be, at least partly, intervened by improving adolescents' physical and psychosocial conditions, controlling visual screen exposure, regulating school schedules, improving sleep hygiene and daytime behaviors, and changing parents' sleep habits."
W1969730988,8,,,"Sleep duration in Chinese adolescents: biological, environmental, and behavioral predictors",cross-sectional,4801,Chinese adolescents aged 11-20 years,147,132,240,stated,adolescents aged 11-20 years,ok,not stated,,12,Abstract says 17 factors were associated but names only these; each named factor extracted separately.,more time spent on homework on weekdays,,sleep duration <8 h per day,bad,increased,,,More weekday homework time was associated with short sleep.,"OBJECTIVE: To examine sleep duration-related risk factors from multidimensional domains among Chinese adolescents. METHODS: A random sample of 4801 adolescents aged 11-20 years participated in a cross-sectional survey. A self-reported questionnaire was used to collect information about the adolescents' sleep behaviors and possible related factors from eight domains. RESULTS: In all, 51.0% and 9.8% of adolescents did not achieve optimal sleep duration (defined as <8.0 h per day) on weekdays and on weekends, respectively. According to multivariate logistic regression models, after adjusting for all possible confounders, 17 factors were associated with sleep duration <8 h. Specifically, 13 factors from five domains were linked to physical and psychosocial condition, environment, and behaviors. These factors were overweight/obesity, chronic pain, bedtime anxiety/excitement/depression, bed/room sharing, school starting time earlier than 07:00, cram school learning, more time spent on homework on weekdays, television viewing ≥ 2 h/day, physical activity <1 h/day, irregular bedtime, and shorter sleep duration of father. CONCLUSION: Biological and psychosocial conditions, sleep environments, school schedules, daily activity and behaviors, and parents' sleep habits significantly may affect adolescents' sleep duration, indicating that the existing chronic sleep loss in adolescents could be, at least partly, intervened by improving adolescents' physical and psychosocial conditions, controlling visual screen exposure, regulating school schedules, improving sleep hygiene and daytime behaviors, and changing parents' sleep habits."
W1969730988,9,,,"Sleep duration in Chinese adolescents: biological, environmental, and behavioral predictors",cross-sectional,4801,Chinese adolescents aged 11-20 years,147,132,240,stated,adolescents aged 11-20 years,ok,not stated,,12,Abstract says 17 factors were associated but names only these; each named factor extracted separately.,television viewing >= 2 h/day,,sleep duration <8 h per day,bad,increased,,,Television viewing of 2 or more hours daily was associated with short sleep.,"OBJECTIVE: To examine sleep duration-related risk factors from multidimensional domains among Chinese adolescents. METHODS: A random sample of 4801 adolescents aged 11-20 years participated in a cross-sectional survey. A self-reported questionnaire was used to collect information about the adolescents' sleep behaviors and possible related factors from eight domains. RESULTS: In all, 51.0% and 9.8% of adolescents did not achieve optimal sleep duration (defined as <8.0 h per day) on weekdays and on weekends, respectively. According to multivariate logistic regression models, after adjusting for all possible confounders, 17 factors were associated with sleep duration <8 h. Specifically, 13 factors from five domains were linked to physical and psychosocial condition, environment, and behaviors. These factors were overweight/obesity, chronic pain, bedtime anxiety/excitement/depression, bed/room sharing, school starting time earlier than 07:00, cram school learning, more time spent on homework on weekdays, television viewing ≥ 2 h/day, physical activity <1 h/day, irregular bedtime, and shorter sleep duration of father. CONCLUSION: Biological and psychosocial conditions, sleep environments, school schedules, daily activity and behaviors, and parents' sleep habits significantly may affect adolescents' sleep duration, indicating that the existing chronic sleep loss in adolescents could be, at least partly, intervened by improving adolescents' physical and psychosocial conditions, controlling visual screen exposure, regulating school schedules, improving sleep hygiene and daytime behaviors, and changing parents' sleep habits."
W1969730988,10,,,"Sleep duration in Chinese adolescents: biological, environmental, and behavioral predictors",cross-sectional,4801,Chinese adolescents aged 11-20 years,147,132,240,stated,adolescents aged 11-20 years,ok,not stated,,12,Abstract says 17 factors were associated but names only these; each named factor extracted separately.,physical activity <1 h/day,,sleep duration <8 h per day,bad,increased,,,Less than 1 hour daily physical activity was associated with short sleep.,"OBJECTIVE: To examine sleep duration-related risk factors from multidimensional domains among Chinese adolescents. METHODS: A random sample of 4801 adolescents aged 11-20 years participated in a cross-sectional survey. A self-reported questionnaire was used to collect information about the adolescents' sleep behaviors and possible related factors from eight domains. RESULTS: In all, 51.0% and 9.8% of adolescents did not achieve optimal sleep duration (defined as <8.0 h per day) on weekdays and on weekends, respectively. According to multivariate logistic regression models, after adjusting for all possible confounders, 17 factors were associated with sleep duration <8 h. Specifically, 13 factors from five domains were linked to physical and psychosocial condition, environment, and behaviors. These factors were overweight/obesity, chronic pain, bedtime anxiety/excitement/depression, bed/room sharing, school starting time earlier than 07:00, cram school learning, more time spent on homework on weekdays, television viewing ≥ 2 h/day, physical activity <1 h/day, irregular bedtime, and shorter sleep duration of father. CONCLUSION: Biological and psychosocial conditions, sleep environments, school schedules, daily activity and behaviors, and parents' sleep habits significantly may affect adolescents' sleep duration, indicating that the existing chronic sleep loss in adolescents could be, at least partly, intervened by improving adolescents' physical and psychosocial conditions, controlling visual screen exposure, regulating school schedules, improving sleep hygiene and daytime behaviors, and changing parents' sleep habits."
W1969730988,11,,,"Sleep duration in Chinese adolescents: biological, environmental, and behavioral predictors",cross-sectional,4801,Chinese adolescents aged 11-20 years,147,132,240,stated,adolescents aged 11-20 years,ok,not stated,,12,Abstract says 17 factors were associated but names only these; each named factor extracted separately.,irregular bedtime,,sleep duration <8 h per day,bad,increased,,,Irregular bedtime was associated with sleeping under 8 hours.,"OBJECTIVE: To examine sleep duration-related risk factors from multidimensional domains among Chinese adolescents. METHODS: A random sample of 4801 adolescents aged 11-20 years participated in a cross-sectional survey. A self-reported questionnaire was used to collect information about the adolescents' sleep behaviors and possible related factors from eight domains. RESULTS: In all, 51.0% and 9.8% of adolescents did not achieve optimal sleep duration (defined as <8.0 h per day) on weekdays and on weekends, respectively. According to multivariate logistic regression models, after adjusting for all possible confounders, 17 factors were associated with sleep duration <8 h. Specifically, 13 factors from five domains were linked to physical and psychosocial condition, environment, and behaviors. These factors were overweight/obesity, chronic pain, bedtime anxiety/excitement/depression, bed/room sharing, school starting time earlier than 07:00, cram school learning, more time spent on homework on weekdays, television viewing ≥ 2 h/day, physical activity <1 h/day, irregular bedtime, and shorter sleep duration of father. CONCLUSION: Biological and psychosocial conditions, sleep environments, school schedules, daily activity and behaviors, and parents' sleep habits significantly may affect adolescents' sleep duration, indicating that the existing chronic sleep loss in adolescents could be, at least partly, intervened by improving adolescents' physical and psychosocial conditions, controlling visual screen exposure, regulating school schedules, improving sleep hygiene and daytime behaviors, and changing parents' sleep habits."
W1969730988,12,,,"Sleep duration in Chinese adolescents: biological, environmental, and behavioral predictors",cross-sectional,4801,Chinese adolescents aged 11-20 years,147,132,240,stated,adolescents aged 11-20 years,ok,not stated,,12,Abstract says 17 factors were associated but names only these; each named factor extracted separately.,shorter sleep duration of father,,sleep duration <8 h per day,bad,increased,,,Shorter paternal sleep duration was associated with adolescent short sleep.,"OBJECTIVE: To examine sleep duration-related risk factors from multidimensional domains among Chinese adolescents. METHODS: A random sample of 4801 adolescents aged 11-20 years participated in a cross-sectional survey. A self-reported questionnaire was used to collect information about the adolescents' sleep behaviors and possible related factors from eight domains. RESULTS: In all, 51.0% and 9.8% of adolescents did not achieve optimal sleep duration (defined as <8.0 h per day) on weekdays and on weekends, respectively. According to multivariate logistic regression models, after adjusting for all possible confounders, 17 factors were associated with sleep duration <8 h. Specifically, 13 factors from five domains were linked to physical and psychosocial condition, environment, and behaviors. These factors were overweight/obesity, chronic pain, bedtime anxiety/excitement/depression, bed/room sharing, school starting time earlier than 07:00, cram school learning, more time spent on homework on weekdays, television viewing ≥ 2 h/day, physical activity <1 h/day, irregular bedtime, and shorter sleep duration of father. CONCLUSION: Biological and psychosocial conditions, sleep environments, school schedules, daily activity and behaviors, and parents' sleep habits significantly may affect adolescents' sleep duration, indicating that the existing chronic sleep loss in adolescents could be, at least partly, intervened by improving adolescents' physical and psychosocial conditions, controlling visual screen exposure, regulating school schedules, improving sleep hygiene and daytime behaviors, and changing parents' sleep habits."
W2051036333,1,,,Ecological studies of relation between hospital policies on neonatal vitamin K administration and subsequent occurrence of childhood cancer,other,not stated,children born in large UK maternity units 1966-1991,45,0,0,inferred,intramuscular vitamin K given to newborns,ok,not stated,intramuscular vitamin K given to babies is known to be effective in the prevention of vitamin K deficiency bleeding | it had been previously suggested that neonatal vitamin K may double the risk of childhood cancer,1,"Ecological design comparing hospital policies, coded 'other'; exposure at birth so 0-0 months; a small increased risk could not be excluded.",hospital policy of non-selective intramuscular vitamin K at birth,selective vitamin K policy,childhood cancer before age 15,bad,no_change,,,Overall results were not significant and gave no evidence for the suggested doubling of childhood cancer risk from intramuscular vitamin K.,"Abstract Objective: To investigate the possible link between neonatal administration of intramuscular vitamin K and childhood cancer. Design: Ecological studies comparing incidence of cancer in groups of children classified by the vitamin K policy in operation at their hospital of birth. Setting: Selected large maternity units in England, Scotland, and Wales. Subjects: Children born in these units in varying periods between 1966 and 1991. Main outcome measures: Cancer occurring among these children before age 15 years identified by using the National Registry of Childhood Tumours. Ratios of observed to expected numbers of these conditions calculated for hospitals where the policy was to give all babies intramuscular vitamin K (non-selective) and where the policy was to use this treatment only for a selected minority of babies at increased risk of vitamin K deficiency bleeding (selective). Results: These ratios were calculated for children born in 94 hospitals with varying vitamin K policies. A raised risk was occasionally associated with vitamin K, but the overall results were not significant, and there was no evidence to support the previously suggested doubling of the risk of childhood cancer. Conclusions: On the basis of the results reported here it is unlikely that there is a greatly increased risk of childhood cancer attributable to intramuscular vitamin K given to newborns, if indeed there is any. Key messages Intramuscular vitamin K given to babies is known to be effective in the prevention of vitamin K deficiency bleeding but it has been suggested that these preparations, or one of their constituents, may increase the risk of childhood cancer Most studies have not shown a significant association between childhood cancer and vitamin K but are unable to exclude the possibility that its use increases the risk of childhood cancer by up to 10% Intramuscular vitamin K has been given to “high risk” babies as part of all the various prophylaxis policies in the United Kingdom; this should continue As a small risk cannot at present be excluded it seems prudent to recommend a policy of giving intramuscular vitamin K only to those babies at particularly high risk and giving it orally to others It is essential that a record should be made of whether or not vitamin K is given and of the preparation, route of administration, and dose"
W2052632380,1,,,"Changes in the epidemiological pattern of sudden infant death syndrome in southeast Norway, 1984–1998: implications for future prevention and research",case-control,549,"SIDS infants and matched controls, southeast Norway",116,,,unknown,,,not stated,,4,"Sample is 174 SIDS cases plus 375 controls; findings describe changing risk-factor profile over 1984-1998, mostly without effect sizes.",prone sleeping,,sudden infant death syndrome,bad,increased,,,"Prone sleeping declined with the SIDS rate, but over half of SIDS victims were still found prone.","AIM: To look for changes in risk factors for sudden infant death syndrome (SIDS) after decrease and stabilisation of the SIDS rate. METHODS: Questionnaires were distributed to parents of 174 SIDS infants, dying between 1984 and 1998, and 375 age and sex matched controls in southeast Norway. RESULTS: The proportion of infants sleeping prone has decreased, along with the decrease in SIDS rate for the region during the periods studied, but over half of the SIDS victims are still found in the prone position. As the number of SIDS cases has decreased, additional risk factors have become more significant. Thus, after 1993, a significantly increased risk of SIDS is seen when the mother smokes during pregnancy. After 1993, young maternal age carries an increased risk. Maternal smoking and young maternal age are associated with each other. For SIDS victims, an increase in the number of infants found dead while co-sleeping is seen, and the age peak between 2 and 4 months and the winter peak have become less pronounced. CONCLUSION: Changes in risk factor profile following the decrease in SIDS rate in the early 1990s, as well as consistency of other factors, provides further clues to SIDS prevention and to the direction of further studies of death mechanisms."
W2052632380,2,,,"Changes in the epidemiological pattern of sudden infant death syndrome in southeast Norway, 1984–1998: implications for future prevention and research",case-control,549,"SIDS infants and matched controls, southeast Norway",116,,,unknown,,,not stated,,4,"Sample is 174 SIDS cases plus 375 controls; findings describe changing risk-factor profile over 1984-1998, mostly without effect sizes.",maternal smoking during pregnancy,non-smoking mothers,sudden infant death syndrome,bad,increased,,,"After 1993, maternal smoking during pregnancy carried a significantly increased SIDS risk.","AIM: To look for changes in risk factors for sudden infant death syndrome (SIDS) after decrease and stabilisation of the SIDS rate. METHODS: Questionnaires were distributed to parents of 174 SIDS infants, dying between 1984 and 1998, and 375 age and sex matched controls in southeast Norway. RESULTS: The proportion of infants sleeping prone has decreased, along with the decrease in SIDS rate for the region during the periods studied, but over half of the SIDS victims are still found in the prone position. As the number of SIDS cases has decreased, additional risk factors have become more significant. Thus, after 1993, a significantly increased risk of SIDS is seen when the mother smokes during pregnancy. After 1993, young maternal age carries an increased risk. Maternal smoking and young maternal age are associated with each other. For SIDS victims, an increase in the number of infants found dead while co-sleeping is seen, and the age peak between 2 and 4 months and the winter peak have become less pronounced. CONCLUSION: Changes in risk factor profile following the decrease in SIDS rate in the early 1990s, as well as consistency of other factors, provides further clues to SIDS prevention and to the direction of further studies of death mechanisms."
W2052632380,3,,,"Changes in the epidemiological pattern of sudden infant death syndrome in southeast Norway, 1984–1998: implications for future prevention and research",case-control,549,"SIDS infants and matched controls, southeast Norway",116,,,unknown,,,not stated,,4,"Sample is 174 SIDS cases plus 375 controls; findings describe changing risk-factor profile over 1984-1998, mostly without effect sizes.",young maternal age,older mothers,sudden infant death syndrome,bad,increased,,,"After 1993, young maternal age carried an increased SIDS risk, associated with maternal smoking.","AIM: To look for changes in risk factors for sudden infant death syndrome (SIDS) after decrease and stabilisation of the SIDS rate. METHODS: Questionnaires were distributed to parents of 174 SIDS infants, dying between 1984 and 1998, and 375 age and sex matched controls in southeast Norway. RESULTS: The proportion of infants sleeping prone has decreased, along with the decrease in SIDS rate for the region during the periods studied, but over half of the SIDS victims are still found in the prone position. As the number of SIDS cases has decreased, additional risk factors have become more significant. Thus, after 1993, a significantly increased risk of SIDS is seen when the mother smokes during pregnancy. After 1993, young maternal age carries an increased risk. Maternal smoking and young maternal age are associated with each other. For SIDS victims, an increase in the number of infants found dead while co-sleeping is seen, and the age peak between 2 and 4 months and the winter peak have become less pronounced. CONCLUSION: Changes in risk factor profile following the decrease in SIDS rate in the early 1990s, as well as consistency of other factors, provides further clues to SIDS prevention and to the direction of further studies of death mechanisms."
W2052632380,4,,,"Changes in the epidemiological pattern of sudden infant death syndrome in southeast Norway, 1984–1998: implications for future prevention and research",case-control,549,"SIDS infants and matched controls, southeast Norway",116,,,unknown,,,not stated,,4,"Sample is 174 SIDS cases plus 375 controls; findings describe changing risk-factor profile over 1984-1998, mostly without effect sizes.",co-sleeping,,infants found dead while co-sleeping,bad,increased,,,An increase in the number of SIDS infants found dead while co-sleeping was seen over the period.,"AIM: To look for changes in risk factors for sudden infant death syndrome (SIDS) after decrease and stabilisation of the SIDS rate. METHODS: Questionnaires were distributed to parents of 174 SIDS infants, dying between 1984 and 1998, and 375 age and sex matched controls in southeast Norway. RESULTS: The proportion of infants sleeping prone has decreased, along with the decrease in SIDS rate for the region during the periods studied, but over half of the SIDS victims are still found in the prone position. As the number of SIDS cases has decreased, additional risk factors have become more significant. Thus, after 1993, a significantly increased risk of SIDS is seen when the mother smokes during pregnancy. After 1993, young maternal age carries an increased risk. Maternal smoking and young maternal age are associated with each other. For SIDS victims, an increase in the number of infants found dead while co-sleeping is seen, and the age peak between 2 and 4 months and the winter peak have become less pronounced. CONCLUSION: Changes in risk factor profile following the decrease in SIDS rate in the early 1990s, as well as consistency of other factors, provides further clues to SIDS prevention and to the direction of further studies of death mechanisms."
W2067755214,1,,,CSF Levels of Hypocretin-1 (Orexin-A) Peak during Early Infancy in Humans,cross-sectional,319,"preterm and term infants and children, tertiary hospital",23,0,156,stated,in the first 4 months of life and 35 older children (ages 0.5-13 years),ok,not stated,hypocretin-1 levels in the cerebrospinal fluid are stable after infancy,2,"284 infants plus 35 older children sampled; 108 neurologically intact participants analyzed; ages given include gestational weeks, postnatal range used here.",increasing age from third trimester through early infancy,,CSF hypocretin-1 concentration,unclear,increased,r = 0.6,ok,CSF hypocretin-1 increased linearly during the third trimester and early infancy.,"STUDY OBJECTIVES: Hypocretin (orexin) is a unique neuropeptide involved in the consolidation of wakefulness and sleep. Although hypocretin-1 levels in the cerebrospinal fluid (CSF) are stable after infancy, how levels change in preterm and term human infants is unknown. DESIGN, PATIENTS, AND SETTING: Hypocretin-1 levels were measured in CSF samples, obtained from 284 preterm (25-37 gestational weeks) and full-term infants in the first 4 months of life and 35 older children (ages 0.5-13 years), in a tertiary hospital. MEASUREMENTS AND RESULTS: Detailed clinical and laboratory data were collected for each of the 319 participants. Based on that data, 108 neurologically intact children were selected (95 infants [43 preterm and 52 term] and 13 older children). CSF hypocretin-1 was measured by direct radioimmunoassay. Hypocretin-1 levels at the first weeks of the 3rd embryonic trimester (gestational age [GA] 28-34 weeks) were 314 ± 65 pg/mL (n = 17). The levels linearly increased during the third trimester and early infancy (r = 0.6), peaking in infants of 2-4 months ages (476 ± 72 pg/mL; n = 16) and decreasing thereafter; hypocretin levels in 2- to 4-month-old infants were significantly higher than those in children 0.5-13 years old (353 ± 78 pg/mL, n = 13; P = 0.0001). CONCLUSIONS: The present findings indicate that in human infants, CSF hypocretin-1 increases during the third embryonic trimester and is highest at 4 months of life. Thereafter, and consistent with previously published results, hypocretin levels are lower and stable until the geriatric age. This pattern may reflect the role of hypocretin in the dramatic process of sleep and wakefulness consolidation that occurs during early infancy."
W2067755214,2,,,CSF Levels of Hypocretin-1 (Orexin-A) Peak during Early Infancy in Humans,cross-sectional,319,"preterm and term infants and children, tertiary hospital",23,0,156,stated,in the first 4 months of life and 35 older children (ages 0.5-13 years),ok,not stated,hypocretin-1 levels in the cerebrospinal fluid are stable after infancy,2,"284 infants plus 35 older children sampled; 108 neurologically intact participants analyzed; ages given include gestational weeks, postnatal range used here.",age 2-4 months,children aged 0.5-13 years,CSF hypocretin-1 concentration,unclear,increased,476 ± 72 pg/mL,ok,Hypocretin-1 peaked at 2-4 months and was significantly higher than in older children (P = 0.0001).,"STUDY OBJECTIVES: Hypocretin (orexin) is a unique neuropeptide involved in the consolidation of wakefulness and sleep. Although hypocretin-1 levels in the cerebrospinal fluid (CSF) are stable after infancy, how levels change in preterm and term human infants is unknown. DESIGN, PATIENTS, AND SETTING: Hypocretin-1 levels were measured in CSF samples, obtained from 284 preterm (25-37 gestational weeks) and full-term infants in the first 4 months of life and 35 older children (ages 0.5-13 years), in a tertiary hospital. MEASUREMENTS AND RESULTS: Detailed clinical and laboratory data were collected for each of the 319 participants. Based on that data, 108 neurologically intact children were selected (95 infants [43 preterm and 52 term] and 13 older children). CSF hypocretin-1 was measured by direct radioimmunoassay. Hypocretin-1 levels at the first weeks of the 3rd embryonic trimester (gestational age [GA] 28-34 weeks) were 314 ± 65 pg/mL (n = 17). The levels linearly increased during the third trimester and early infancy (r = 0.6), peaking in infants of 2-4 months ages (476 ± 72 pg/mL; n = 16) and decreasing thereafter; hypocretin levels in 2- to 4-month-old infants were significantly higher than those in children 0.5-13 years old (353 ± 78 pg/mL, n = 13; P = 0.0001). CONCLUSIONS: The present findings indicate that in human infants, CSF hypocretin-1 increases during the third embryonic trimester and is highest at 4 months of life. Thereafter, and consistent with previously published results, hypocretin levels are lower and stable until the geriatric age. This pattern may reflect the role of hypocretin in the dramatic process of sleep and wakefulness consolidation that occurs during early infancy."
W2096228542,1,,,Bed-Sharing in the Absence of Hazardous Circumstances: Is There a Risk of Sudden Infant Death Syndrome? An Analysis from Two Case-Control Studies Conducted in the UK,case-control,1786,"SIDS infants and controls, England, UK",199,,,unknown,,,not stated,,7,Sample is 400 SIDS cases plus 1386 controls; smoking finding significant only under 3 months.,co-sleeping with an adult,not co-sleeping at reference sleep,sudden infant death syndrome,bad,increased,OR = 3.9 [95% CI: 2.7-5.6],ok,36% of SIDS infants were co-sleeping at death versus 15% of controls after the reference sleep.,"OBJECTIVE: The risk of sudden infant death syndrome (SIDS) among infants who co-sleep in the absence of hazardous circumstances is unclear and needs to be quantified. DESIGN: Combined individual-analysis of two population-based case-control studies of SIDS infants and controls comparable for age and time of last sleep. SETTING: Parents of 400 SIDS infants and 1386 controls provided information from five English health regions between 1993-6 (population: 17.7 million) and one of these regions between 2003-6 (population:4.9 million). RESULTS: Over a third of SIDS infants (36%) were found co-sleeping with an adult at the time of death compared to 15% of control infants after the reference sleep (multivariate OR = 3.9 [95% CI: 2.7-5.6]). The multivariable risk associated with co-sleeping on a sofa (OR = 18.3 [95% CI: 7.1-47.4]) or next to a parent who drank more than two units of alcohol (OR = 18.3 [95% CI: 7.7-43.5]) was very high and significant for infants of all ages. The risk associated with co-sleeping next to someone who smoked was significant for infants under 3 months old (OR = 8.9 [95% CI: 5.3-15.1]) but not for older infants (OR = 1.4 [95% CI: 0.7-2.8]). The multivariable risk associated with bed-sharing in the absence of these hazards was not significant overall (OR = 1.1 [95% CI: 0.6-2.0]), for infants less than 3 months old (OR = 1.6 [95% CI: 0.96-2.7]), and was in the direction of protection for older infants (OR = 0.1 [95% CI: 0.01-0.5]). Dummy use was associated with a lower risk of SIDS only among co-sleepers and prone sleeping was a higher risk only among infants sleeping alone. CONCLUSION: These findings support a public health strategy that underlines specific hazardous co-sleeping environments parents should avoid. Sofa-sharing is not a safe alternative to bed-sharing and bed-sharing should be avoided if parents consume alcohol, smoke or take drugs or if the infant is pre-term."
W2096228542,2,,,Bed-Sharing in the Absence of Hazardous Circumstances: Is There a Risk of Sudden Infant Death Syndrome? An Analysis from Two Case-Control Studies Conducted in the UK,case-control,1786,"SIDS infants and controls, England, UK",199,,,unknown,,,not stated,,7,Sample is 400 SIDS cases plus 1386 controls; smoking finding significant only under 3 months.,co-sleeping on a sofa,not co-sleeping,sudden infant death syndrome,bad,increased,OR = 18.3 [95% CI: 7.1-47.4],ok,"Sofa-sharing carried a very high SIDS risk, significant for infants of all ages.","OBJECTIVE: The risk of sudden infant death syndrome (SIDS) among infants who co-sleep in the absence of hazardous circumstances is unclear and needs to be quantified. DESIGN: Combined individual-analysis of two population-based case-control studies of SIDS infants and controls comparable for age and time of last sleep. SETTING: Parents of 400 SIDS infants and 1386 controls provided information from five English health regions between 1993-6 (population: 17.7 million) and one of these regions between 2003-6 (population:4.9 million). RESULTS: Over a third of SIDS infants (36%) were found co-sleeping with an adult at the time of death compared to 15% of control infants after the reference sleep (multivariate OR = 3.9 [95% CI: 2.7-5.6]). The multivariable risk associated with co-sleeping on a sofa (OR = 18.3 [95% CI: 7.1-47.4]) or next to a parent who drank more than two units of alcohol (OR = 18.3 [95% CI: 7.7-43.5]) was very high and significant for infants of all ages. The risk associated with co-sleeping next to someone who smoked was significant for infants under 3 months old (OR = 8.9 [95% CI: 5.3-15.1]) but not for older infants (OR = 1.4 [95% CI: 0.7-2.8]). The multivariable risk associated with bed-sharing in the absence of these hazards was not significant overall (OR = 1.1 [95% CI: 0.6-2.0]), for infants less than 3 months old (OR = 1.6 [95% CI: 0.96-2.7]), and was in the direction of protection for older infants (OR = 0.1 [95% CI: 0.01-0.5]). Dummy use was associated with a lower risk of SIDS only among co-sleepers and prone sleeping was a higher risk only among infants sleeping alone. CONCLUSION: These findings support a public health strategy that underlines specific hazardous co-sleeping environments parents should avoid. Sofa-sharing is not a safe alternative to bed-sharing and bed-sharing should be avoided if parents consume alcohol, smoke or take drugs or if the infant is pre-term."
W2096228542,3,,,Bed-Sharing in the Absence of Hazardous Circumstances: Is There a Risk of Sudden Infant Death Syndrome? An Analysis from Two Case-Control Studies Conducted in the UK,case-control,1786,"SIDS infants and controls, England, UK",199,,,unknown,,,not stated,,7,Sample is 400 SIDS cases plus 1386 controls; smoking finding significant only under 3 months.,co-sleeping next to a parent who drank more than two units of alcohol,not co-sleeping,sudden infant death syndrome,bad,increased,OR = 18.3 [95% CI: 7.7-43.5],ok,Co-sleeping next to a parent who drank over two units of alcohol carried very high SIDS risk at all ages.,"OBJECTIVE: The risk of sudden infant death syndrome (SIDS) among infants who co-sleep in the absence of hazardous circumstances is unclear and needs to be quantified. DESIGN: Combined individual-analysis of two population-based case-control studies of SIDS infants and controls comparable for age and time of last sleep. SETTING: Parents of 400 SIDS infants and 1386 controls provided information from five English health regions between 1993-6 (population: 17.7 million) and one of these regions between 2003-6 (population:4.9 million). RESULTS: Over a third of SIDS infants (36%) were found co-sleeping with an adult at the time of death compared to 15% of control infants after the reference sleep (multivariate OR = 3.9 [95% CI: 2.7-5.6]). The multivariable risk associated with co-sleeping on a sofa (OR = 18.3 [95% CI: 7.1-47.4]) or next to a parent who drank more than two units of alcohol (OR = 18.3 [95% CI: 7.7-43.5]) was very high and significant for infants of all ages. The risk associated with co-sleeping next to someone who smoked was significant for infants under 3 months old (OR = 8.9 [95% CI: 5.3-15.1]) but not for older infants (OR = 1.4 [95% CI: 0.7-2.8]). The multivariable risk associated with bed-sharing in the absence of these hazards was not significant overall (OR = 1.1 [95% CI: 0.6-2.0]), for infants less than 3 months old (OR = 1.6 [95% CI: 0.96-2.7]), and was in the direction of protection for older infants (OR = 0.1 [95% CI: 0.01-0.5]). Dummy use was associated with a lower risk of SIDS only among co-sleepers and prone sleeping was a higher risk only among infants sleeping alone. CONCLUSION: These findings support a public health strategy that underlines specific hazardous co-sleeping environments parents should avoid. Sofa-sharing is not a safe alternative to bed-sharing and bed-sharing should be avoided if parents consume alcohol, smoke or take drugs or if the infant is pre-term."
W2096228542,4,,,Bed-Sharing in the Absence of Hazardous Circumstances: Is There a Risk of Sudden Infant Death Syndrome? An Analysis from Two Case-Control Studies Conducted in the UK,case-control,1786,"SIDS infants and controls, England, UK",199,,,unknown,,,not stated,,7,Sample is 400 SIDS cases plus 1386 controls; smoking finding significant only under 3 months.,co-sleeping next to someone who smoked,not co-sleeping,sudden infant death syndrome,bad,increased,OR = 8.9 [95% CI: 5.3-15.1],ok,Risk was significant for infants under 3 months but not older infants (OR 1.4 [0.7-2.8]).,"OBJECTIVE: The risk of sudden infant death syndrome (SIDS) among infants who co-sleep in the absence of hazardous circumstances is unclear and needs to be quantified. DESIGN: Combined individual-analysis of two population-based case-control studies of SIDS infants and controls comparable for age and time of last sleep. SETTING: Parents of 400 SIDS infants and 1386 controls provided information from five English health regions between 1993-6 (population: 17.7 million) and one of these regions between 2003-6 (population:4.9 million). RESULTS: Over a third of SIDS infants (36%) were found co-sleeping with an adult at the time of death compared to 15% of control infants after the reference sleep (multivariate OR = 3.9 [95% CI: 2.7-5.6]). The multivariable risk associated with co-sleeping on a sofa (OR = 18.3 [95% CI: 7.1-47.4]) or next to a parent who drank more than two units of alcohol (OR = 18.3 [95% CI: 7.7-43.5]) was very high and significant for infants of all ages. The risk associated with co-sleeping next to someone who smoked was significant for infants under 3 months old (OR = 8.9 [95% CI: 5.3-15.1]) but not for older infants (OR = 1.4 [95% CI: 0.7-2.8]). The multivariable risk associated with bed-sharing in the absence of these hazards was not significant overall (OR = 1.1 [95% CI: 0.6-2.0]), for infants less than 3 months old (OR = 1.6 [95% CI: 0.96-2.7]), and was in the direction of protection for older infants (OR = 0.1 [95% CI: 0.01-0.5]). Dummy use was associated with a lower risk of SIDS only among co-sleepers and prone sleeping was a higher risk only among infants sleeping alone. CONCLUSION: These findings support a public health strategy that underlines specific hazardous co-sleeping environments parents should avoid. Sofa-sharing is not a safe alternative to bed-sharing and bed-sharing should be avoided if parents consume alcohol, smoke or take drugs or if the infant is pre-term."
W2096228542,5,,,Bed-Sharing in the Absence of Hazardous Circumstances: Is There a Risk of Sudden Infant Death Syndrome? An Analysis from Two Case-Control Studies Conducted in the UK,case-control,1786,"SIDS infants and controls, England, UK",199,,,unknown,,,not stated,,7,Sample is 400 SIDS cases plus 1386 controls; smoking finding significant only under 3 months.,bed-sharing in the absence of hazards,not co-sleeping,sudden infant death syndrome,bad,no_change,OR = 1.1 [95% CI: 0.6-2.0],ok,"Bed-sharing without alcohol, smoking or sofa hazards was not significantly associated with SIDS overall; protective in older infants (OR 0.1).","OBJECTIVE: The risk of sudden infant death syndrome (SIDS) among infants who co-sleep in the absence of hazardous circumstances is unclear and needs to be quantified. DESIGN: Combined individual-analysis of two population-based case-control studies of SIDS infants and controls comparable for age and time of last sleep. SETTING: Parents of 400 SIDS infants and 1386 controls provided information from five English health regions between 1993-6 (population: 17.7 million) and one of these regions between 2003-6 (population:4.9 million). RESULTS: Over a third of SIDS infants (36%) were found co-sleeping with an adult at the time of death compared to 15% of control infants after the reference sleep (multivariate OR = 3.9 [95% CI: 2.7-5.6]). The multivariable risk associated with co-sleeping on a sofa (OR = 18.3 [95% CI: 7.1-47.4]) or next to a parent who drank more than two units of alcohol (OR = 18.3 [95% CI: 7.7-43.5]) was very high and significant for infants of all ages. The risk associated with co-sleeping next to someone who smoked was significant for infants under 3 months old (OR = 8.9 [95% CI: 5.3-15.1]) but not for older infants (OR = 1.4 [95% CI: 0.7-2.8]). The multivariable risk associated with bed-sharing in the absence of these hazards was not significant overall (OR = 1.1 [95% CI: 0.6-2.0]), for infants less than 3 months old (OR = 1.6 [95% CI: 0.96-2.7]), and was in the direction of protection for older infants (OR = 0.1 [95% CI: 0.01-0.5]). Dummy use was associated with a lower risk of SIDS only among co-sleepers and prone sleeping was a higher risk only among infants sleeping alone. CONCLUSION: These findings support a public health strategy that underlines specific hazardous co-sleeping environments parents should avoid. Sofa-sharing is not a safe alternative to bed-sharing and bed-sharing should be avoided if parents consume alcohol, smoke or take drugs or if the infant is pre-term."
W2096228542,6,,,Bed-Sharing in the Absence of Hazardous Circumstances: Is There a Risk of Sudden Infant Death Syndrome? An Analysis from Two Case-Control Studies Conducted in the UK,case-control,1786,"SIDS infants and controls, England, UK",199,,,unknown,,,not stated,,7,Sample is 400 SIDS cases plus 1386 controls; smoking finding significant only under 3 months.,dummy use,no dummy use,sudden infant death syndrome,bad,decreased,,,Dummy use was associated with lower SIDS risk only among co-sleepers.,"OBJECTIVE: The risk of sudden infant death syndrome (SIDS) among infants who co-sleep in the absence of hazardous circumstances is unclear and needs to be quantified. DESIGN: Combined individual-analysis of two population-based case-control studies of SIDS infants and controls comparable for age and time of last sleep. SETTING: Parents of 400 SIDS infants and 1386 controls provided information from five English health regions between 1993-6 (population: 17.7 million) and one of these regions between 2003-6 (population:4.9 million). RESULTS: Over a third of SIDS infants (36%) were found co-sleeping with an adult at the time of death compared to 15% of control infants after the reference sleep (multivariate OR = 3.9 [95% CI: 2.7-5.6]). The multivariable risk associated with co-sleeping on a sofa (OR = 18.3 [95% CI: 7.1-47.4]) or next to a parent who drank more than two units of alcohol (OR = 18.3 [95% CI: 7.7-43.5]) was very high and significant for infants of all ages. The risk associated with co-sleeping next to someone who smoked was significant for infants under 3 months old (OR = 8.9 [95% CI: 5.3-15.1]) but not for older infants (OR = 1.4 [95% CI: 0.7-2.8]). The multivariable risk associated with bed-sharing in the absence of these hazards was not significant overall (OR = 1.1 [95% CI: 0.6-2.0]), for infants less than 3 months old (OR = 1.6 [95% CI: 0.96-2.7]), and was in the direction of protection for older infants (OR = 0.1 [95% CI: 0.01-0.5]). Dummy use was associated with a lower risk of SIDS only among co-sleepers and prone sleeping was a higher risk only among infants sleeping alone. CONCLUSION: These findings support a public health strategy that underlines specific hazardous co-sleeping environments parents should avoid. Sofa-sharing is not a safe alternative to bed-sharing and bed-sharing should be avoided if parents consume alcohol, smoke or take drugs or if the infant is pre-term."
W2096228542,7,,,Bed-Sharing in the Absence of Hazardous Circumstances: Is There a Risk of Sudden Infant Death Syndrome? An Analysis from Two Case-Control Studies Conducted in the UK,case-control,1786,"SIDS infants and controls, England, UK",199,,,unknown,,,not stated,,7,Sample is 400 SIDS cases plus 1386 controls; smoking finding significant only under 3 months.,prone sleeping,non-prone sleeping,sudden infant death syndrome,bad,increased,,,Prone sleeping was a higher SIDS risk only among infants sleeping alone.,"OBJECTIVE: The risk of sudden infant death syndrome (SIDS) among infants who co-sleep in the absence of hazardous circumstances is unclear and needs to be quantified. DESIGN: Combined individual-analysis of two population-based case-control studies of SIDS infants and controls comparable for age and time of last sleep. SETTING: Parents of 400 SIDS infants and 1386 controls provided information from five English health regions between 1993-6 (population: 17.7 million) and one of these regions between 2003-6 (population:4.9 million). RESULTS: Over a third of SIDS infants (36%) were found co-sleeping with an adult at the time of death compared to 15% of control infants after the reference sleep (multivariate OR = 3.9 [95% CI: 2.7-5.6]). The multivariable risk associated with co-sleeping on a sofa (OR = 18.3 [95% CI: 7.1-47.4]) or next to a parent who drank more than two units of alcohol (OR = 18.3 [95% CI: 7.7-43.5]) was very high and significant for infants of all ages. The risk associated with co-sleeping next to someone who smoked was significant for infants under 3 months old (OR = 8.9 [95% CI: 5.3-15.1]) but not for older infants (OR = 1.4 [95% CI: 0.7-2.8]). The multivariable risk associated with bed-sharing in the absence of these hazards was not significant overall (OR = 1.1 [95% CI: 0.6-2.0]), for infants less than 3 months old (OR = 1.6 [95% CI: 0.96-2.7]), and was in the direction of protection for older infants (OR = 0.1 [95% CI: 0.01-0.5]). Dummy use was associated with a lower risk of SIDS only among co-sleepers and prone sleeping was a higher risk only among infants sleeping alone. CONCLUSION: These findings support a public health strategy that underlines specific hazardous co-sleeping environments parents should avoid. Sofa-sharing is not a safe alternative to bed-sharing and bed-sharing should be avoided if parents consume alcohol, smoke or take drugs or if the infant is pre-term."
W2105687506,1,,,100 Unintended consequences of policies to improve the energy efficiency of the UK housing stock,review,not stated,UK housing stock (not a human population),147,,,unknown,,,not stated,housing is a major sector contributing to the UK's greenhouse gas emissions,1,Not a paediatric paper; scoping review of housing policy.,energy efficiency measures applied to UK housing,,"unintended consequences for fabric, health, environment",bad,increased,more than 100 unintended consequences,ok,"Scoping review identified over 100 unintended consequences of energy efficiency policy, some negative, some co-benefits.","As a major sector contributing to the UK’s greenhouse gas (GHG) emissions, housing is an important focus of government policies to mitigate climate change. Current policy promotes the application of a variety of energy efficiency measures to a diverse building stock, which will likely lead to a wide range of unintended consequences. We have undertaken a scoping review identifying more than 100 unintended consequences impacting building fabric, population health and the environment, thus highlighting the urgent need for government and society to reconsider its approach. Many impacts are connected in complex relationships. Some are negative, others possibly co-benefits for other objectives. While there are likely to be unavoidable trade-offs between different domains affected and the emissions reduction policy, a more integrated approach to decision making could ensure co-benefits are optimised, negative impacts reduced and trade-offs are dealt with explicitly. Integrative methods can capture this complexity and support a dynamic understanding of the effects of policies over time, bringing together different kinds of knowledge in an improved decision-making process. We suggest that participatory systems dynamics with multi/inter-disciplinary stakeholders is likely to offer a useful route forward, supporting cross-sectorial policy optimisation that places reducing housing GHG emissions alongside other housing policy goals."
W2133028527,1,,,Emotion regulation strategies in offspring of childhood‐onset depressed mothers,cross-sectional,86,children of depressed and never-depressed mothers,286,48,84,stated,ages 4-7,ok,not stated,,2,"Observational lab comparison (49 COD, 37 NCOD offspring); country not stated.",maternal childhood-onset depression,never-depressed mothers,child focus on delay object or task,unclear,increased,,,COD offspring were more likely to focus on the delay object or task than NCOD offspring.,"BACKGROUND: This study examines emotion regulation strategies used by children of mothers with childhood-onset depression (COD) and children of never-depressed mothers (NCOD). METHODS: Participants were 49 COD offspring (ages 4-7) and 37 NCOD offspring (ages 4-7) and their mothers. Emotion regulation strategies were assessed observationally during a laboratory mood induction paradigm. RESULTS: COD offspring were more likely to focus on the delay object or task than NCOD offspring. Daughters of COD mothers were also more likely to wait passively and less likely to engage in active distraction than daughters of NCOD mothers. These findings were replicated using number of maternal depressive episodes. CONCLUSIONS: COD offspring, especially daughters, exhibit a more passive style of regulating emotion that may place them at risk for developing psychopathology."
W2133028527,2,,,Emotion regulation strategies in offspring of childhood‐onset depressed mothers,cross-sectional,86,children of depressed and never-depressed mothers,286,48,84,stated,ages 4-7,ok,not stated,,2,"Observational lab comparison (49 COD, 37 NCOD offspring); country not stated.",maternal childhood-onset depression (daughters),daughters of never-depressed mothers,"passive emotion regulation (passive waiting, less active distraction)",bad,increased,,,Daughters of COD mothers waited passively more and used active distraction less; replicated using number of maternal depressive episodes.,"BACKGROUND: This study examines emotion regulation strategies used by children of mothers with childhood-onset depression (COD) and children of never-depressed mothers (NCOD). METHODS: Participants were 49 COD offspring (ages 4-7) and 37 NCOD offspring (ages 4-7) and their mothers. Emotion regulation strategies were assessed observationally during a laboratory mood induction paradigm. RESULTS: COD offspring were more likely to focus on the delay object or task than NCOD offspring. Daughters of COD mothers were also more likely to wait passively and less likely to engage in active distraction than daughters of NCOD mothers. These findings were replicated using number of maternal depressive episodes. CONCLUSIONS: COD offspring, especially daughters, exhibit a more passive style of regulating emotion that may place them at risk for developing psychopathology."
W2136728855,1,,,The introduction of solids in relation to asthma and eczema,cohort,642,children followed from birth to age 5.5 years,189,0,12,inferred,Introduction of solids as main exposure measure was assessed retrospectively at age 1 year,ok,not stated,current feeding guidelines recommend delayed introduction of solids for the prevention of asthma and allergy despite scarce scientific evidence,5,"Country not stated in abstract; solids introduced within the first year, assessed retrospectively at age 1, so exposure window inferred as 0-12 months.",late introduction of solids,earlier introduction,"preschool wheezing, transient wheezing, atopy, eczema",bad,no_change,,,"No evidence that late introduction of solids protects against wheezing, atopy or eczema at age 5-5.5 years.","BACKGROUND: Despite scarce scientific evidence, current feeding guidelines recommend delayed introduction of solids for the prevention of asthma and allergy. AIMS: To explore whether late introduction of solids is protective against the development of asthma, eczema, and atopy. METHODS: A total of 642 children were recruited before birth and followed to the age of 5(1/2) years. Main outcome measures were: doctor's diagnosis of eczema ever, atopy according to skin prick test results against inhalant allergens, preschool wheezing, transient wheezing, all defined at age 5-5(1/2) years. Introduction of solids as main exposure measure was assessed retrospectively at age 1 year. RESULTS: There was no evidence for a protective effect of late introduction of solids for the development of preschool wheezing, transient wheezing, atopy, or eczema. On the contrary, there was a statistically significant increased risk of eczema in relation to late introduction of egg (aOR 1.6, 95% CI 1.1 to 2.4) and milk (aOR 1.7, 95% CI 1.1 to 2.5). Late introduction of egg was furthermore associated with a non-significant increased risk of preschool wheezing (aOR 1.5, 95% CI 0.92 to 2.4). There was no statistical evidence of feeding practices playing a different role in the development of asthma and eczema after stratification for parental asthma and atopy status. CONCLUSIONS: Results do not support the recommendations given by present feeding guidelines stating that a delayed introduction of solids is protective against the development of asthma and allergy."
W2136728855,2,,,The introduction of solids in relation to asthma and eczema,cohort,642,children followed from birth to age 5.5 years,189,0,12,inferred,Introduction of solids as main exposure measure was assessed retrospectively at age 1 year,ok,not stated,current feeding guidelines recommend delayed introduction of solids for the prevention of asthma and allergy despite scarce scientific evidence,5,"Country not stated in abstract; solids introduced within the first year, assessed retrospectively at age 1, so exposure window inferred as 0-12 months.",late introduction of egg,earlier egg introduction,eczema,bad,increased,"aOR 1.6, 95% CI 1.1 to 2.4",ok,Late egg introduction was associated with a significantly increased risk of eczema.,"BACKGROUND: Despite scarce scientific evidence, current feeding guidelines recommend delayed introduction of solids for the prevention of asthma and allergy. AIMS: To explore whether late introduction of solids is protective against the development of asthma, eczema, and atopy. METHODS: A total of 642 children were recruited before birth and followed to the age of 5(1/2) years. Main outcome measures were: doctor's diagnosis of eczema ever, atopy according to skin prick test results against inhalant allergens, preschool wheezing, transient wheezing, all defined at age 5-5(1/2) years. Introduction of solids as main exposure measure was assessed retrospectively at age 1 year. RESULTS: There was no evidence for a protective effect of late introduction of solids for the development of preschool wheezing, transient wheezing, atopy, or eczema. On the contrary, there was a statistically significant increased risk of eczema in relation to late introduction of egg (aOR 1.6, 95% CI 1.1 to 2.4) and milk (aOR 1.7, 95% CI 1.1 to 2.5). Late introduction of egg was furthermore associated with a non-significant increased risk of preschool wheezing (aOR 1.5, 95% CI 0.92 to 2.4). There was no statistical evidence of feeding practices playing a different role in the development of asthma and eczema after stratification for parental asthma and atopy status. CONCLUSIONS: Results do not support the recommendations given by present feeding guidelines stating that a delayed introduction of solids is protective against the development of asthma and allergy."
W2136728855,3,,,The introduction of solids in relation to asthma and eczema,cohort,642,children followed from birth to age 5.5 years,189,0,12,inferred,Introduction of solids as main exposure measure was assessed retrospectively at age 1 year,ok,not stated,current feeding guidelines recommend delayed introduction of solids for the prevention of asthma and allergy despite scarce scientific evidence,5,"Country not stated in abstract; solids introduced within the first year, assessed retrospectively at age 1, so exposure window inferred as 0-12 months.",late introduction of milk,earlier milk introduction,eczema,bad,increased,"aOR 1.7, 95% CI 1.1 to 2.5",ok,Late milk introduction was associated with a significantly increased risk of eczema.,"BACKGROUND: Despite scarce scientific evidence, current feeding guidelines recommend delayed introduction of solids for the prevention of asthma and allergy. AIMS: To explore whether late introduction of solids is protective against the development of asthma, eczema, and atopy. METHODS: A total of 642 children were recruited before birth and followed to the age of 5(1/2) years. Main outcome measures were: doctor's diagnosis of eczema ever, atopy according to skin prick test results against inhalant allergens, preschool wheezing, transient wheezing, all defined at age 5-5(1/2) years. Introduction of solids as main exposure measure was assessed retrospectively at age 1 year. RESULTS: There was no evidence for a protective effect of late introduction of solids for the development of preschool wheezing, transient wheezing, atopy, or eczema. On the contrary, there was a statistically significant increased risk of eczema in relation to late introduction of egg (aOR 1.6, 95% CI 1.1 to 2.4) and milk (aOR 1.7, 95% CI 1.1 to 2.5). Late introduction of egg was furthermore associated with a non-significant increased risk of preschool wheezing (aOR 1.5, 95% CI 0.92 to 2.4). There was no statistical evidence of feeding practices playing a different role in the development of asthma and eczema after stratification for parental asthma and atopy status. CONCLUSIONS: Results do not support the recommendations given by present feeding guidelines stating that a delayed introduction of solids is protective against the development of asthma and allergy."
W2136728855,4,,,The introduction of solids in relation to asthma and eczema,cohort,642,children followed from birth to age 5.5 years,189,0,12,inferred,Introduction of solids as main exposure measure was assessed retrospectively at age 1 year,ok,not stated,current feeding guidelines recommend delayed introduction of solids for the prevention of asthma and allergy despite scarce scientific evidence,5,"Country not stated in abstract; solids introduced within the first year, assessed retrospectively at age 1, so exposure window inferred as 0-12 months.",late introduction of egg,earlier egg introduction,preschool wheezing,bad,no_change,"aOR 1.5, 95% CI 0.92 to 2.4",ok,Late egg introduction showed a non-significant trend toward increased preschool wheezing.,"BACKGROUND: Despite scarce scientific evidence, current feeding guidelines recommend delayed introduction of solids for the prevention of asthma and allergy. AIMS: To explore whether late introduction of solids is protective against the development of asthma, eczema, and atopy. METHODS: A total of 642 children were recruited before birth and followed to the age of 5(1/2) years. Main outcome measures were: doctor's diagnosis of eczema ever, atopy according to skin prick test results against inhalant allergens, preschool wheezing, transient wheezing, all defined at age 5-5(1/2) years. Introduction of solids as main exposure measure was assessed retrospectively at age 1 year. RESULTS: There was no evidence for a protective effect of late introduction of solids for the development of preschool wheezing, transient wheezing, atopy, or eczema. On the contrary, there was a statistically significant increased risk of eczema in relation to late introduction of egg (aOR 1.6, 95% CI 1.1 to 2.4) and milk (aOR 1.7, 95% CI 1.1 to 2.5). Late introduction of egg was furthermore associated with a non-significant increased risk of preschool wheezing (aOR 1.5, 95% CI 0.92 to 2.4). There was no statistical evidence of feeding practices playing a different role in the development of asthma and eczema after stratification for parental asthma and atopy status. CONCLUSIONS: Results do not support the recommendations given by present feeding guidelines stating that a delayed introduction of solids is protective against the development of asthma and allergy."
W2136728855,5,,,The introduction of solids in relation to asthma and eczema,cohort,642,children followed from birth to age 5.5 years,189,0,12,inferred,Introduction of solids as main exposure measure was assessed retrospectively at age 1 year,ok,not stated,current feeding guidelines recommend delayed introduction of solids for the prevention of asthma and allergy despite scarce scientific evidence,5,"Country not stated in abstract; solids introduced within the first year, assessed retrospectively at age 1, so exposure window inferred as 0-12 months.",late introduction of solids,earlier introduction,differential effect by parental asthma/atopy,unclear,no_change,,,No evidence feeding practices acted differently after stratification for parental asthma and atopy status.,"BACKGROUND: Despite scarce scientific evidence, current feeding guidelines recommend delayed introduction of solids for the prevention of asthma and allergy. AIMS: To explore whether late introduction of solids is protective against the development of asthma, eczema, and atopy. METHODS: A total of 642 children were recruited before birth and followed to the age of 5(1/2) years. Main outcome measures were: doctor's diagnosis of eczema ever, atopy according to skin prick test results against inhalant allergens, preschool wheezing, transient wheezing, all defined at age 5-5(1/2) years. Introduction of solids as main exposure measure was assessed retrospectively at age 1 year. RESULTS: There was no evidence for a protective effect of late introduction of solids for the development of preschool wheezing, transient wheezing, atopy, or eczema. On the contrary, there was a statistically significant increased risk of eczema in relation to late introduction of egg (aOR 1.6, 95% CI 1.1 to 2.4) and milk (aOR 1.7, 95% CI 1.1 to 2.5). Late introduction of egg was furthermore associated with a non-significant increased risk of preschool wheezing (aOR 1.5, 95% CI 0.92 to 2.4). There was no statistical evidence of feeding practices playing a different role in the development of asthma and eczema after stratification for parental asthma and atopy status. CONCLUSIONS: Results do not support the recommendations given by present feeding guidelines stating that a delayed introduction of solids is protective against the development of asthma and allergy."
W2287797495,1,,,Enquiring About Tolerance (EAT) study: Feasibility of an early allergenic food introduction regimen,rct,1303,"exclusively breastfed infants, UK (EAT study)",214,3,6,stated,from 3 months of age,ok,not stated,the influence of early exposure to allergenic foods on subsequent food allergy development remains uncertain,3,Feasibility paper only; allergy outcomes not reported in this abstract.,early introduction of six allergenic foods from 3 months,exclusive breastfeeding to around 6 months,consumption of allergenic foods by 5-6 months,unclear,increased,2 to 3 times per week,ok,By 5 months the early group consumed each allergenic food a median 2-3 times weekly; under 5% non-introduction by 6 months.,"BACKGROUND: The influence of early exposure to allergenic foods on the subsequent development of food allergy remains uncertain. OBJECTIVE: We sought to determine the feasibility of the early introduction of multiple allergenic foods to exclusively breast-fed infants from 3 months of age and the effect on breastfeeding performance. METHODS: We performed a randomized controlled trial. The early introduction group (EIG) continued breastfeeding with sequential introduction of 6 allergenic foods: cow's milk, peanut, hard-boiled hen's egg, sesame, whitefish (cod), and wheat; the standard introduction group followed the UK infant feeding recommendations of exclusive breastfeeding for around 6 months with no introduction of allergenic foods before 6 months of age. RESULTS: One thousand three hundred three infants were enrolled. By 5 months of age, the median frequency of consumption of all 6 foods was 2 to 3 times per week for every food in the EIG and no consumption for every food in the standard introduction group (P < .001 for every comparison). By 6 months of age, nonintroduction of the allergenic foods in the EIG was less than 5% for each of the 6 foods. Achievement of the stringent per-protocol consumption target for the EIG proved more difficult (42% of evaluable EIG participants). Breastfeeding rates in both groups significantly exceeded UK government data for equivalent mothers (P < .001 at 6 and at 9 months of age). CONCLUSION: Early introduction, before 6 months of age, of at least some amount of multiple allergenic foods appears achievable and did not affect breastfeeding. This has important implications for the evaluation of food allergy prevention strategies."
W2287797495,2,,,Enquiring About Tolerance (EAT) study: Feasibility of an early allergenic food introduction regimen,rct,1303,"exclusively breastfed infants, UK (EAT study)",214,3,6,stated,from 3 months of age,ok,not stated,the influence of early exposure to allergenic foods on subsequent food allergy development remains uncertain,3,Feasibility paper only; allergy outcomes not reported in this abstract.,early introduction of six allergenic foods from 3 months,protocol consumption target,per-protocol adherence,good,decreased,42%,ok,Only 42% of evaluable early-introduction participants achieved the stringent per-protocol consumption target.,"BACKGROUND: The influence of early exposure to allergenic foods on the subsequent development of food allergy remains uncertain. OBJECTIVE: We sought to determine the feasibility of the early introduction of multiple allergenic foods to exclusively breast-fed infants from 3 months of age and the effect on breastfeeding performance. METHODS: We performed a randomized controlled trial. The early introduction group (EIG) continued breastfeeding with sequential introduction of 6 allergenic foods: cow's milk, peanut, hard-boiled hen's egg, sesame, whitefish (cod), and wheat; the standard introduction group followed the UK infant feeding recommendations of exclusive breastfeeding for around 6 months with no introduction of allergenic foods before 6 months of age. RESULTS: One thousand three hundred three infants were enrolled. By 5 months of age, the median frequency of consumption of all 6 foods was 2 to 3 times per week for every food in the EIG and no consumption for every food in the standard introduction group (P < .001 for every comparison). By 6 months of age, nonintroduction of the allergenic foods in the EIG was less than 5% for each of the 6 foods. Achievement of the stringent per-protocol consumption target for the EIG proved more difficult (42% of evaluable EIG participants). Breastfeeding rates in both groups significantly exceeded UK government data for equivalent mothers (P < .001 at 6 and at 9 months of age). CONCLUSION: Early introduction, before 6 months of age, of at least some amount of multiple allergenic foods appears achievable and did not affect breastfeeding. This has important implications for the evaluation of food allergy prevention strategies."
W2287797495,3,,,Enquiring About Tolerance (EAT) study: Feasibility of an early allergenic food introduction regimen,rct,1303,"exclusively breastfed infants, UK (EAT study)",214,3,6,stated,from 3 months of age,ok,not stated,the influence of early exposure to allergenic foods on subsequent food allergy development remains uncertain,3,Feasibility paper only; allergy outcomes not reported in this abstract.,early introduction of allergenic foods before 6 months,standard introduction from 6 months,breastfeeding continuation,good,no_change,,,Early introduction did not affect breastfeeding; rates in both groups exceeded UK government data.,"BACKGROUND: The influence of early exposure to allergenic foods on the subsequent development of food allergy remains uncertain. OBJECTIVE: We sought to determine the feasibility of the early introduction of multiple allergenic foods to exclusively breast-fed infants from 3 months of age and the effect on breastfeeding performance. METHODS: We performed a randomized controlled trial. The early introduction group (EIG) continued breastfeeding with sequential introduction of 6 allergenic foods: cow's milk, peanut, hard-boiled hen's egg, sesame, whitefish (cod), and wheat; the standard introduction group followed the UK infant feeding recommendations of exclusive breastfeeding for around 6 months with no introduction of allergenic foods before 6 months of age. RESULTS: One thousand three hundred three infants were enrolled. By 5 months of age, the median frequency of consumption of all 6 foods was 2 to 3 times per week for every food in the EIG and no consumption for every food in the standard introduction group (P < .001 for every comparison). By 6 months of age, nonintroduction of the allergenic foods in the EIG was less than 5% for each of the 6 foods. Achievement of the stringent per-protocol consumption target for the EIG proved more difficult (42% of evaluable EIG participants). Breastfeeding rates in both groups significantly exceeded UK government data for equivalent mothers (P < .001 at 6 and at 9 months of age). CONCLUSION: Early introduction, before 6 months of age, of at least some amount of multiple allergenic foods appears achievable and did not affect breastfeeding. This has important implications for the evaluation of food allergy prevention strategies."
W2406251593,1,,,[Late hemorrhagic disease in newborn infants. Is the current preventive treatment with oral vitamin K adequate?].,case-report,2,breastfed female infants with late vitamin K deficiency bleeding,0,1,1,stated,aged six weeks,ok,not stated,investigations suggest that oral vitamin K prophylaxis is not so effective as intramuscular administration,1,"Cases were aged three and six weeks (0.7 and 1.4 months, both rounding to 1); the paper argues for changing oral prophylaxis policy based on two cases plus European registry reports.",oral vitamin K prophylaxis (1 mg fytomenadion at birth),intramuscular vitamin K,late vitamin K deficiency bleeding,bad,increased,,,Two entirely breastfed infants developed late haemorrhagic disease despite oral vitamin K at birth; both had unrecognized alpha-1-antitrypsin deficiency.,"During recent years, we have observed two cases of haemorrhage due to vitamin K deficiency which developed late in the neonatal period. One patient was a female infant aged six weeks with severe intracranial bleeding and the other was a female infant aged three weeks with marked haemorrhage from the umbilicus. Both of these infants were entirely breast-fed and had received vitamin K (1 mg fytomenadion) orally at birth. Both infants had unrecognized alfa-1-antitrypsin deficiency with liver involvement. In other European countries, many cases of late haemorrhagic disease of the newborn due to vitamin K deficiency have been registered in infants who had received oral vitamin K prophylaxis. On the basis of these observations and investigations which suggest that oral vitamin K prophylaxis is not so effective as intramuscular administration, it is suggested that the present oral vitamin K prophylaxis should be altered."
W2472566625,1,,,Prenatal Exposure to Perfluoroalkyl Substances and Adiposity in Early and Mid-Childhood,cohort,1645,"pregnant women and children, Project Viva, Massachusetts, USA",187,,,stated,"median, 9.6 weeks gestation",ok,not stated,,3,"Exposure was prenatal (median 9.6 weeks gestation), so postnatal age fields are null; girls' associations had CIs including the null despite the paper's positive framing.",prenatal plasma PFOA concentration,lower PFOA (per interquartile increment),mid-childhood adiposity in girls,bad,increased,"0.21 kg/m2 (95% CI: –0.05, 0.48)",ok,"Among girls, higher prenatal PFOA was associated with small BMI, skinfold and fat-mass increases in mid-childhood, with confidence intervals crossing null.","Abstract Background: Few studies have examined whether prenatal exposure to perfluoroalkyl substances (PFASs) is associated with childhood adiposity. Objective: We examined associations of prenatal exposure to PFASs with adiposity in early and mid-childhood. Methods: We measured plasma PFAS concentrations in 1,645 pregnant women (median, 9.6 weeks gestation) enrolled in Project Viva, a prospective pre-birth cohort study in Massachusetts (USA), between 1999 and 2002. We assessed overall and central adiposity in 1,006 children in early childhood (median, 3.2 years) and 876 in mid-childhood (median, 7.7 years) using anthropometric and dual X-ray absorptiometry (DXA) measurements. We fitted multivariable linear regression models to estimate exposure-outcome associations and evaluated effect modification by child sex. Results: Median (25–75th percentiles) prenatal plasma perfluorooctanoate (PFOA), perfluorooctane sulfonate (PFOS), perfluorohexane sulfonate (PFHxS), and perfluorononanoate (PFNA) concentrations in children assessed in early childhood were 5.6 (4.1–7.7), 24.8 (18.4–33.9), 2.4 (1.6–3.8), and 0.6 (0.5–0.9) ng/mL, respectively. Among girls, each interquartile range increment of prenatal PFOA concentrations was associated with 0.21 kg/m2 (95% CI: –0.05, 0.48) higher body mass index, 0.76 mm (95% CI: –0.17, 1.70) higher sum of subscapular and triceps skinfold thickness, and 0.17 kg/m2 (95% CI: –0.02, 0.36) higher DXA total fat mass index in mid-childhood. Similar associations were observed for PFOS, PFHxS, and PFNA. We observed null associations for boys and early-childhood adiposity measures. Conclusions: In this cohort, prenatal exposure to PFASs was associated with small increases in adiposity measurements in mid-childhood, but only among girls. Citation: Mora AM, Oken E, Rifas-Shiman SL, Webster TF, Gillman MW, Calafat AM, Ye X, Sagiv SK. 2017. Prenatal exposure to perfluoroalkyl substances and adiposity in early and mid-childhood. Environ Health Perspect 125:467–473; http://dx.doi.org/10.1289/EHP246"
W2472566625,2,,,Prenatal Exposure to Perfluoroalkyl Substances and Adiposity in Early and Mid-Childhood,cohort,1645,"pregnant women and children, Project Viva, Massachusetts, USA",187,,,stated,"median, 9.6 weeks gestation",ok,not stated,,3,"Exposure was prenatal (median 9.6 weeks gestation), so postnatal age fields are null; girls' associations had CIs including the null despite the paper's positive framing.","prenatal PFOS, PFHxS, and PFNA concentrations",lower concentrations,mid-childhood adiposity in girls,bad,increased,,,"Similar small adiposity associations were observed for PFOS, PFHxS and PFNA among girls.","Abstract Background: Few studies have examined whether prenatal exposure to perfluoroalkyl substances (PFASs) is associated with childhood adiposity. Objective: We examined associations of prenatal exposure to PFASs with adiposity in early and mid-childhood. Methods: We measured plasma PFAS concentrations in 1,645 pregnant women (median, 9.6 weeks gestation) enrolled in Project Viva, a prospective pre-birth cohort study in Massachusetts (USA), between 1999 and 2002. We assessed overall and central adiposity in 1,006 children in early childhood (median, 3.2 years) and 876 in mid-childhood (median, 7.7 years) using anthropometric and dual X-ray absorptiometry (DXA) measurements. We fitted multivariable linear regression models to estimate exposure-outcome associations and evaluated effect modification by child sex. Results: Median (25–75th percentiles) prenatal plasma perfluorooctanoate (PFOA), perfluorooctane sulfonate (PFOS), perfluorohexane sulfonate (PFHxS), and perfluorononanoate (PFNA) concentrations in children assessed in early childhood were 5.6 (4.1–7.7), 24.8 (18.4–33.9), 2.4 (1.6–3.8), and 0.6 (0.5–0.9) ng/mL, respectively. Among girls, each interquartile range increment of prenatal PFOA concentrations was associated with 0.21 kg/m2 (95% CI: –0.05, 0.48) higher body mass index, 0.76 mm (95% CI: –0.17, 1.70) higher sum of subscapular and triceps skinfold thickness, and 0.17 kg/m2 (95% CI: –0.02, 0.36) higher DXA total fat mass index in mid-childhood. Similar associations were observed for PFOS, PFHxS, and PFNA. We observed null associations for boys and early-childhood adiposity measures. Conclusions: In this cohort, prenatal exposure to PFASs was associated with small increases in adiposity measurements in mid-childhood, but only among girls. Citation: Mora AM, Oken E, Rifas-Shiman SL, Webster TF, Gillman MW, Calafat AM, Ye X, Sagiv SK. 2017. Prenatal exposure to perfluoroalkyl substances and adiposity in early and mid-childhood. Environ Health Perspect 125:467–473; http://dx.doi.org/10.1289/EHP246"
W2472566625,3,,,Prenatal Exposure to Perfluoroalkyl Substances and Adiposity in Early and Mid-Childhood,cohort,1645,"pregnant women and children, Project Viva, Massachusetts, USA",187,,,stated,"median, 9.6 weeks gestation",ok,not stated,,3,"Exposure was prenatal (median 9.6 weeks gestation), so postnatal age fields are null; girls' associations had CIs including the null despite the paper's positive framing.",prenatal perfluoroalkyl substance exposure,lower exposure,adiposity in boys and in early childhood,bad,no_change,,,Null associations were observed for boys and for early-childhood adiposity measures.,"Abstract Background: Few studies have examined whether prenatal exposure to perfluoroalkyl substances (PFASs) is associated with childhood adiposity. Objective: We examined associations of prenatal exposure to PFASs with adiposity in early and mid-childhood. Methods: We measured plasma PFAS concentrations in 1,645 pregnant women (median, 9.6 weeks gestation) enrolled in Project Viva, a prospective pre-birth cohort study in Massachusetts (USA), between 1999 and 2002. We assessed overall and central adiposity in 1,006 children in early childhood (median, 3.2 years) and 876 in mid-childhood (median, 7.7 years) using anthropometric and dual X-ray absorptiometry (DXA) measurements. We fitted multivariable linear regression models to estimate exposure-outcome associations and evaluated effect modification by child sex. Results: Median (25–75th percentiles) prenatal plasma perfluorooctanoate (PFOA), perfluorooctane sulfonate (PFOS), perfluorohexane sulfonate (PFHxS), and perfluorononanoate (PFNA) concentrations in children assessed in early childhood were 5.6 (4.1–7.7), 24.8 (18.4–33.9), 2.4 (1.6–3.8), and 0.6 (0.5–0.9) ng/mL, respectively. Among girls, each interquartile range increment of prenatal PFOA concentrations was associated with 0.21 kg/m2 (95% CI: –0.05, 0.48) higher body mass index, 0.76 mm (95% CI: –0.17, 1.70) higher sum of subscapular and triceps skinfold thickness, and 0.17 kg/m2 (95% CI: –0.02, 0.36) higher DXA total fat mass index in mid-childhood. Similar associations were observed for PFOS, PFHxS, and PFNA. We observed null associations for boys and early-childhood adiposity measures. Conclusions: In this cohort, prenatal exposure to PFASs was associated with small increases in adiposity measurements in mid-childhood, but only among girls. Citation: Mora AM, Oken E, Rifas-Shiman SL, Webster TF, Gillman MW, Calafat AM, Ye X, Sagiv SK. 2017. Prenatal exposure to perfluoroalkyl substances and adiposity in early and mid-childhood. Environ Health Perspect 125:467–473; http://dx.doi.org/10.1289/EHP246"
W2555378582,1,,,Scientific Opinion on nutrient requirements and dietary intakes of infants and young children in the European Union,guideline,not stated,"infants and young children, European Union",342,0,36,inferred,infants and young children in the European Union,ok,not stated,"breast milk, infant formulae, follow-on formulae and cow's milk are foods that may be included in the normal diet of infants and young children",2,EFSA scientific opinion coded as guideline; 'infants and young children' inferred as roughly 0-36 months per EU regulatory usage.,usual diet of European infants and young children,adequate nutrient requirements,"intakes of ALA, DHA, iron, vitamin D, iodine",good,decreased,,,"Dietary intakes of ALA, DHA, iron, vitamin D and iodine (in some countries) are low in European infants and young children.","Following a request from the European Commission, the EFSA Panel on Dietetic Products, Nutrition and Allergies (NDA) was asked to deliver a Scientific Opinion on the nutrient requirements and dietary intakes of infants and young children in the European Union. This Opinion describes the dietary requirements of infants and young children, compares dietary intakes and requirements in infants and young children in Europe and, based on these findings, concludes on the potential role of young-child formulae in the diets of infants and young children, including whether they have any nutritional benefits when compared with other foods that may be included in the normal diet of infants and young children. The Panel concluded on the levels of nutrient and energy intakes that are considered adequate for the majority of infants and young children, and evaluated the risk of inadequate nutrient intakes in infants and young children in living Europe. Dietary intakes of alpha-linolenic acid (ALA), docosahexaenoic acid (DHA), iron, vitamin D and iodine (in some European countries) are low in infants and young children living in Europe, and particular attention should be paid to ensuring an appropriate supply of ALA, DHA, iron, vitamin D and iodine in infants and young children with inadequate or at risk of inadequate status of these nutrients. No unique role of young-child formulae with respect to the provision of critical nutrients in the diet of infants and young children living in Europe can be identified, so that they cannot be considered as a necessity to satisfy the nutritional requirements of young children when compared with other foods that may be included in the normal diet of young children (such as breast milk, infant formulae, follow-on formulae and cow's milk)."
W2555378582,2,,,Scientific Opinion on nutrient requirements and dietary intakes of infants and young children in the European Union,guideline,not stated,"infants and young children, European Union",342,0,36,inferred,infants and young children in the European Union,ok,not stated,"breast milk, infant formulae, follow-on formulae and cow's milk are foods that may be included in the normal diet of infants and young children",2,EFSA scientific opinion coded as guideline; 'infants and young children' inferred as roughly 0-36 months per EU regulatory usage.,young-child formulae,other foods in the normal diet,provision of critical nutrients,good,no_change,,,No unique role of young-child formulae was identified; they are not a necessity to meet young children's nutritional requirements.,"Following a request from the European Commission, the EFSA Panel on Dietetic Products, Nutrition and Allergies (NDA) was asked to deliver a Scientific Opinion on the nutrient requirements and dietary intakes of infants and young children in the European Union. This Opinion describes the dietary requirements of infants and young children, compares dietary intakes and requirements in infants and young children in Europe and, based on these findings, concludes on the potential role of young-child formulae in the diets of infants and young children, including whether they have any nutritional benefits when compared with other foods that may be included in the normal diet of infants and young children. The Panel concluded on the levels of nutrient and energy intakes that are considered adequate for the majority of infants and young children, and evaluated the risk of inadequate nutrient intakes in infants and young children in living Europe. Dietary intakes of alpha-linolenic acid (ALA), docosahexaenoic acid (DHA), iron, vitamin D and iodine (in some European countries) are low in infants and young children living in Europe, and particular attention should be paid to ensuring an appropriate supply of ALA, DHA, iron, vitamin D and iodine in infants and young children with inadequate or at risk of inadequate status of these nutrients. No unique role of young-child formulae with respect to the provision of critical nutrients in the diet of infants and young children living in Europe can be identified, so that they cannot be considered as a necessity to satisfy the nutritional requirements of young children when compared with other foods that may be included in the normal diet of young children (such as breast milk, infant formulae, follow-on formulae and cow's milk)."
W2620803181,1,,,"Anticipatory guidance to prevent infant sleep problems within a randomised controlled trial: infant, maternal and partner outcomes at 6 months of age",rct,802,"families with infants, POI study",62,0,1,stated,at 3 weeks postpartum,ok,not stated,,3,"Intervention delivered antenatally and at 3 weeks postpartum, so exposure age 0-1 month; country not named in abstract (POI study).",antenatal plus 3-week sleep education intervention,usual Well Child care,parent-reported infant sleep problems at 6 months,bad,no_change,19.1%,ok,No significant intervention effect; 19.1% of mothers and 16.6% of partners still reported infant sleep a problem at 6 months.,"OBJECTIVE: To evaluate the effectiveness of sleep education delivered antenatally and at 3 weeks postpartum to prevent infant sleep problems at 6 months of age. DESIGN: Sleep intervention within a randomised controlled trial for the Prevention of Overweight in Infancy (POI) study. PARTICIPANTS: 802 families were randomly allocated to one of four groups: usual care (control), sleep intervention (sleep), food, activity and breastfeeding intervention (FAB), and combined group receiving both interventions (combination). INTERVENTIONS: All groups received standard Well Child care. The sleep intervention groups (sleep and combination) received an antenatal group education session (all mothers and most partners) emphasising infant self-settling and safe sleeping, and a home visit at 3 weeks reinforcing the antenatal sleep education. FAB and combination groups received four contacts providing education and support on breast feeding, food and activity up to 4 months postpartum. OUTCOME MEASURES: Here we report secondary sleep outcomes from the POI study: the prevalence of parent-reported infant sleep problems and night waking, and differences in sleep duration. Additional outcomes reported include differences in infant self-settling, safe sleep practices, and maternal and partner reports of their own sleep, fatigue and depression symptoms. RESULTS: Linear or mixed linear regression models found no significant intervention effects on sleep outcomes, with 19.1% of mothers and 16.6% of partners reporting their infant's sleep a problem at 6 months. Actigraphy estimated the number of night wakings to be significantly reduced (8%) and the duration of daytime sleep increased (6 min) in those groups receiving the sleep intervention compared with those who did not. However, these small differences were not clinically significant and not observed in 24 hours infant sleep diary data. No other differences were observed. CONCLUSION: A strategy delivering infant sleep education antenatally and at 3 weeks postpartum was not effective in preventing the development of parent-reported infant sleep problems."
W2620803181,2,,,"Anticipatory guidance to prevent infant sleep problems within a randomised controlled trial: infant, maternal and partner outcomes at 6 months of age",rct,802,"families with infants, POI study",62,0,1,stated,at 3 weeks postpartum,ok,not stated,,3,"Intervention delivered antenatally and at 3 weeks postpartum, so exposure age 0-1 month; country not named in abstract (POI study).",antenatal plus 3-week sleep education intervention,groups without sleep intervention,actigraphy-estimated night wakings,bad,decreased,8%,ok,"Night wakings were reduced 8% by actigraphy, but this was not clinically significant and not seen in sleep diaries.","OBJECTIVE: To evaluate the effectiveness of sleep education delivered antenatally and at 3 weeks postpartum to prevent infant sleep problems at 6 months of age. DESIGN: Sleep intervention within a randomised controlled trial for the Prevention of Overweight in Infancy (POI) study. PARTICIPANTS: 802 families were randomly allocated to one of four groups: usual care (control), sleep intervention (sleep), food, activity and breastfeeding intervention (FAB), and combined group receiving both interventions (combination). INTERVENTIONS: All groups received standard Well Child care. The sleep intervention groups (sleep and combination) received an antenatal group education session (all mothers and most partners) emphasising infant self-settling and safe sleeping, and a home visit at 3 weeks reinforcing the antenatal sleep education. FAB and combination groups received four contacts providing education and support on breast feeding, food and activity up to 4 months postpartum. OUTCOME MEASURES: Here we report secondary sleep outcomes from the POI study: the prevalence of parent-reported infant sleep problems and night waking, and differences in sleep duration. Additional outcomes reported include differences in infant self-settling, safe sleep practices, and maternal and partner reports of their own sleep, fatigue and depression symptoms. RESULTS: Linear or mixed linear regression models found no significant intervention effects on sleep outcomes, with 19.1% of mothers and 16.6% of partners reporting their infant's sleep a problem at 6 months. Actigraphy estimated the number of night wakings to be significantly reduced (8%) and the duration of daytime sleep increased (6 min) in those groups receiving the sleep intervention compared with those who did not. However, these small differences were not clinically significant and not observed in 24 hours infant sleep diary data. No other differences were observed. CONCLUSION: A strategy delivering infant sleep education antenatally and at 3 weeks postpartum was not effective in preventing the development of parent-reported infant sleep problems."
W2620803181,3,,,"Anticipatory guidance to prevent infant sleep problems within a randomised controlled trial: infant, maternal and partner outcomes at 6 months of age",rct,802,"families with infants, POI study",62,0,1,stated,at 3 weeks postpartum,ok,not stated,,3,"Intervention delivered antenatally and at 3 weeks postpartum, so exposure age 0-1 month; country not named in abstract (POI study).",antenatal plus 3-week sleep education intervention,groups without sleep intervention,daytime sleep duration,unclear,increased,6 min,ok,Daytime sleep increased 6 minutes by actigraphy; a small difference not judged clinically significant.,"OBJECTIVE: To evaluate the effectiveness of sleep education delivered antenatally and at 3 weeks postpartum to prevent infant sleep problems at 6 months of age. DESIGN: Sleep intervention within a randomised controlled trial for the Prevention of Overweight in Infancy (POI) study. PARTICIPANTS: 802 families were randomly allocated to one of four groups: usual care (control), sleep intervention (sleep), food, activity and breastfeeding intervention (FAB), and combined group receiving both interventions (combination). INTERVENTIONS: All groups received standard Well Child care. The sleep intervention groups (sleep and combination) received an antenatal group education session (all mothers and most partners) emphasising infant self-settling and safe sleeping, and a home visit at 3 weeks reinforcing the antenatal sleep education. FAB and combination groups received four contacts providing education and support on breast feeding, food and activity up to 4 months postpartum. OUTCOME MEASURES: Here we report secondary sleep outcomes from the POI study: the prevalence of parent-reported infant sleep problems and night waking, and differences in sleep duration. Additional outcomes reported include differences in infant self-settling, safe sleep practices, and maternal and partner reports of their own sleep, fatigue and depression symptoms. RESULTS: Linear or mixed linear regression models found no significant intervention effects on sleep outcomes, with 19.1% of mothers and 16.6% of partners reporting their infant's sleep a problem at 6 months. Actigraphy estimated the number of night wakings to be significantly reduced (8%) and the duration of daytime sleep increased (6 min) in those groups receiving the sleep intervention compared with those who did not. However, these small differences were not clinically significant and not observed in 24 hours infant sleep diary data. No other differences were observed. CONCLUSION: A strategy delivering infant sleep education antenatally and at 3 weeks postpartum was not effective in preventing the development of parent-reported infant sleep problems."
W2735669907,1,,,Factors associated with the iron nutritional status of Brazilian children aged 4 to 7 years,cross-sectional,357,"Brazilian children aged 4-7 years, Vicosa",6,48,84,stated,children aged 4-7 years,ok,not stated,,3,Children previously followed by a breastfeeding support program in their first six months.,iron status screening,,prevalence of anemia and iron deficiency,bad,unclear,(34) 9.52% and (11) 11.00%,ok,Prevalence was 9.52% for anemia and 11.00% for iron deficiency.,"ABSTRACT Objective To evaluate factors associated with the iron nutritional status of Brazilian children aged 4 to 7 years in the city of Viçosa, Minas Gerais state, Brazil. Methods This is a cross-sectional study of 357 children aged 4-7 years who had been followed-up up for during their first six months of life by the Breastfeeding Support Program. Socioeconomic and demographic characteristics, feeding practices, nutritional status (height-for-age and body mass index-for-age), and serum ferritin and hemoglobin concentrations were evaluated. Multiple linear regression analysis was carried out to evaluate factors independently associated with iron nutritional status (hemoglobin and ferritin), considering α=0.05 as the significance level. Results The prevalence of anemia and iron deficiency was (34) 9.52% and (11) 11.00%, respectively. The factors independently associated with anemia were younger child age, low maternal education, low height-for-age Z-scores, and children of single and separated mothers or widows. Iron deficiency was associated with child younger age and consumption of chocolates and chocolate flavored milk. Conclusion The results obtained allow us to conclude that anemia among children 4-7 years of age is a public health problem in the city of Viçosa, Minas Gerais. Therefore, there is a need for intervention measures targeting children in this age group. These measures can be implemented through food and nutritional education by encouraging the consumption of iron-rich foods."
W2735669907,2,,,Factors associated with the iron nutritional status of Brazilian children aged 4 to 7 years,cross-sectional,357,"Brazilian children aged 4-7 years, Vicosa",6,48,84,stated,children aged 4-7 years,ok,not stated,,3,Children previously followed by a breastfeeding support program in their first six months.,"younger age, low maternal education, low height-for-age, single/separated/widowed mothers",,anemia,bad,increased,,,"Younger child age, low maternal education, low height-for-age and single motherhood were independently associated with anemia.","ABSTRACT Objective To evaluate factors associated with the iron nutritional status of Brazilian children aged 4 to 7 years in the city of Viçosa, Minas Gerais state, Brazil. Methods This is a cross-sectional study of 357 children aged 4-7 years who had been followed-up up for during their first six months of life by the Breastfeeding Support Program. Socioeconomic and demographic characteristics, feeding practices, nutritional status (height-for-age and body mass index-for-age), and serum ferritin and hemoglobin concentrations were evaluated. Multiple linear regression analysis was carried out to evaluate factors independently associated with iron nutritional status (hemoglobin and ferritin), considering α=0.05 as the significance level. Results The prevalence of anemia and iron deficiency was (34) 9.52% and (11) 11.00%, respectively. The factors independently associated with anemia were younger child age, low maternal education, low height-for-age Z-scores, and children of single and separated mothers or widows. Iron deficiency was associated with child younger age and consumption of chocolates and chocolate flavored milk. Conclusion The results obtained allow us to conclude that anemia among children 4-7 years of age is a public health problem in the city of Viçosa, Minas Gerais. Therefore, there is a need for intervention measures targeting children in this age group. These measures can be implemented through food and nutritional education by encouraging the consumption of iron-rich foods."
W2735669907,3,,,Factors associated with the iron nutritional status of Brazilian children aged 4 to 7 years,cross-sectional,357,"Brazilian children aged 4-7 years, Vicosa",6,48,84,stated,children aged 4-7 years,ok,not stated,,3,Children previously followed by a breastfeeding support program in their first six months.,consumption of chocolates and chocolate flavored milk,,iron deficiency,bad,increased,,,Iron deficiency was associated with younger age and consumption of chocolates and chocolate-flavoured milk.,"ABSTRACT Objective To evaluate factors associated with the iron nutritional status of Brazilian children aged 4 to 7 years in the city of Viçosa, Minas Gerais state, Brazil. Methods This is a cross-sectional study of 357 children aged 4-7 years who had been followed-up up for during their first six months of life by the Breastfeeding Support Program. Socioeconomic and demographic characteristics, feeding practices, nutritional status (height-for-age and body mass index-for-age), and serum ferritin and hemoglobin concentrations were evaluated. Multiple linear regression analysis was carried out to evaluate factors independently associated with iron nutritional status (hemoglobin and ferritin), considering α=0.05 as the significance level. Results The prevalence of anemia and iron deficiency was (34) 9.52% and (11) 11.00%, respectively. The factors independently associated with anemia were younger child age, low maternal education, low height-for-age Z-scores, and children of single and separated mothers or widows. Iron deficiency was associated with child younger age and consumption of chocolates and chocolate flavored milk. Conclusion The results obtained allow us to conclude that anemia among children 4-7 years of age is a public health problem in the city of Viçosa, Minas Gerais. Therefore, there is a need for intervention measures targeting children in this age group. These measures can be implemented through food and nutritional education by encouraging the consumption of iron-rich foods."
W2790481263,1,,,Early introduction of complementary foods and childhood overweight in breastfed and formula-fed infants in the Netherlands: the PIAMA birth cohort study,cohort,2611,"term-born children, PIAMA birth cohort, Netherlands",68,0,4,stated,before 4 months vs at or after 4 months of age,ok,not stated,,5,Exposure window is complementary feeding around the 4-month cut point; comparator group introduced later in infancy.,introduction of complementary foods before 4 months,introduction at or after 4 months,childhood overweight (ages 1-17),bad,increased,"OR 1.32, 95% CI 1.19, 1.47",ok,Early complementary food introduction was associated with higher odds of childhood overweight.,"PURPOSE: To investigate whether early introduction of complementary foods (CF) is associated with an increased risk of overweight during childhood, and whether this association differs between formula-fed and breastfed infants. METHODS: We included 2611 participants that were born at term from a Dutch population-based birth cohort (n = 3963) designed to investigate the development of asthma and allergies. Parents kept records of their infant's age when CF were first introduced. Weight and height were parent reported yearly from age 1 to 8 years, and at ages 11, 14 and 17 years. We used multivariate generalized estimating equations analysis to investigate the association between timing of CF introduction (before 4 months vs at or after 4 months of age) and overweight at ages 1-17 years. RESULTS: Children with CF introduction before 4 months had higher odds of being overweight during childhood than children with CF introduction at or after 4 months (OR 1.32, 95% CI 1.19, 1.47). This association was observed in formula-fed infants (OR 1.51, 95% CI 1.17, 1.94) and breastfed infants (OR 1.32, 95% CI 1.19, 1.47). The duration of breastfeeding modified the association between CF introduction and overweight: children breastfed for shorter than 4 months, but not children breastfed for 4 months or longer with CF introduction before 4 months had higher odds of being overweight (OR 1.37, 95% CI 1.19, 1.57 and 1.07, 95% CI 0.87, 1.32, respectively), compared to those with CF introduction at or after 4 months. CONCLUSIONS: In children born at term, formula-fed infants and infants who were breastfed for shorter than 4 months, but not infants who were breastfed for 4 months or longer, had a higher risk of being overweight during childhood when being introduced to CF before 4 months of age."
W2790481263,2,,,Early introduction of complementary foods and childhood overweight in breastfed and formula-fed infants in the Netherlands: the PIAMA birth cohort study,cohort,2611,"term-born children, PIAMA birth cohort, Netherlands",68,0,4,stated,before 4 months vs at or after 4 months of age,ok,not stated,,5,Exposure window is complementary feeding around the 4-month cut point; comparator group introduced later in infancy.,introduction of complementary foods before 4 months in formula-fed infants,introduction at or after 4 months,childhood overweight,bad,increased,"OR 1.51, 95% CI 1.17, 1.94",ok,The association held in formula-fed infants.,"PURPOSE: To investigate whether early introduction of complementary foods (CF) is associated with an increased risk of overweight during childhood, and whether this association differs between formula-fed and breastfed infants. METHODS: We included 2611 participants that were born at term from a Dutch population-based birth cohort (n = 3963) designed to investigate the development of asthma and allergies. Parents kept records of their infant's age when CF were first introduced. Weight and height were parent reported yearly from age 1 to 8 years, and at ages 11, 14 and 17 years. We used multivariate generalized estimating equations analysis to investigate the association between timing of CF introduction (before 4 months vs at or after 4 months of age) and overweight at ages 1-17 years. RESULTS: Children with CF introduction before 4 months had higher odds of being overweight during childhood than children with CF introduction at or after 4 months (OR 1.32, 95% CI 1.19, 1.47). This association was observed in formula-fed infants (OR 1.51, 95% CI 1.17, 1.94) and breastfed infants (OR 1.32, 95% CI 1.19, 1.47). The duration of breastfeeding modified the association between CF introduction and overweight: children breastfed for shorter than 4 months, but not children breastfed for 4 months or longer with CF introduction before 4 months had higher odds of being overweight (OR 1.37, 95% CI 1.19, 1.57 and 1.07, 95% CI 0.87, 1.32, respectively), compared to those with CF introduction at or after 4 months. CONCLUSIONS: In children born at term, formula-fed infants and infants who were breastfed for shorter than 4 months, but not infants who were breastfed for 4 months or longer, had a higher risk of being overweight during childhood when being introduced to CF before 4 months of age."
W2790481263,3,,,Early introduction of complementary foods and childhood overweight in breastfed and formula-fed infants in the Netherlands: the PIAMA birth cohort study,cohort,2611,"term-born children, PIAMA birth cohort, Netherlands",68,0,4,stated,before 4 months vs at or after 4 months of age,ok,not stated,,5,Exposure window is complementary feeding around the 4-month cut point; comparator group introduced later in infancy.,introduction of complementary foods before 4 months in breastfed infants,introduction at or after 4 months,childhood overweight,bad,increased,"OR 1.32, 95% CI 1.19, 1.47",ok,The association was also observed in breastfed infants overall.,"PURPOSE: To investigate whether early introduction of complementary foods (CF) is associated with an increased risk of overweight during childhood, and whether this association differs between formula-fed and breastfed infants. METHODS: We included 2611 participants that were born at term from a Dutch population-based birth cohort (n = 3963) designed to investigate the development of asthma and allergies. Parents kept records of their infant's age when CF were first introduced. Weight and height were parent reported yearly from age 1 to 8 years, and at ages 11, 14 and 17 years. We used multivariate generalized estimating equations analysis to investigate the association between timing of CF introduction (before 4 months vs at or after 4 months of age) and overweight at ages 1-17 years. RESULTS: Children with CF introduction before 4 months had higher odds of being overweight during childhood than children with CF introduction at or after 4 months (OR 1.32, 95% CI 1.19, 1.47). This association was observed in formula-fed infants (OR 1.51, 95% CI 1.17, 1.94) and breastfed infants (OR 1.32, 95% CI 1.19, 1.47). The duration of breastfeeding modified the association between CF introduction and overweight: children breastfed for shorter than 4 months, but not children breastfed for 4 months or longer with CF introduction before 4 months had higher odds of being overweight (OR 1.37, 95% CI 1.19, 1.57 and 1.07, 95% CI 0.87, 1.32, respectively), compared to those with CF introduction at or after 4 months. CONCLUSIONS: In children born at term, formula-fed infants and infants who were breastfed for shorter than 4 months, but not infants who were breastfed for 4 months or longer, had a higher risk of being overweight during childhood when being introduced to CF before 4 months of age."
W2790481263,4,,,Early introduction of complementary foods and childhood overweight in breastfed and formula-fed infants in the Netherlands: the PIAMA birth cohort study,cohort,2611,"term-born children, PIAMA birth cohort, Netherlands",68,0,4,stated,before 4 months vs at or after 4 months of age,ok,not stated,,5,Exposure window is complementary feeding around the 4-month cut point; comparator group introduced later in infancy.,early complementary foods in children breastfed shorter than 4 months,introduction at or after 4 months,childhood overweight,bad,increased,"OR 1.37, 95% CI 1.19, 1.57",ok,Children breastfed under 4 months with early complementary foods had higher overweight odds.,"PURPOSE: To investigate whether early introduction of complementary foods (CF) is associated with an increased risk of overweight during childhood, and whether this association differs between formula-fed and breastfed infants. METHODS: We included 2611 participants that were born at term from a Dutch population-based birth cohort (n = 3963) designed to investigate the development of asthma and allergies. Parents kept records of their infant's age when CF were first introduced. Weight and height were parent reported yearly from age 1 to 8 years, and at ages 11, 14 and 17 years. We used multivariate generalized estimating equations analysis to investigate the association between timing of CF introduction (before 4 months vs at or after 4 months of age) and overweight at ages 1-17 years. RESULTS: Children with CF introduction before 4 months had higher odds of being overweight during childhood than children with CF introduction at or after 4 months (OR 1.32, 95% CI 1.19, 1.47). This association was observed in formula-fed infants (OR 1.51, 95% CI 1.17, 1.94) and breastfed infants (OR 1.32, 95% CI 1.19, 1.47). The duration of breastfeeding modified the association between CF introduction and overweight: children breastfed for shorter than 4 months, but not children breastfed for 4 months or longer with CF introduction before 4 months had higher odds of being overweight (OR 1.37, 95% CI 1.19, 1.57 and 1.07, 95% CI 0.87, 1.32, respectively), compared to those with CF introduction at or after 4 months. CONCLUSIONS: In children born at term, formula-fed infants and infants who were breastfed for shorter than 4 months, but not infants who were breastfed for 4 months or longer, had a higher risk of being overweight during childhood when being introduced to CF before 4 months of age."
W2790481263,5,,,Early introduction of complementary foods and childhood overweight in breastfed and formula-fed infants in the Netherlands: the PIAMA birth cohort study,cohort,2611,"term-born children, PIAMA birth cohort, Netherlands",68,0,4,stated,before 4 months vs at or after 4 months of age,ok,not stated,,5,Exposure window is complementary feeding around the 4-month cut point; comparator group introduced later in infancy.,early complementary foods in children breastfed 4 months or longer,introduction at or after 4 months,childhood overweight,bad,no_change,"1.07, 95% CI 0.87, 1.32",ok,No significant overweight association in children breastfed for 4 months or longer.,"PURPOSE: To investigate whether early introduction of complementary foods (CF) is associated with an increased risk of overweight during childhood, and whether this association differs between formula-fed and breastfed infants. METHODS: We included 2611 participants that were born at term from a Dutch population-based birth cohort (n = 3963) designed to investigate the development of asthma and allergies. Parents kept records of their infant's age when CF were first introduced. Weight and height were parent reported yearly from age 1 to 8 years, and at ages 11, 14 and 17 years. We used multivariate generalized estimating equations analysis to investigate the association between timing of CF introduction (before 4 months vs at or after 4 months of age) and overweight at ages 1-17 years. RESULTS: Children with CF introduction before 4 months had higher odds of being overweight during childhood than children with CF introduction at or after 4 months (OR 1.32, 95% CI 1.19, 1.47). This association was observed in formula-fed infants (OR 1.51, 95% CI 1.17, 1.94) and breastfed infants (OR 1.32, 95% CI 1.19, 1.47). The duration of breastfeeding modified the association between CF introduction and overweight: children breastfed for shorter than 4 months, but not children breastfed for 4 months or longer with CF introduction before 4 months had higher odds of being overweight (OR 1.37, 95% CI 1.19, 1.57 and 1.07, 95% CI 0.87, 1.32, respectively), compared to those with CF introduction at or after 4 months. CONCLUSIONS: In children born at term, formula-fed infants and infants who were breastfed for shorter than 4 months, but not infants who were breastfed for 4 months or longer, had a higher risk of being overweight during childhood when being introduced to CF before 4 months of age."
W2920262097,1,,,“The One Time You Have Control over What They Eat”: A Qualitative Exploration of Mothers’ Practices to Establish Healthy Eating Behaviours during Weaning,other,37,mothers of healthy infants 3-14 months,25,3,14,stated,healthy infants 3⁻14 months,ok,not stated,taste experiences during weaning have a long-lasting effect on food preferences,2,"Qualitative focus-group study, so 'other'; findings are thematic with no effect directions.","maternal weaning strategies (modelling, repeated food exposure)",,establishment of healthy eating habits,good,unclear,,,Mothers used role modelling and repeated food exposure to shape infant food preferences during weaning.,"BACKGROUND: Weaning marks the transition from a milk-only diet to the consumption of solid foods. It is a time period where nutrition holds an undeniable importance and taste experiences have a long-lasting effect on food preferences. The factors and conditions that form parental feeding practices are yet to be fully understood; doing so can help target problematic behaviours and develop interventions aiming to modify them. OBJECTIVE: This study used a qualitative methodology to gain a better understanding of parental experiences of weaning a child. Particular emphasis was placed on exploring the factors and conditions that favour the establishment of a healthy relationship with food in infancy and those that impede it. METHODS: Thirty-seven mothers of healthy infants 3⁻14 months with no previous history of allergies or food-related disorders were recruited. Eight semi-structured focus group discussions were conducted, transcribed and analysed thematically. RESULTS: Discussions revealed a number of opportunities to establish healthy eating habits during weaning, as well as relevant challenges. Important opportunities included: acting as a role model for healthy foods; giving multiple opportunities to try a food; food variety ""so you don't have a fussy eater""; and without food variety ""things aren't going to work properly"". Additionally, some of the challenges identified were: misconceptions about the definition of food variety; and distractions occurring during feeding. CONCLUSIONS: Mothers were mindful of the need to provide their children with appropriate nutritional stimuli during weaning. They were aware of their role in influencing their infants' likes and used strategies such as modelling and repeated food exposure. The importance of a diverse diet in infancy was acknowledged, although knowledge gaps exist in relation to its definition. Distractions were tactfully employed by mothers to assist feeding. Findings of this study have applications in developing interventions for nutritional education in the complementary feeding period."
W2920262097,2,,,“The One Time You Have Control over What They Eat”: A Qualitative Exploration of Mothers’ Practices to Establish Healthy Eating Behaviours during Weaning,other,37,mothers of healthy infants 3-14 months,25,3,14,stated,healthy infants 3⁻14 months,ok,not stated,taste experiences during weaning have a long-lasting effect on food preferences,2,"Qualitative focus-group study, so 'other'; findings are thematic with no effect directions.",maternal knowledge of dietary variety,,accurate definition of food variety,good,unclear,,,Knowledge gaps existed around the definition of food variety; distractions were tactfully employed to assist feeding.,"BACKGROUND: Weaning marks the transition from a milk-only diet to the consumption of solid foods. It is a time period where nutrition holds an undeniable importance and taste experiences have a long-lasting effect on food preferences. The factors and conditions that form parental feeding practices are yet to be fully understood; doing so can help target problematic behaviours and develop interventions aiming to modify them. OBJECTIVE: This study used a qualitative methodology to gain a better understanding of parental experiences of weaning a child. Particular emphasis was placed on exploring the factors and conditions that favour the establishment of a healthy relationship with food in infancy and those that impede it. METHODS: Thirty-seven mothers of healthy infants 3⁻14 months with no previous history of allergies or food-related disorders were recruited. Eight semi-structured focus group discussions were conducted, transcribed and analysed thematically. RESULTS: Discussions revealed a number of opportunities to establish healthy eating habits during weaning, as well as relevant challenges. Important opportunities included: acting as a role model for healthy foods; giving multiple opportunities to try a food; food variety ""so you don't have a fussy eater""; and without food variety ""things aren't going to work properly"". Additionally, some of the challenges identified were: misconceptions about the definition of food variety; and distractions occurring during feeding. CONCLUSIONS: Mothers were mindful of the need to provide their children with appropriate nutritional stimuli during weaning. They were aware of their role in influencing their infants' likes and used strategies such as modelling and repeated food exposure. The importance of a diverse diet in infancy was acknowledged, although knowledge gaps exist in relation to its definition. Distractions were tactfully employed by mothers to assist feeding. Findings of this study have applications in developing interventions for nutritional education in the complementary feeding period."
W2960244174,1,,,Early Life Exposure to Violence: Developmental Consequences on Brain and Behavior,review,not stated,infants exposed to intimate partner violence,164,,,unknown,,,not stated,the infant's brain and stress-related systems are especially susceptible to environmental stimuli | research on exposure to IPV during infancy and its effects is scarce,2,Mini-review; 'infancy' and 'perinatal period' not numerically bounded.,exposure to intimate partner violence during infancy,,emotional and cognitive development,good,decreased,,,Reviewed evidence indicates IPV exposure during infancy disrupts emotional and cognitive development.,"Exposure to intimate partner violence (IPV) can have long-lasting effects on a child's socio-emotional and neurological development. Research has focused on the effects of IPV on women or older children, while the developmental consequences of exposure to domestic violence during early childhood are less well documented. However, one would expect significant developmental effects since the infant's brain and stress-related systems are especially susceptible to environmental stimuli. The goal of this mini-review is to examine how findings on infant exposure to IPV can be related to risk and resilience of development in infancy. We describe the known effects of witnessing violence during the perinatal period on socio-emotional development and the possible pathways by which IPV affects brain and stress-regulating systems. Exposure to IPV during infancy disrupts the infant's emotional and cognitive development, the development of the Hypothalamus-Pituitary-Adrenal (HPA) axis and brain structures related to witnessing itself (auditory and visual cortex). The findings are embedded in the context of the resource depletion hypothesis. A central problem is the dearth of research on exposure to IPV during infancy, its effect on caregiving, and infant development. Nonetheless, the available evidence makes it clear that policies for prevention of IPV are critically needed."
W2960244174,2,,,Early Life Exposure to Violence: Developmental Consequences on Brain and Behavior,review,not stated,infants exposed to intimate partner violence,164,,,unknown,,,not stated,the infant's brain and stress-related systems are especially susceptible to environmental stimuli | research on exposure to IPV during infancy and its effects is scarce,2,Mini-review; 'infancy' and 'perinatal period' not numerically bounded.,exposure to intimate partner violence during infancy,,disruption of HPA axis and related brain structures,bad,increased,,,IPV exposure disrupts development of the HPA axis and brain structures related to witnessing (auditory and visual cortex).,"Exposure to intimate partner violence (IPV) can have long-lasting effects on a child's socio-emotional and neurological development. Research has focused on the effects of IPV on women or older children, while the developmental consequences of exposure to domestic violence during early childhood are less well documented. However, one would expect significant developmental effects since the infant's brain and stress-related systems are especially susceptible to environmental stimuli. The goal of this mini-review is to examine how findings on infant exposure to IPV can be related to risk and resilience of development in infancy. We describe the known effects of witnessing violence during the perinatal period on socio-emotional development and the possible pathways by which IPV affects brain and stress-regulating systems. Exposure to IPV during infancy disrupts the infant's emotional and cognitive development, the development of the Hypothalamus-Pituitary-Adrenal (HPA) axis and brain structures related to witnessing itself (auditory and visual cortex). The findings are embedded in the context of the resource depletion hypothesis. A central problem is the dearth of research on exposure to IPV during infancy, its effect on caregiving, and infant development. Nonetheless, the available evidence makes it clear that policies for prevention of IPV are critically needed."
W2990378469,1,,,Video Analysis of Parent–Child Interactions in Behavioral Sleep Disorders: Development of a Scoring Algorithm,other,3,child brain tumour survivors with chronic insomnia,5,,,unknown,,,not stated,parental report of children's overnight behaviours is unreliable | child brain tumour survivors have a high prevalence of chronic insomnia,1,"Methods-development pilot with n=3, coded 'other'.",iterative video coding algorithm for bedtime behaviour,,inter-rater reliability,good,increased,74%,ok,The final six-category coding system achieved 74% inter-rater reliability between two independent coders.,"Introduction: Behavioural sleep disorders, including chronic insomnia (CI), are generally assessed by subjective parent interview. However, evidence suggests that parental report of children’s overnight behaviours is unreliable, perhaps due to recall bias or confusion due to sleep deprivation. Video technology has been used clinically to capture complex behavioural disorders in children during the day. However, there is no standardised means of analysing child and parent behaviour at bedtime or during the night. We aimed to create an algorithm for this purpose. Methods: Child brain tumour survivors (a population previously shown to have a high prevalence of CI) were screened for difficulties initiating and maintaining sleep using sub-scales from the Sleep Disturbance Scale for Children. Those who screened positive (n=3) then completed a detailed parent interview to confirm a clinical diagnosis of CI. One night of home video footage was obtained from initial settling period to morning waking (SOMNOmedics camera). Footage was imported into BORIS© software and a coding system for parent and child behaviour was developed over multiple iterations until agreeable inter-rater reliability (>70%) was achieved between two independent coders. Results: The final coding categories were: 1) Time domains, 2) Physical environment, 3) Child global status, 4) Location, 5) Activity and 6) Physical interaction. This achieved 74% inter-reliability in its last iteration. Discussion: A statistically acceptable behaviour scoring algorithm was achieved. With further development, this tool could be applied clinically to investigate behavioural insomnia and in research to provide more objective outcome measurement."
W2997253988,1,,,Cross-language distance influences receptive vocabulary outcomes of bilingual children,cross-sectional,312,bilingual and monolingual children in the Netherlands,47,,,unknown,,,not stated,bilingual children score lower than monolingual peers on standardized receptive vocabulary tests,3,Sample is 165 Close + 108 Distant + 39 monolingual; children's ages not given in abstract.,bilingualism,monolingual controls,Dutch receptive vocabulary (PPVT),good,decreased,,,"As a group, bilinguals scored lower on Dutch receptive vocabulary than monolinguals.","Various studies have shown that bilingual children score lower than their monolingual peers on standardized receptive vocabulary tests. This study investigates if this effect is moderated by language distance. Dutch receptive vocabulary was tested with the Peabody Picture Vocabulary Test (PPVT). The impact of cross-language distance was examined by comparing bilingual groups with a small (Close; n = 165) and a large between-language distance (Distant; n = 108) with monolingual controls ( n = 39). As a group, the bilinguals scored lower on Dutch receptive vocabulary than the monolinguals. The bilingual Distant group had lower receptive vocabulary outcomes than the bilingual Close and monolingual groups. No difference emerged between the monolinguals and the bilingual Close group. It can be concluded that bilingual children whose languages provide ample opportunities for transfer and sharing knowledge do not have any receptive vocabulary delays. The findings underscore that bilingual children cannot be treated as a homogeneous group and are important for determining which bilingual children are at risk of low vocabulary outcomes."
W2997253988,2,,,Cross-language distance influences receptive vocabulary outcomes of bilingual children,cross-sectional,312,bilingual and monolingual children in the Netherlands,47,,,unknown,,,not stated,bilingual children score lower than monolingual peers on standardized receptive vocabulary tests,3,Sample is 165 Close + 108 Distant + 39 monolingual; children's ages not given in abstract.,large cross-language distance (Distant bilinguals),Close bilinguals and monolinguals,Dutch receptive vocabulary (PPVT),good,decreased,,,Bilinguals with a large between-language distance had lower receptive vocabulary than Close bilinguals and monolinguals.,"Various studies have shown that bilingual children score lower than their monolingual peers on standardized receptive vocabulary tests. This study investigates if this effect is moderated by language distance. Dutch receptive vocabulary was tested with the Peabody Picture Vocabulary Test (PPVT). The impact of cross-language distance was examined by comparing bilingual groups with a small (Close; n = 165) and a large between-language distance (Distant; n = 108) with monolingual controls ( n = 39). As a group, the bilinguals scored lower on Dutch receptive vocabulary than the monolinguals. The bilingual Distant group had lower receptive vocabulary outcomes than the bilingual Close and monolingual groups. No difference emerged between the monolinguals and the bilingual Close group. It can be concluded that bilingual children whose languages provide ample opportunities for transfer and sharing knowledge do not have any receptive vocabulary delays. The findings underscore that bilingual children cannot be treated as a homogeneous group and are important for determining which bilingual children are at risk of low vocabulary outcomes."
W2997253988,3,,,Cross-language distance influences receptive vocabulary outcomes of bilingual children,cross-sectional,312,bilingual and monolingual children in the Netherlands,47,,,unknown,,,not stated,bilingual children score lower than monolingual peers on standardized receptive vocabulary tests,3,Sample is 165 Close + 108 Distant + 39 monolingual; children's ages not given in abstract.,small cross-language distance (Close bilinguals),monolingual controls,Dutch receptive vocabulary (PPVT),good,no_change,,,No receptive vocabulary difference emerged between monolinguals and the bilingual Close group.,"Various studies have shown that bilingual children score lower than their monolingual peers on standardized receptive vocabulary tests. This study investigates if this effect is moderated by language distance. Dutch receptive vocabulary was tested with the Peabody Picture Vocabulary Test (PPVT). The impact of cross-language distance was examined by comparing bilingual groups with a small (Close; n = 165) and a large between-language distance (Distant; n = 108) with monolingual controls ( n = 39). As a group, the bilinguals scored lower on Dutch receptive vocabulary than the monolinguals. The bilingual Distant group had lower receptive vocabulary outcomes than the bilingual Close and monolingual groups. No difference emerged between the monolinguals and the bilingual Close group. It can be concluded that bilingual children whose languages provide ample opportunities for transfer and sharing knowledge do not have any receptive vocabulary delays. The findings underscore that bilingual children cannot be treated as a homogeneous group and are important for determining which bilingual children are at risk of low vocabulary outcomes."
W2999070894,1,,,Late Haemorrhagic Disease of Newborn: Can It be Prevented by Changing Prophylaxis Policy?,case-report,8,"infants with late haemorrhagic disease, Davangere, India",3,0,6,stated,infants aged 2 to 24 weeks,ok,not stated,"vitamin K deficiency can cause severe haemorrhage in the newborn and is an important cause of infant morbidity and mortality | late HDN mainly manifests as intracranial haemorrhage, resulting in mortality or lifelong sequelae",2,"Retrospective case series of 8, coded case-report; 2-24 weeks converted to about 0-6 months.",late haemorrhagic disease of the newborn,,intracranial haemorrhage and death,bad,unclear,5 patients died (62%),ok,Six of eight late-HDN cases had intracranial haemorrhage; five died and one had neurological sequelae.,"Background: Vitamin K deficiency can cause severe haemorrhage in the newborn and is an important cause of infant morbidity and mortality. HDN can be classified according to the time of presentation after birth into early (0–24 hours), classical (1–14 days) and late (2–12 weeks) HDN. Late HDN, which presents after the first week of life, mainly manifests as intracranial haemorrhage, depending upon the site and amount of bleeding, it either results in mortality or life long sequelae in the form of cerebral palsy and scar epilepsy with or without cognitive impairment. Objective: To determine the frequency of ICH about vitamin K deficiency and outcome in infants aged 2 to 24 weeks. Materials and Methods: From 1 September 2017 to 30 September 2019 we retrieved the retrospective data of 8 patients with late HDN admitted to Bapuji Child Health Institute and Chigateri Government General Hospital, Davangere. Results: Six of eight cases with late HDN had an intracranial haemorrhage, of whom 5 patients died (62%), one ended up with neurological sequelae (12%) and 2 cases had an extracranial bleed. Out of these 8 cases, 5 had not received vitamin K at birth. Conclusion: For neonates on strict breastfeeding, despite some with vitamin K prophylaxis, some patients still may suffer from intracranial and extracranial bleeding due to late HDN. Therefore, a change in strategy in the form of making the paediatricians and Anganwadi workers working in subcenters to give vitamin K, who have been vaccinating the babies after birth, would increase the vitamin K coverage."
W2999070894,2,,,Late Haemorrhagic Disease of Newborn: Can It be Prevented by Changing Prophylaxis Policy?,case-report,8,"infants with late haemorrhagic disease, Davangere, India",3,0,6,stated,infants aged 2 to 24 weeks,ok,not stated,"vitamin K deficiency can cause severe haemorrhage in the newborn and is an important cause of infant morbidity and mortality | late HDN mainly manifests as intracranial haemorrhage, resulting in mortality or lifelong sequelae",2,"Retrospective case series of 8, coded case-report; 2-24 weeks converted to about 0-6 months.",no vitamin K prophylaxis at birth,vitamin K given at birth,late haemorrhagic disease of the newborn,bad,increased,5 had not received vitamin K at birth,ok,"Five of eight cases had not received vitamin K at birth, though some cases occurred despite prophylaxis.","Background: Vitamin K deficiency can cause severe haemorrhage in the newborn and is an important cause of infant morbidity and mortality. HDN can be classified according to the time of presentation after birth into early (0–24 hours), classical (1–14 days) and late (2–12 weeks) HDN. Late HDN, which presents after the first week of life, mainly manifests as intracranial haemorrhage, depending upon the site and amount of bleeding, it either results in mortality or life long sequelae in the form of cerebral palsy and scar epilepsy with or without cognitive impairment. Objective: To determine the frequency of ICH about vitamin K deficiency and outcome in infants aged 2 to 24 weeks. Materials and Methods: From 1 September 2017 to 30 September 2019 we retrieved the retrospective data of 8 patients with late HDN admitted to Bapuji Child Health Institute and Chigateri Government General Hospital, Davangere. Results: Six of eight cases with late HDN had an intracranial haemorrhage, of whom 5 patients died (62%), one ended up with neurological sequelae (12%) and 2 cases had an extracranial bleed. Out of these 8 cases, 5 had not received vitamin K at birth. Conclusion: For neonates on strict breastfeeding, despite some with vitamin K prophylaxis, some patients still may suffer from intracranial and extracranial bleeding due to late HDN. Therefore, a change in strategy in the form of making the paediatricians and Anganwadi workers working in subcenters to give vitamin K, who have been vaccinating the babies after birth, would increase the vitamin K coverage."
W3004912538,1,,,"Trends and factors associated to early initiation of breastfeeding, exclusive breastfeeding and duration of breastfeeding in Ethiopia: evidence from the Ethiopia Demographic and Health Survey 2016",cross-sectional,5122,"Ethiopian children, Demographic and Health Survey 2016",152,,,unknown,,,not stated,"initiation of breastfeeding immediately after birth, exclusive breastfeeding, and continuous breastfeeding for at least 2 years lower the risk of newborn deaths",11,Hazard ratios above 1 here mean longer duration per the abstract's own reading; effect coded to duration direction as the abstract states it.,breastfeeding initiation within 1 h of birth,,prevalence of early initiation,good,unclear,81.8%,ok,81.8% of children initiated breastfeeding within 1 hour of birth.,"BACKGROUND: Initiation of breastfeeding immediately after birth, exclusive breastfeeding, and continuous breastfeeding for at least 2 years lower the risk of newborn deaths. This study was conducted to examine the trends and factors associated with early initiation of breastfeeding, exclusive breastfeeding and duration of breastfeeding in Ethiopia. METHODS: Data for this study were extracted from the Ethiopian Demographic and Health Survey 2016. A total of 5122 children were included in the analysis. Multivariate logistic regression analysis, and Cox proportional hazards model were fitted to find the factors associated with breastfeeding practices. Reported p - values < 0.05 or a 95% Confidence Interval of Odds Ratio/Hazard Ratio excluding one was considered as significant association with early initiation of breastfeeding, exclusive breastfeeding, duration of breastfeeding and independent variables. RESULTS: About 81.8% of the children initiated breastfeeding within 1 h of birth and during the day before an interview, 47% were exclusively breastfed during the first 6 months. The median duration of breastfeeding was 22 months (22 ± 0.50 months 95% Confidence Interval [CI] 21.01-22.99). Rural residents (Odds Ratio [OR] 0.71, 95% CI 0.51, 0.99), mothers with no antenatal follow up (OR 0.75, 95% CI 0.57, 0.99), caesarean birth (OR 0.80, 95% CI 0.66, 0.96) and home delivery were associated with low initiation of breastfeeding within 1 h of birth. Mothers with no/primary education (OR 0.62, 95% CI 0.40, 0.96), no baby postnatal checkup (OR 0.53, 95% CI 0.39, 0.73), average/larger size of a child at birth (OR 0.80, 95% CI 0.65, 0.99) and deliveries outside of health centers were significantly associated with non-exclusive breastfeeding at the time of the interview. Further, mothers living in Amhara (Hazard Ratio [HR] 1.31, 95% CI 1.05, 1.64), Oromia (HR 1.27, 95% CI 1.04, 1.54), and Benishangul-Gumuz (HR 1.34, 95% CI 1.09, 1.65) regions had a longer duration of breastfeeding while Muslims, employed mothers, multiple births and poor economic level of households were associated with shorter durations of breastfeeding. CONCLUSIONS: Rural residence, female sex, home delivery, caesarean birth, small birthweight baby and large family size were associated with late initiation of breastfeeding. Living in Affar, Somali, and Harari, primary education level of mothers, giving birth outside of health facilities, no antenatal care follow up, and no postnatal check-up were associated with non-exclusive breastfeeding, while younger age mothers, Muslims, giving birth outside of health facilities, and employed mothers were associated with shorter time to cessation of breastfeeding. Providing health education and counseling for mothers during and after pregnancy should be encouraged."
W3004912538,2,,,"Trends and factors associated to early initiation of breastfeeding, exclusive breastfeeding and duration of breastfeeding in Ethiopia: evidence from the Ethiopia Demographic and Health Survey 2016",cross-sectional,5122,"Ethiopian children, Demographic and Health Survey 2016",152,,,unknown,,,not stated,"initiation of breastfeeding immediately after birth, exclusive breastfeeding, and continuous breastfeeding for at least 2 years lower the risk of newborn deaths",11,Hazard ratios above 1 here mean longer duration per the abstract's own reading; effect coded to duration direction as the abstract states it.,exclusive breastfeeding during the first 6 months,,prevalence of exclusive breastfeeding,good,unclear,47%,ok,47% of children were exclusively breastfed during the first 6 months.,"BACKGROUND: Initiation of breastfeeding immediately after birth, exclusive breastfeeding, and continuous breastfeeding for at least 2 years lower the risk of newborn deaths. This study was conducted to examine the trends and factors associated with early initiation of breastfeeding, exclusive breastfeeding and duration of breastfeeding in Ethiopia. METHODS: Data for this study were extracted from the Ethiopian Demographic and Health Survey 2016. A total of 5122 children were included in the analysis. Multivariate logistic regression analysis, and Cox proportional hazards model were fitted to find the factors associated with breastfeeding practices. Reported p - values < 0.05 or a 95% Confidence Interval of Odds Ratio/Hazard Ratio excluding one was considered as significant association with early initiation of breastfeeding, exclusive breastfeeding, duration of breastfeeding and independent variables. RESULTS: About 81.8% of the children initiated breastfeeding within 1 h of birth and during the day before an interview, 47% were exclusively breastfed during the first 6 months. The median duration of breastfeeding was 22 months (22 ± 0.50 months 95% Confidence Interval [CI] 21.01-22.99). Rural residents (Odds Ratio [OR] 0.71, 95% CI 0.51, 0.99), mothers with no antenatal follow up (OR 0.75, 95% CI 0.57, 0.99), caesarean birth (OR 0.80, 95% CI 0.66, 0.96) and home delivery were associated with low initiation of breastfeeding within 1 h of birth. Mothers with no/primary education (OR 0.62, 95% CI 0.40, 0.96), no baby postnatal checkup (OR 0.53, 95% CI 0.39, 0.73), average/larger size of a child at birth (OR 0.80, 95% CI 0.65, 0.99) and deliveries outside of health centers were significantly associated with non-exclusive breastfeeding at the time of the interview. Further, mothers living in Amhara (Hazard Ratio [HR] 1.31, 95% CI 1.05, 1.64), Oromia (HR 1.27, 95% CI 1.04, 1.54), and Benishangul-Gumuz (HR 1.34, 95% CI 1.09, 1.65) regions had a longer duration of breastfeeding while Muslims, employed mothers, multiple births and poor economic level of households were associated with shorter durations of breastfeeding. CONCLUSIONS: Rural residence, female sex, home delivery, caesarean birth, small birthweight baby and large family size were associated with late initiation of breastfeeding. Living in Affar, Somali, and Harari, primary education level of mothers, giving birth outside of health facilities, no antenatal care follow up, and no postnatal check-up were associated with non-exclusive breastfeeding, while younger age mothers, Muslims, giving birth outside of health facilities, and employed mothers were associated with shorter time to cessation of breastfeeding. Providing health education and counseling for mothers during and after pregnancy should be encouraged."
W3004912538,3,,,"Trends and factors associated to early initiation of breastfeeding, exclusive breastfeeding and duration of breastfeeding in Ethiopia: evidence from the Ethiopia Demographic and Health Survey 2016",cross-sectional,5122,"Ethiopian children, Demographic and Health Survey 2016",152,,,unknown,,,not stated,"initiation of breastfeeding immediately after birth, exclusive breastfeeding, and continuous breastfeeding for at least 2 years lower the risk of newborn deaths",11,Hazard ratios above 1 here mean longer duration per the abstract's own reading; effect coded to duration direction as the abstract states it.,breastfeeding,,median breastfeeding duration,good,unclear,22 ± 0.50 months 95% Confidence Interval [CI] 21.01-22.99,ok,Median breastfeeding duration was 22 months.,"BACKGROUND: Initiation of breastfeeding immediately after birth, exclusive breastfeeding, and continuous breastfeeding for at least 2 years lower the risk of newborn deaths. This study was conducted to examine the trends and factors associated with early initiation of breastfeeding, exclusive breastfeeding and duration of breastfeeding in Ethiopia. METHODS: Data for this study were extracted from the Ethiopian Demographic and Health Survey 2016. A total of 5122 children were included in the analysis. Multivariate logistic regression analysis, and Cox proportional hazards model were fitted to find the factors associated with breastfeeding practices. Reported p - values < 0.05 or a 95% Confidence Interval of Odds Ratio/Hazard Ratio excluding one was considered as significant association with early initiation of breastfeeding, exclusive breastfeeding, duration of breastfeeding and independent variables. RESULTS: About 81.8% of the children initiated breastfeeding within 1 h of birth and during the day before an interview, 47% were exclusively breastfed during the first 6 months. The median duration of breastfeeding was 22 months (22 ± 0.50 months 95% Confidence Interval [CI] 21.01-22.99). Rural residents (Odds Ratio [OR] 0.71, 95% CI 0.51, 0.99), mothers with no antenatal follow up (OR 0.75, 95% CI 0.57, 0.99), caesarean birth (OR 0.80, 95% CI 0.66, 0.96) and home delivery were associated with low initiation of breastfeeding within 1 h of birth. Mothers with no/primary education (OR 0.62, 95% CI 0.40, 0.96), no baby postnatal checkup (OR 0.53, 95% CI 0.39, 0.73), average/larger size of a child at birth (OR 0.80, 95% CI 0.65, 0.99) and deliveries outside of health centers were significantly associated with non-exclusive breastfeeding at the time of the interview. Further, mothers living in Amhara (Hazard Ratio [HR] 1.31, 95% CI 1.05, 1.64), Oromia (HR 1.27, 95% CI 1.04, 1.54), and Benishangul-Gumuz (HR 1.34, 95% CI 1.09, 1.65) regions had a longer duration of breastfeeding while Muslims, employed mothers, multiple births and poor economic level of households were associated with shorter durations of breastfeeding. CONCLUSIONS: Rural residence, female sex, home delivery, caesarean birth, small birthweight baby and large family size were associated with late initiation of breastfeeding. Living in Affar, Somali, and Harari, primary education level of mothers, giving birth outside of health facilities, no antenatal care follow up, and no postnatal check-up were associated with non-exclusive breastfeeding, while younger age mothers, Muslims, giving birth outside of health facilities, and employed mothers were associated with shorter time to cessation of breastfeeding. Providing health education and counseling for mothers during and after pregnancy should be encouraged."
W3004912538,4,,,"Trends and factors associated to early initiation of breastfeeding, exclusive breastfeeding and duration of breastfeeding in Ethiopia: evidence from the Ethiopia Demographic and Health Survey 2016",cross-sectional,5122,"Ethiopian children, Demographic and Health Survey 2016",152,,,unknown,,,not stated,"initiation of breastfeeding immediately after birth, exclusive breastfeeding, and continuous breastfeeding for at least 2 years lower the risk of newborn deaths",11,Hazard ratios above 1 here mean longer duration per the abstract's own reading; effect coded to duration direction as the abstract states it.,rural residence,urban residence,breastfeeding initiation within 1 h,good,decreased,"Odds Ratio [OR] 0.71, 95% CI 0.51, 0.99",ok,Rural residence was associated with lower odds of initiating breastfeeding within 1 hour.,"BACKGROUND: Initiation of breastfeeding immediately after birth, exclusive breastfeeding, and continuous breastfeeding for at least 2 years lower the risk of newborn deaths. This study was conducted to examine the trends and factors associated with early initiation of breastfeeding, exclusive breastfeeding and duration of breastfeeding in Ethiopia. METHODS: Data for this study were extracted from the Ethiopian Demographic and Health Survey 2016. A total of 5122 children were included in the analysis. Multivariate logistic regression analysis, and Cox proportional hazards model were fitted to find the factors associated with breastfeeding practices. Reported p - values < 0.05 or a 95% Confidence Interval of Odds Ratio/Hazard Ratio excluding one was considered as significant association with early initiation of breastfeeding, exclusive breastfeeding, duration of breastfeeding and independent variables. RESULTS: About 81.8% of the children initiated breastfeeding within 1 h of birth and during the day before an interview, 47% were exclusively breastfed during the first 6 months. The median duration of breastfeeding was 22 months (22 ± 0.50 months 95% Confidence Interval [CI] 21.01-22.99). Rural residents (Odds Ratio [OR] 0.71, 95% CI 0.51, 0.99), mothers with no antenatal follow up (OR 0.75, 95% CI 0.57, 0.99), caesarean birth (OR 0.80, 95% CI 0.66, 0.96) and home delivery were associated with low initiation of breastfeeding within 1 h of birth. Mothers with no/primary education (OR 0.62, 95% CI 0.40, 0.96), no baby postnatal checkup (OR 0.53, 95% CI 0.39, 0.73), average/larger size of a child at birth (OR 0.80, 95% CI 0.65, 0.99) and deliveries outside of health centers were significantly associated with non-exclusive breastfeeding at the time of the interview. Further, mothers living in Amhara (Hazard Ratio [HR] 1.31, 95% CI 1.05, 1.64), Oromia (HR 1.27, 95% CI 1.04, 1.54), and Benishangul-Gumuz (HR 1.34, 95% CI 1.09, 1.65) regions had a longer duration of breastfeeding while Muslims, employed mothers, multiple births and poor economic level of households were associated with shorter durations of breastfeeding. CONCLUSIONS: Rural residence, female sex, home delivery, caesarean birth, small birthweight baby and large family size were associated with late initiation of breastfeeding. Living in Affar, Somali, and Harari, primary education level of mothers, giving birth outside of health facilities, no antenatal care follow up, and no postnatal check-up were associated with non-exclusive breastfeeding, while younger age mothers, Muslims, giving birth outside of health facilities, and employed mothers were associated with shorter time to cessation of breastfeeding. Providing health education and counseling for mothers during and after pregnancy should be encouraged."
W3004912538,5,,,"Trends and factors associated to early initiation of breastfeeding, exclusive breastfeeding and duration of breastfeeding in Ethiopia: evidence from the Ethiopia Demographic and Health Survey 2016",cross-sectional,5122,"Ethiopian children, Demographic and Health Survey 2016",152,,,unknown,,,not stated,"initiation of breastfeeding immediately after birth, exclusive breastfeeding, and continuous breastfeeding for at least 2 years lower the risk of newborn deaths",11,Hazard ratios above 1 here mean longer duration per the abstract's own reading; effect coded to duration direction as the abstract states it.,no antenatal follow up,antenatal follow up,breastfeeding initiation within 1 h,good,decreased,"OR 0.75, 95% CI 0.57, 0.99",ok,Mothers with no antenatal follow-up had lower odds of early breastfeeding initiation.,"BACKGROUND: Initiation of breastfeeding immediately after birth, exclusive breastfeeding, and continuous breastfeeding for at least 2 years lower the risk of newborn deaths. This study was conducted to examine the trends and factors associated with early initiation of breastfeeding, exclusive breastfeeding and duration of breastfeeding in Ethiopia. METHODS: Data for this study were extracted from the Ethiopian Demographic and Health Survey 2016. A total of 5122 children were included in the analysis. Multivariate logistic regression analysis, and Cox proportional hazards model were fitted to find the factors associated with breastfeeding practices. Reported p - values < 0.05 or a 95% Confidence Interval of Odds Ratio/Hazard Ratio excluding one was considered as significant association with early initiation of breastfeeding, exclusive breastfeeding, duration of breastfeeding and independent variables. RESULTS: About 81.8% of the children initiated breastfeeding within 1 h of birth and during the day before an interview, 47% were exclusively breastfed during the first 6 months. The median duration of breastfeeding was 22 months (22 ± 0.50 months 95% Confidence Interval [CI] 21.01-22.99). Rural residents (Odds Ratio [OR] 0.71, 95% CI 0.51, 0.99), mothers with no antenatal follow up (OR 0.75, 95% CI 0.57, 0.99), caesarean birth (OR 0.80, 95% CI 0.66, 0.96) and home delivery were associated with low initiation of breastfeeding within 1 h of birth. Mothers with no/primary education (OR 0.62, 95% CI 0.40, 0.96), no baby postnatal checkup (OR 0.53, 95% CI 0.39, 0.73), average/larger size of a child at birth (OR 0.80, 95% CI 0.65, 0.99) and deliveries outside of health centers were significantly associated with non-exclusive breastfeeding at the time of the interview. Further, mothers living in Amhara (Hazard Ratio [HR] 1.31, 95% CI 1.05, 1.64), Oromia (HR 1.27, 95% CI 1.04, 1.54), and Benishangul-Gumuz (HR 1.34, 95% CI 1.09, 1.65) regions had a longer duration of breastfeeding while Muslims, employed mothers, multiple births and poor economic level of households were associated with shorter durations of breastfeeding. CONCLUSIONS: Rural residence, female sex, home delivery, caesarean birth, small birthweight baby and large family size were associated with late initiation of breastfeeding. Living in Affar, Somali, and Harari, primary education level of mothers, giving birth outside of health facilities, no antenatal care follow up, and no postnatal check-up were associated with non-exclusive breastfeeding, while younger age mothers, Muslims, giving birth outside of health facilities, and employed mothers were associated with shorter time to cessation of breastfeeding. Providing health education and counseling for mothers during and after pregnancy should be encouraged."
W3004912538,6,,,"Trends and factors associated to early initiation of breastfeeding, exclusive breastfeeding and duration of breastfeeding in Ethiopia: evidence from the Ethiopia Demographic and Health Survey 2016",cross-sectional,5122,"Ethiopian children, Demographic and Health Survey 2016",152,,,unknown,,,not stated,"initiation of breastfeeding immediately after birth, exclusive breastfeeding, and continuous breastfeeding for at least 2 years lower the risk of newborn deaths",11,Hazard ratios above 1 here mean longer duration per the abstract's own reading; effect coded to duration direction as the abstract states it.,caesarean birth,vaginal birth,breastfeeding initiation within 1 h,good,decreased,"OR 0.80, 95% CI 0.66, 0.96",ok,Caesarean birth was associated with lower odds of early breastfeeding initiation; home delivery also lowered initiation.,"BACKGROUND: Initiation of breastfeeding immediately after birth, exclusive breastfeeding, and continuous breastfeeding for at least 2 years lower the risk of newborn deaths. This study was conducted to examine the trends and factors associated with early initiation of breastfeeding, exclusive breastfeeding and duration of breastfeeding in Ethiopia. METHODS: Data for this study were extracted from the Ethiopian Demographic and Health Survey 2016. A total of 5122 children were included in the analysis. Multivariate logistic regression analysis, and Cox proportional hazards model were fitted to find the factors associated with breastfeeding practices. Reported p - values < 0.05 or a 95% Confidence Interval of Odds Ratio/Hazard Ratio excluding one was considered as significant association with early initiation of breastfeeding, exclusive breastfeeding, duration of breastfeeding and independent variables. RESULTS: About 81.8% of the children initiated breastfeeding within 1 h of birth and during the day before an interview, 47% were exclusively breastfed during the first 6 months. The median duration of breastfeeding was 22 months (22 ± 0.50 months 95% Confidence Interval [CI] 21.01-22.99). Rural residents (Odds Ratio [OR] 0.71, 95% CI 0.51, 0.99), mothers with no antenatal follow up (OR 0.75, 95% CI 0.57, 0.99), caesarean birth (OR 0.80, 95% CI 0.66, 0.96) and home delivery were associated with low initiation of breastfeeding within 1 h of birth. Mothers with no/primary education (OR 0.62, 95% CI 0.40, 0.96), no baby postnatal checkup (OR 0.53, 95% CI 0.39, 0.73), average/larger size of a child at birth (OR 0.80, 95% CI 0.65, 0.99) and deliveries outside of health centers were significantly associated with non-exclusive breastfeeding at the time of the interview. Further, mothers living in Amhara (Hazard Ratio [HR] 1.31, 95% CI 1.05, 1.64), Oromia (HR 1.27, 95% CI 1.04, 1.54), and Benishangul-Gumuz (HR 1.34, 95% CI 1.09, 1.65) regions had a longer duration of breastfeeding while Muslims, employed mothers, multiple births and poor economic level of households were associated with shorter durations of breastfeeding. CONCLUSIONS: Rural residence, female sex, home delivery, caesarean birth, small birthweight baby and large family size were associated with late initiation of breastfeeding. Living in Affar, Somali, and Harari, primary education level of mothers, giving birth outside of health facilities, no antenatal care follow up, and no postnatal check-up were associated with non-exclusive breastfeeding, while younger age mothers, Muslims, giving birth outside of health facilities, and employed mothers were associated with shorter time to cessation of breastfeeding. Providing health education and counseling for mothers during and after pregnancy should be encouraged."
W3004912538,7,,,"Trends and factors associated to early initiation of breastfeeding, exclusive breastfeeding and duration of breastfeeding in Ethiopia: evidence from the Ethiopia Demographic and Health Survey 2016",cross-sectional,5122,"Ethiopian children, Demographic and Health Survey 2016",152,,,unknown,,,not stated,"initiation of breastfeeding immediately after birth, exclusive breastfeeding, and continuous breastfeeding for at least 2 years lower the risk of newborn deaths",11,Hazard ratios above 1 here mean longer duration per the abstract's own reading; effect coded to duration direction as the abstract states it.,maternal no/primary education,higher maternal education,exclusive breastfeeding,good,decreased,"OR 0.62, 95% CI 0.40, 0.96",ok,No or primary maternal education was associated with non-exclusive breastfeeding.,"BACKGROUND: Initiation of breastfeeding immediately after birth, exclusive breastfeeding, and continuous breastfeeding for at least 2 years lower the risk of newborn deaths. This study was conducted to examine the trends and factors associated with early initiation of breastfeeding, exclusive breastfeeding and duration of breastfeeding in Ethiopia. METHODS: Data for this study were extracted from the Ethiopian Demographic and Health Survey 2016. A total of 5122 children were included in the analysis. Multivariate logistic regression analysis, and Cox proportional hazards model were fitted to find the factors associated with breastfeeding practices. Reported p - values < 0.05 or a 95% Confidence Interval of Odds Ratio/Hazard Ratio excluding one was considered as significant association with early initiation of breastfeeding, exclusive breastfeeding, duration of breastfeeding and independent variables. RESULTS: About 81.8% of the children initiated breastfeeding within 1 h of birth and during the day before an interview, 47% were exclusively breastfed during the first 6 months. The median duration of breastfeeding was 22 months (22 ± 0.50 months 95% Confidence Interval [CI] 21.01-22.99). Rural residents (Odds Ratio [OR] 0.71, 95% CI 0.51, 0.99), mothers with no antenatal follow up (OR 0.75, 95% CI 0.57, 0.99), caesarean birth (OR 0.80, 95% CI 0.66, 0.96) and home delivery were associated with low initiation of breastfeeding within 1 h of birth. Mothers with no/primary education (OR 0.62, 95% CI 0.40, 0.96), no baby postnatal checkup (OR 0.53, 95% CI 0.39, 0.73), average/larger size of a child at birth (OR 0.80, 95% CI 0.65, 0.99) and deliveries outside of health centers were significantly associated with non-exclusive breastfeeding at the time of the interview. Further, mothers living in Amhara (Hazard Ratio [HR] 1.31, 95% CI 1.05, 1.64), Oromia (HR 1.27, 95% CI 1.04, 1.54), and Benishangul-Gumuz (HR 1.34, 95% CI 1.09, 1.65) regions had a longer duration of breastfeeding while Muslims, employed mothers, multiple births and poor economic level of households were associated with shorter durations of breastfeeding. CONCLUSIONS: Rural residence, female sex, home delivery, caesarean birth, small birthweight baby and large family size were associated with late initiation of breastfeeding. Living in Affar, Somali, and Harari, primary education level of mothers, giving birth outside of health facilities, no antenatal care follow up, and no postnatal check-up were associated with non-exclusive breastfeeding, while younger age mothers, Muslims, giving birth outside of health facilities, and employed mothers were associated with shorter time to cessation of breastfeeding. Providing health education and counseling for mothers during and after pregnancy should be encouraged."
W3004912538,8,,,"Trends and factors associated to early initiation of breastfeeding, exclusive breastfeeding and duration of breastfeeding in Ethiopia: evidence from the Ethiopia Demographic and Health Survey 2016",cross-sectional,5122,"Ethiopian children, Demographic and Health Survey 2016",152,,,unknown,,,not stated,"initiation of breastfeeding immediately after birth, exclusive breastfeeding, and continuous breastfeeding for at least 2 years lower the risk of newborn deaths",11,Hazard ratios above 1 here mean longer duration per the abstract's own reading; effect coded to duration direction as the abstract states it.,no baby postnatal checkup,postnatal checkup,exclusive breastfeeding,good,decreased,"OR 0.53, 95% CI 0.39, 0.73",ok,No postnatal checkup was associated with non-exclusive breastfeeding.,"BACKGROUND: Initiation of breastfeeding immediately after birth, exclusive breastfeeding, and continuous breastfeeding for at least 2 years lower the risk of newborn deaths. This study was conducted to examine the trends and factors associated with early initiation of breastfeeding, exclusive breastfeeding and duration of breastfeeding in Ethiopia. METHODS: Data for this study were extracted from the Ethiopian Demographic and Health Survey 2016. A total of 5122 children were included in the analysis. Multivariate logistic regression analysis, and Cox proportional hazards model were fitted to find the factors associated with breastfeeding practices. Reported p - values < 0.05 or a 95% Confidence Interval of Odds Ratio/Hazard Ratio excluding one was considered as significant association with early initiation of breastfeeding, exclusive breastfeeding, duration of breastfeeding and independent variables. RESULTS: About 81.8% of the children initiated breastfeeding within 1 h of birth and during the day before an interview, 47% were exclusively breastfed during the first 6 months. The median duration of breastfeeding was 22 months (22 ± 0.50 months 95% Confidence Interval [CI] 21.01-22.99). Rural residents (Odds Ratio [OR] 0.71, 95% CI 0.51, 0.99), mothers with no antenatal follow up (OR 0.75, 95% CI 0.57, 0.99), caesarean birth (OR 0.80, 95% CI 0.66, 0.96) and home delivery were associated with low initiation of breastfeeding within 1 h of birth. Mothers with no/primary education (OR 0.62, 95% CI 0.40, 0.96), no baby postnatal checkup (OR 0.53, 95% CI 0.39, 0.73), average/larger size of a child at birth (OR 0.80, 95% CI 0.65, 0.99) and deliveries outside of health centers were significantly associated with non-exclusive breastfeeding at the time of the interview. Further, mothers living in Amhara (Hazard Ratio [HR] 1.31, 95% CI 1.05, 1.64), Oromia (HR 1.27, 95% CI 1.04, 1.54), and Benishangul-Gumuz (HR 1.34, 95% CI 1.09, 1.65) regions had a longer duration of breastfeeding while Muslims, employed mothers, multiple births and poor economic level of households were associated with shorter durations of breastfeeding. CONCLUSIONS: Rural residence, female sex, home delivery, caesarean birth, small birthweight baby and large family size were associated with late initiation of breastfeeding. Living in Affar, Somali, and Harari, primary education level of mothers, giving birth outside of health facilities, no antenatal care follow up, and no postnatal check-up were associated with non-exclusive breastfeeding, while younger age mothers, Muslims, giving birth outside of health facilities, and employed mothers were associated with shorter time to cessation of breastfeeding. Providing health education and counseling for mothers during and after pregnancy should be encouraged."
W3004912538,9,,,"Trends and factors associated to early initiation of breastfeeding, exclusive breastfeeding and duration of breastfeeding in Ethiopia: evidence from the Ethiopia Demographic and Health Survey 2016",cross-sectional,5122,"Ethiopian children, Demographic and Health Survey 2016",152,,,unknown,,,not stated,"initiation of breastfeeding immediately after birth, exclusive breastfeeding, and continuous breastfeeding for at least 2 years lower the risk of newborn deaths",11,Hazard ratios above 1 here mean longer duration per the abstract's own reading; effect coded to duration direction as the abstract states it.,average/larger size of a child at birth,smaller birth size,exclusive breastfeeding,good,decreased,"OR 0.80, 95% CI 0.65, 0.99",ok,"Average or larger birth size was associated with non-exclusive breastfeeding, as were deliveries outside health centers.","BACKGROUND: Initiation of breastfeeding immediately after birth, exclusive breastfeeding, and continuous breastfeeding for at least 2 years lower the risk of newborn deaths. This study was conducted to examine the trends and factors associated with early initiation of breastfeeding, exclusive breastfeeding and duration of breastfeeding in Ethiopia. METHODS: Data for this study were extracted from the Ethiopian Demographic and Health Survey 2016. A total of 5122 children were included in the analysis. Multivariate logistic regression analysis, and Cox proportional hazards model were fitted to find the factors associated with breastfeeding practices. Reported p - values < 0.05 or a 95% Confidence Interval of Odds Ratio/Hazard Ratio excluding one was considered as significant association with early initiation of breastfeeding, exclusive breastfeeding, duration of breastfeeding and independent variables. RESULTS: About 81.8% of the children initiated breastfeeding within 1 h of birth and during the day before an interview, 47% were exclusively breastfed during the first 6 months. The median duration of breastfeeding was 22 months (22 ± 0.50 months 95% Confidence Interval [CI] 21.01-22.99). Rural residents (Odds Ratio [OR] 0.71, 95% CI 0.51, 0.99), mothers with no antenatal follow up (OR 0.75, 95% CI 0.57, 0.99), caesarean birth (OR 0.80, 95% CI 0.66, 0.96) and home delivery were associated with low initiation of breastfeeding within 1 h of birth. Mothers with no/primary education (OR 0.62, 95% CI 0.40, 0.96), no baby postnatal checkup (OR 0.53, 95% CI 0.39, 0.73), average/larger size of a child at birth (OR 0.80, 95% CI 0.65, 0.99) and deliveries outside of health centers were significantly associated with non-exclusive breastfeeding at the time of the interview. Further, mothers living in Amhara (Hazard Ratio [HR] 1.31, 95% CI 1.05, 1.64), Oromia (HR 1.27, 95% CI 1.04, 1.54), and Benishangul-Gumuz (HR 1.34, 95% CI 1.09, 1.65) regions had a longer duration of breastfeeding while Muslims, employed mothers, multiple births and poor economic level of households were associated with shorter durations of breastfeeding. CONCLUSIONS: Rural residence, female sex, home delivery, caesarean birth, small birthweight baby and large family size were associated with late initiation of breastfeeding. Living in Affar, Somali, and Harari, primary education level of mothers, giving birth outside of health facilities, no antenatal care follow up, and no postnatal check-up were associated with non-exclusive breastfeeding, while younger age mothers, Muslims, giving birth outside of health facilities, and employed mothers were associated with shorter time to cessation of breastfeeding. Providing health education and counseling for mothers during and after pregnancy should be encouraged."
W3004912538,10,,,"Trends and factors associated to early initiation of breastfeeding, exclusive breastfeeding and duration of breastfeeding in Ethiopia: evidence from the Ethiopia Demographic and Health Survey 2016",cross-sectional,5122,"Ethiopian children, Demographic and Health Survey 2016",152,,,unknown,,,not stated,"initiation of breastfeeding immediately after birth, exclusive breastfeeding, and continuous breastfeeding for at least 2 years lower the risk of newborn deaths",11,Hazard ratios above 1 here mean longer duration per the abstract's own reading; effect coded to duration direction as the abstract states it.,"living in Amhara, Oromia, or Benishangul-Gumuz regions",other regions,duration of breastfeeding,good,increased,"Hazard Ratio [HR] 1.31, 95% CI 1.05, 1.64",ok,"Mothers in Amhara, Oromia and Benishangul-Gumuz regions breastfed for longer.","BACKGROUND: Initiation of breastfeeding immediately after birth, exclusive breastfeeding, and continuous breastfeeding for at least 2 years lower the risk of newborn deaths. This study was conducted to examine the trends and factors associated with early initiation of breastfeeding, exclusive breastfeeding and duration of breastfeeding in Ethiopia. METHODS: Data for this study were extracted from the Ethiopian Demographic and Health Survey 2016. A total of 5122 children were included in the analysis. Multivariate logistic regression analysis, and Cox proportional hazards model were fitted to find the factors associated with breastfeeding practices. Reported p - values < 0.05 or a 95% Confidence Interval of Odds Ratio/Hazard Ratio excluding one was considered as significant association with early initiation of breastfeeding, exclusive breastfeeding, duration of breastfeeding and independent variables. RESULTS: About 81.8% of the children initiated breastfeeding within 1 h of birth and during the day before an interview, 47% were exclusively breastfed during the first 6 months. The median duration of breastfeeding was 22 months (22 ± 0.50 months 95% Confidence Interval [CI] 21.01-22.99). Rural residents (Odds Ratio [OR] 0.71, 95% CI 0.51, 0.99), mothers with no antenatal follow up (OR 0.75, 95% CI 0.57, 0.99), caesarean birth (OR 0.80, 95% CI 0.66, 0.96) and home delivery were associated with low initiation of breastfeeding within 1 h of birth. Mothers with no/primary education (OR 0.62, 95% CI 0.40, 0.96), no baby postnatal checkup (OR 0.53, 95% CI 0.39, 0.73), average/larger size of a child at birth (OR 0.80, 95% CI 0.65, 0.99) and deliveries outside of health centers were significantly associated with non-exclusive breastfeeding at the time of the interview. Further, mothers living in Amhara (Hazard Ratio [HR] 1.31, 95% CI 1.05, 1.64), Oromia (HR 1.27, 95% CI 1.04, 1.54), and Benishangul-Gumuz (HR 1.34, 95% CI 1.09, 1.65) regions had a longer duration of breastfeeding while Muslims, employed mothers, multiple births and poor economic level of households were associated with shorter durations of breastfeeding. CONCLUSIONS: Rural residence, female sex, home delivery, caesarean birth, small birthweight baby and large family size were associated with late initiation of breastfeeding. Living in Affar, Somali, and Harari, primary education level of mothers, giving birth outside of health facilities, no antenatal care follow up, and no postnatal check-up were associated with non-exclusive breastfeeding, while younger age mothers, Muslims, giving birth outside of health facilities, and employed mothers were associated with shorter time to cessation of breastfeeding. Providing health education and counseling for mothers during and after pregnancy should be encouraged."
W3004912538,11,,,"Trends and factors associated to early initiation of breastfeeding, exclusive breastfeeding and duration of breastfeeding in Ethiopia: evidence from the Ethiopia Demographic and Health Survey 2016",cross-sectional,5122,"Ethiopian children, Demographic and Health Survey 2016",152,,,unknown,,,not stated,"initiation of breastfeeding immediately after birth, exclusive breastfeeding, and continuous breastfeeding for at least 2 years lower the risk of newborn deaths",11,Hazard ratios above 1 here mean longer duration per the abstract's own reading; effect coded to duration direction as the abstract states it.,"Muslim religion, maternal employment, multiple births, poor household",,duration of breastfeeding,good,decreased,,,"Muslim religion, maternal employment, multiple births and poor economic level were associated with shorter breastfeeding duration.","BACKGROUND: Initiation of breastfeeding immediately after birth, exclusive breastfeeding, and continuous breastfeeding for at least 2 years lower the risk of newborn deaths. This study was conducted to examine the trends and factors associated with early initiation of breastfeeding, exclusive breastfeeding and duration of breastfeeding in Ethiopia. METHODS: Data for this study were extracted from the Ethiopian Demographic and Health Survey 2016. A total of 5122 children were included in the analysis. Multivariate logistic regression analysis, and Cox proportional hazards model were fitted to find the factors associated with breastfeeding practices. Reported p - values < 0.05 or a 95% Confidence Interval of Odds Ratio/Hazard Ratio excluding one was considered as significant association with early initiation of breastfeeding, exclusive breastfeeding, duration of breastfeeding and independent variables. RESULTS: About 81.8% of the children initiated breastfeeding within 1 h of birth and during the day before an interview, 47% were exclusively breastfed during the first 6 months. The median duration of breastfeeding was 22 months (22 ± 0.50 months 95% Confidence Interval [CI] 21.01-22.99). Rural residents (Odds Ratio [OR] 0.71, 95% CI 0.51, 0.99), mothers with no antenatal follow up (OR 0.75, 95% CI 0.57, 0.99), caesarean birth (OR 0.80, 95% CI 0.66, 0.96) and home delivery were associated with low initiation of breastfeeding within 1 h of birth. Mothers with no/primary education (OR 0.62, 95% CI 0.40, 0.96), no baby postnatal checkup (OR 0.53, 95% CI 0.39, 0.73), average/larger size of a child at birth (OR 0.80, 95% CI 0.65, 0.99) and deliveries outside of health centers were significantly associated with non-exclusive breastfeeding at the time of the interview. Further, mothers living in Amhara (Hazard Ratio [HR] 1.31, 95% CI 1.05, 1.64), Oromia (HR 1.27, 95% CI 1.04, 1.54), and Benishangul-Gumuz (HR 1.34, 95% CI 1.09, 1.65) regions had a longer duration of breastfeeding while Muslims, employed mothers, multiple births and poor economic level of households were associated with shorter durations of breastfeeding. CONCLUSIONS: Rural residence, female sex, home delivery, caesarean birth, small birthweight baby and large family size were associated with late initiation of breastfeeding. Living in Affar, Somali, and Harari, primary education level of mothers, giving birth outside of health facilities, no antenatal care follow up, and no postnatal check-up were associated with non-exclusive breastfeeding, while younger age mothers, Muslims, giving birth outside of health facilities, and employed mothers were associated with shorter time to cessation of breastfeeding. Providing health education and counseling for mothers during and after pregnancy should be encouraged."
W3047982017,1,,,Young Children's Tablet Computer Play.,review,not stated,young children using tablet computers (literature review),7,,,unknown,,,not stated,,1,Scholarly literature review with argumentative conclusions rather than empirical results.,tablet computer play,,dependence on sociocultural conditions,unclear,unclear,,,"Review finds tablet play relies on sociocultural conditions as well as technology, and apps for young children lack affordances for creativity.","The author reviews the research and scholarly literature about young children’s play with tablet computers and identifies four major topics relevant to the subject—digital literacy, learning, transgressive and creative play, and parental involvement. He finds that young children’s tablet computer play relies not only on technology, but also on sociocultural conditions. He argues that research should pay greater attention to transgressive play and should in general treat play as an autotelic concept because the nuances of play are as important as its function. He calls attention to the lack of affordances for creativity in apps for young children, explores the need for parental involvement in young children’s tablet computer play, and discusses the importance of agency and access in such play. Key words: digital media; iPad; tablet computer; play and young children"
W3092706693,1,,,Sleeping late is a risk factor for myopia development amongst school-aged children in China,cohort,6295,"school-aged children, Shanghai, China",81,,,unknown,,,not stated,myopia is projected to affect half of the world's population in 30 years,3,"'School-aged children' too broad to bound numerically, so ages left null.",sleeping late,earlier sleepers,myopia prevalence at baseline,bad,increased,"odds ratio [OR] = 1.55, p = 0.04",ok,"Sleeping late was associated with higher myopia prevalence at baseline, adjusted for outdoor time, sleep duration and demographics.","Myopia, a leading cause of distance vision impairment, is projected to affect half of the world's population in 30 years. We analysed the relationship between certain demographic, environmental, and behavioural factors and myopia from a 2-year school-based, prospective trial conducted in Shanghai, China. This trial enrolled 6295 school-aged children at baseline and followed them up for 24 months. The relationship between abovementioned factors and myopia was examined and the role of sleep in childhood myopia development was highlighted. Our results suggest that 'sleeping late' is a risk factor for myopia prevalence at baseline (odds ratio [OR] = 1.55, p = 0.04), 2-year myopia incidence (odds ratio [OR] = 1.44, p = 0.02) and progression over 24 months (p = 0.005), after adjusting for residency area, age, gender, sleep duration, and time spent outdoors. The identification and consistency of results with late sleepers being a susceptible group to both myopia onset and progression suggests a complex relationship between circadian rhythm, indoor environment, habitual indoor activities and myopia development and progression. These results can offer new insights to future myopia aetiology studies as well as aid in decision-making of myopia prevention strategies."
W3092706693,2,,,Sleeping late is a risk factor for myopia development amongst school-aged children in China,cohort,6295,"school-aged children, Shanghai, China",81,,,unknown,,,not stated,myopia is projected to affect half of the world's population in 30 years,3,"'School-aged children' too broad to bound numerically, so ages left null.",sleeping late,earlier sleepers,2-year myopia incidence,bad,increased,"[OR] = 1.44, p = 0.02",ok,Sleeping late was associated with higher 2-year myopia incidence.,"Myopia, a leading cause of distance vision impairment, is projected to affect half of the world's population in 30 years. We analysed the relationship between certain demographic, environmental, and behavioural factors and myopia from a 2-year school-based, prospective trial conducted in Shanghai, China. This trial enrolled 6295 school-aged children at baseline and followed them up for 24 months. The relationship between abovementioned factors and myopia was examined and the role of sleep in childhood myopia development was highlighted. Our results suggest that 'sleeping late' is a risk factor for myopia prevalence at baseline (odds ratio [OR] = 1.55, p = 0.04), 2-year myopia incidence (odds ratio [OR] = 1.44, p = 0.02) and progression over 24 months (p = 0.005), after adjusting for residency area, age, gender, sleep duration, and time spent outdoors. The identification and consistency of results with late sleepers being a susceptible group to both myopia onset and progression suggests a complex relationship between circadian rhythm, indoor environment, habitual indoor activities and myopia development and progression. These results can offer new insights to future myopia aetiology studies as well as aid in decision-making of myopia prevention strategies."
W3092706693,3,,,Sleeping late is a risk factor for myopia development amongst school-aged children in China,cohort,6295,"school-aged children, Shanghai, China",81,,,unknown,,,not stated,myopia is projected to affect half of the world's population in 30 years,3,"'School-aged children' too broad to bound numerically, so ages left null.",sleeping late,earlier sleepers,myopia progression over 24 months,bad,increased,p = 0.005,ok,Sleeping late was associated with greater myopia progression over 24 months.,"Myopia, a leading cause of distance vision impairment, is projected to affect half of the world's population in 30 years. We analysed the relationship between certain demographic, environmental, and behavioural factors and myopia from a 2-year school-based, prospective trial conducted in Shanghai, China. This trial enrolled 6295 school-aged children at baseline and followed them up for 24 months. The relationship between abovementioned factors and myopia was examined and the role of sleep in childhood myopia development was highlighted. Our results suggest that 'sleeping late' is a risk factor for myopia prevalence at baseline (odds ratio [OR] = 1.55, p = 0.04), 2-year myopia incidence (odds ratio [OR] = 1.44, p = 0.02) and progression over 24 months (p = 0.005), after adjusting for residency area, age, gender, sleep duration, and time spent outdoors. The identification and consistency of results with late sleepers being a susceptible group to both myopia onset and progression suggests a complex relationship between circadian rhythm, indoor environment, habitual indoor activities and myopia development and progression. These results can offer new insights to future myopia aetiology studies as well as aid in decision-making of myopia prevention strategies."
W3112982005,1,,,Are Safe Sleep Practice Recommendations For Infants Being Applied Among Caregivers?,cross-sectional,506,"caregivers of infants under one year, Jeddah, Saudi Arabia",9,0,12,stated,all infants below the age of one year,ok,not stated,"SIDS is related to many factors, such as the baby's position and objects in the crib",3,Descriptive survey; findings are prevalences without comparative effects.,safe sleep education from health care providers,,proportion of caregivers educated,good,unclear,22.5%,ok,Only 22.5% of caregivers had received safe sleep education from health care providers.,"Background Sudden infant death syndrome (SIDS) is defined as the sudden unexpected death of an infant, even after investigations and autopsy. SIDS is related to many factors, such as the baby's position and objects in the crib. Adherence to safe sleep recommendations in Saudi Arabia is unclear. This study aims to assess caregivers' implementation of safe sleep practices and if they received any safe sleep education through health care workers. Methods This was a cross-sectional, descriptive study. Inclusion criteria included all infants below the age of one year. Exclusion criteria included infants who were born premature, used ventilation, had a tracheostomy, any anomaly in the upper airway, or underwent spine surgery. A semi-structured questionnaire was used. Data were collected from mothers who had infants visiting the outpatient department of King Abdulaziz University Hospital in Jeddah, Saudi Arabia. An electronic survey was also created and published on a social platform. Statistical analysis was conducted with the aid of the Statistical Package for Social Sciences (SPSS) software, version 26 (IBM SPSS Statistics, Armonk, NY). Results Among 506 participants, only 22.5% were found to receive education about safe practices from health care providers. Fortunately, most of the infants (63.2%) were found to sleep in a supine position most of the nights. Adherent caregivers to placing the child in a designated baby bed and in a supine position most nights represented 44.86% of the sample. However, when asked about placing any of the following objects in the bed (pillows, blankets, soft toys, hard toys, and electric wires), the percentage of adherence dropped down to only 1.58%. Conclusion There was an obvious non-adherence among caregivers and a possible lack of knowledge of safe sleep recommendations for infants. This highlights the need for optimal education by health care workers and the rule of media and campaigns is obvious and essential to improving their practices and, hopefully, decreasing the risk of SIDS."
W3112982005,2,,,Are Safe Sleep Practice Recommendations For Infants Being Applied Among Caregivers?,cross-sectional,506,"caregivers of infants under one year, Jeddah, Saudi Arabia",9,0,12,stated,all infants below the age of one year,ok,not stated,"SIDS is related to many factors, such as the baby's position and objects in the crib",3,Descriptive survey; findings are prevalences without comparative effects.,supine sleep positioning,,adherence to supine sleeping,good,unclear,63.2%,ok,63.2% of infants slept supine most nights; 44.86% adhered to both a designated bed and supine position.,"Background Sudden infant death syndrome (SIDS) is defined as the sudden unexpected death of an infant, even after investigations and autopsy. SIDS is related to many factors, such as the baby's position and objects in the crib. Adherence to safe sleep recommendations in Saudi Arabia is unclear. This study aims to assess caregivers' implementation of safe sleep practices and if they received any safe sleep education through health care workers. Methods This was a cross-sectional, descriptive study. Inclusion criteria included all infants below the age of one year. Exclusion criteria included infants who were born premature, used ventilation, had a tracheostomy, any anomaly in the upper airway, or underwent spine surgery. A semi-structured questionnaire was used. Data were collected from mothers who had infants visiting the outpatient department of King Abdulaziz University Hospital in Jeddah, Saudi Arabia. An electronic survey was also created and published on a social platform. Statistical analysis was conducted with the aid of the Statistical Package for Social Sciences (SPSS) software, version 26 (IBM SPSS Statistics, Armonk, NY). Results Among 506 participants, only 22.5% were found to receive education about safe practices from health care providers. Fortunately, most of the infants (63.2%) were found to sleep in a supine position most of the nights. Adherent caregivers to placing the child in a designated baby bed and in a supine position most nights represented 44.86% of the sample. However, when asked about placing any of the following objects in the bed (pillows, blankets, soft toys, hard toys, and electric wires), the percentage of adherence dropped down to only 1.58%. Conclusion There was an obvious non-adherence among caregivers and a possible lack of knowledge of safe sleep recommendations for infants. This highlights the need for optimal education by health care workers and the rule of media and campaigns is obvious and essential to improving their practices and, hopefully, decreasing the risk of SIDS."
W3112982005,3,,,Are Safe Sleep Practice Recommendations For Infants Being Applied Among Caregivers?,cross-sectional,506,"caregivers of infants under one year, Jeddah, Saudi Arabia",9,0,12,stated,all infants below the age of one year,ok,not stated,"SIDS is related to many factors, such as the baby's position and objects in the crib",3,Descriptive survey; findings are prevalences without comparative effects.,"keeping objects (pillows, blankets, toys, wires) out of the bed",,adherence to object-free sleep environment,good,unclear,1.58%,ok,"Adherence dropped to 1.58% when object-free bedding was included, indicating widespread non-adherence.","Background Sudden infant death syndrome (SIDS) is defined as the sudden unexpected death of an infant, even after investigations and autopsy. SIDS is related to many factors, such as the baby's position and objects in the crib. Adherence to safe sleep recommendations in Saudi Arabia is unclear. This study aims to assess caregivers' implementation of safe sleep practices and if they received any safe sleep education through health care workers. Methods This was a cross-sectional, descriptive study. Inclusion criteria included all infants below the age of one year. Exclusion criteria included infants who were born premature, used ventilation, had a tracheostomy, any anomaly in the upper airway, or underwent spine surgery. A semi-structured questionnaire was used. Data were collected from mothers who had infants visiting the outpatient department of King Abdulaziz University Hospital in Jeddah, Saudi Arabia. An electronic survey was also created and published on a social platform. Statistical analysis was conducted with the aid of the Statistical Package for Social Sciences (SPSS) software, version 26 (IBM SPSS Statistics, Armonk, NY). Results Among 506 participants, only 22.5% were found to receive education about safe practices from health care providers. Fortunately, most of the infants (63.2%) were found to sleep in a supine position most of the nights. Adherent caregivers to placing the child in a designated baby bed and in a supine position most nights represented 44.86% of the sample. However, when asked about placing any of the following objects in the bed (pillows, blankets, soft toys, hard toys, and electric wires), the percentage of adherence dropped down to only 1.58%. Conclusion There was an obvious non-adherence among caregivers and a possible lack of knowledge of safe sleep recommendations for infants. This highlights the need for optimal education by health care workers and the rule of media and campaigns is obvious and essential to improving their practices and, hopefully, decreasing the risk of SIDS."
W3123712456,1,,,Pragmatic Profiles of Toddlers With Autism Spectrum Disorder at the Onset of Speech,case-control,24,ASD and typically developing toddlers with mothers,4,17,28,stated,"median 28 months, IQR 24.5–35, median 17 months, IQR 17–18",ok,not stated,using speech to communicate pragmatic functions is challenging among individuals with ASD,3,"Group-comparison observational design (9 ASD vs 15 TD dyads) coded as case-control; ages are group medians at matched lexical stage, not a strict range.",autism spectrum disorder,typically developing toddlers,age at emergence of words,bad,increased,"median 28 months, IQR 24.5–35, median 17 months, IQR 17–18",ok,"ASD toddlers reached a 40-70 word lexicon later than TD toddlers, with greater variability.","Using speech to communicate pragmatic functions is challenging among individuals with Autism Spectrum Disorder (ASD). Given the role language plays in developing everyday skills, we traced the unique pragmatic profile of early words, seeking comparison to typically developing (TD) toddlers at similar lexical stages. Twenty-four mother-toddler dyads participated (9 ASD and 15 TD). Dyads were video recorded when toddlers reached a productive lexicon of 40–70 words. These recordings were captured three times during naturalistic interaction and at two consecutive visits with a 2-month interval. Seven thousand three hundred seventy-six productions were analyzed and classified into four communicative intentions (Declaratives, Requests, Objections, and Non-Communicative speech). ASD toddlers were delayed in the emergence of words compared to TD toddlers, with a greater within-group variability (median 28 months, IQR 24.5–35, median 17 months, IQR 17–18, respectively,p< 0.001). In both groups, the most common communicative intention was Declarative. However, the percentage of Declaratives was higher among TD toddlers across visits compared to ASD toddlers. In both groups, most productions were directed toward the communicative partner, but ASD toddlers used Non-Communicative speech more often than TD peers. Non-Communicative speech gradually decreased over time. We conclude that while TD toddlers begin to talk with an already-established knowledge of the main communicative functions of words, ASD toddlers seem to have only a partial understanding and gradually improve communicative use as they expand their lexicon. These findings bear theoretical and practical implications for early intervention in ASD. We suggest that communicative profiles are affected by individual characteristics and by the interaction style."
W3123712456,2,,,Pragmatic Profiles of Toddlers With Autism Spectrum Disorder at the Onset of Speech,case-control,24,ASD and typically developing toddlers with mothers,4,17,28,stated,"median 28 months, IQR 24.5–35, median 17 months, IQR 17–18",ok,not stated,using speech to communicate pragmatic functions is challenging among individuals with ASD,3,"Group-comparison observational design (9 ASD vs 15 TD dyads) coded as case-control; ages are group medians at matched lexical stage, not a strict range.",autism spectrum disorder,typically developing toddlers,percentage of declarative communicative intentions,good,decreased,,,Declaratives were most common in both groups but proportionally higher among TD toddlers across visits.,"Using speech to communicate pragmatic functions is challenging among individuals with Autism Spectrum Disorder (ASD). Given the role language plays in developing everyday skills, we traced the unique pragmatic profile of early words, seeking comparison to typically developing (TD) toddlers at similar lexical stages. Twenty-four mother-toddler dyads participated (9 ASD and 15 TD). Dyads were video recorded when toddlers reached a productive lexicon of 40–70 words. These recordings were captured three times during naturalistic interaction and at two consecutive visits with a 2-month interval. Seven thousand three hundred seventy-six productions were analyzed and classified into four communicative intentions (Declaratives, Requests, Objections, and Non-Communicative speech). ASD toddlers were delayed in the emergence of words compared to TD toddlers, with a greater within-group variability (median 28 months, IQR 24.5–35, median 17 months, IQR 17–18, respectively,p< 0.001). In both groups, the most common communicative intention was Declarative. However, the percentage of Declaratives was higher among TD toddlers across visits compared to ASD toddlers. In both groups, most productions were directed toward the communicative partner, but ASD toddlers used Non-Communicative speech more often than TD peers. Non-Communicative speech gradually decreased over time. We conclude that while TD toddlers begin to talk with an already-established knowledge of the main communicative functions of words, ASD toddlers seem to have only a partial understanding and gradually improve communicative use as they expand their lexicon. These findings bear theoretical and practical implications for early intervention in ASD. We suggest that communicative profiles are affected by individual characteristics and by the interaction style."
W3123712456,3,,,Pragmatic Profiles of Toddlers With Autism Spectrum Disorder at the Onset of Speech,case-control,24,ASD and typically developing toddlers with mothers,4,17,28,stated,"median 28 months, IQR 24.5–35, median 17 months, IQR 17–18",ok,not stated,using speech to communicate pragmatic functions is challenging among individuals with ASD,3,"Group-comparison observational design (9 ASD vs 15 TD dyads) coded as case-control; ages are group medians at matched lexical stage, not a strict range.",autism spectrum disorder,typically developing toddlers,use of non-communicative speech,bad,increased,,,ASD toddlers used non-communicative speech more often than TD peers; it decreased gradually over time.,"Using speech to communicate pragmatic functions is challenging among individuals with Autism Spectrum Disorder (ASD). Given the role language plays in developing everyday skills, we traced the unique pragmatic profile of early words, seeking comparison to typically developing (TD) toddlers at similar lexical stages. Twenty-four mother-toddler dyads participated (9 ASD and 15 TD). Dyads were video recorded when toddlers reached a productive lexicon of 40–70 words. These recordings were captured three times during naturalistic interaction and at two consecutive visits with a 2-month interval. Seven thousand three hundred seventy-six productions were analyzed and classified into four communicative intentions (Declaratives, Requests, Objections, and Non-Communicative speech). ASD toddlers were delayed in the emergence of words compared to TD toddlers, with a greater within-group variability (median 28 months, IQR 24.5–35, median 17 months, IQR 17–18, respectively,p< 0.001). In both groups, the most common communicative intention was Declarative. However, the percentage of Declaratives was higher among TD toddlers across visits compared to ASD toddlers. In both groups, most productions were directed toward the communicative partner, but ASD toddlers used Non-Communicative speech more often than TD peers. Non-Communicative speech gradually decreased over time. We conclude that while TD toddlers begin to talk with an already-established knowledge of the main communicative functions of words, ASD toddlers seem to have only a partial understanding and gradually improve communicative use as they expand their lexicon. These findings bear theoretical and practical implications for early intervention in ASD. We suggest that communicative profiles are affected by individual characteristics and by the interaction style."
W3136151703,1,,,Vitamin D status in full-term exclusively breastfed infants versus full-term breastfed infants receiving vitamin D supplementation in Thailand: a randomized controlled trial,rct,not stated,"full-term exclusively breastfed infants, Thailand",12,0,6,stated,until 6 months of age,ok,not stated,"many international medical organizations recommend vitamin D supplementation for infants, especially exclusively breastfed infants",5,Methods sentence is truncated in the abstract; intervention arm n = 43 but total randomized number not stated.,exclusive breastfeeding without vitamin D supplementation,,vitamin D sufficiency at 6 months,good,decreased,43.2%,ok,Most unsupplemented exclusively breastfed Thai infants had serum 25OHD below sufficiency at 6 months.,"BACKGROUND: Many international medical organizations recommend vitamin D supplementation for infants, especially exclusively breastfed infants. In Thailand, however, data regarding the vitamin D status in Thai infants are lacking. Such data would help to support physician decisions and guide medical practice. METHODS: supplementation at 400 IU/day (intervention group, n = 43) until 6 months of age. At 6 months, the serum vitamin D (25OHD) of the infants and their mothers, serum bone marker, and infants' growth parameters were compared between the two groups. RESULTS: The infants' serum 25OHD concentration was lower in the control group than intervention group (20.57 ± 12.66 vs. 46.01 ± 16.42 ng/mL, p < 0.01). More infants had vitamin D sufficiency (25OHD of > 20 ng/mL) in the intervention group than control group (93.0% vs. 43.2%, p < 0.01). There were no significant differences in the maternal 25OHD concentrations between the control and intervention groups (25.08 ± 7.75 vs. 23.75 ± 7.64 ng/mL, p = 0.42). Serum calcium, phosphorus, intact parathyroid hormone, alkaline phosphatase, and infants' growth parameters were comparable between the two groups. After adjustment for the confounding factors, 25OHD concentration in the intervention group was 25.66 ng/mL higher than the control group (95% confidence interval, 19.07-32.25; p < 0.001). Vitamin D supplement contributed to an 88.7% decrease in the prevalence of vitamin D insufficiency/deficiency (relative risk, 0.11; 95% confidence interval, 0.04-0.35; p < 0.01). CONCLUSIONS: Most full-term, exclusively breastfed Thai infants have serum vitamin D concentration below sufficiency level at 6 months of age. However, vitamin D supplementation (400 IU/day) improves their vitamin D status and prevents vitamin D deficiency. TRIAL REGISTRATION: The study was pre-registered in the Thai Clinical Trials Registry ( TCTR20190622001 ) on 22/06/2019."
W3136151703,2,,,Vitamin D status in full-term exclusively breastfed infants versus full-term breastfed infants receiving vitamin D supplementation in Thailand: a randomized controlled trial,rct,not stated,"full-term exclusively breastfed infants, Thailand",12,0,6,stated,until 6 months of age,ok,not stated,"many international medical organizations recommend vitamin D supplementation for infants, especially exclusively breastfed infants",5,Methods sentence is truncated in the abstract; intervention arm n = 43 but total randomized number not stated.,vitamin D supplementation 400 IU/day,no supplementation,serum 25OHD concentration at 6 months,good,increased,"20.57 ± 12.66 vs. 46.01 ± 16.42 ng/mL, p < 0.01",ok,Supplemented infants had markedly higher serum 25OHD than controls at 6 months.,"BACKGROUND: Many international medical organizations recommend vitamin D supplementation for infants, especially exclusively breastfed infants. In Thailand, however, data regarding the vitamin D status in Thai infants are lacking. Such data would help to support physician decisions and guide medical practice. METHODS: supplementation at 400 IU/day (intervention group, n = 43) until 6 months of age. At 6 months, the serum vitamin D (25OHD) of the infants and their mothers, serum bone marker, and infants' growth parameters were compared between the two groups. RESULTS: The infants' serum 25OHD concentration was lower in the control group than intervention group (20.57 ± 12.66 vs. 46.01 ± 16.42 ng/mL, p < 0.01). More infants had vitamin D sufficiency (25OHD of > 20 ng/mL) in the intervention group than control group (93.0% vs. 43.2%, p < 0.01). There were no significant differences in the maternal 25OHD concentrations between the control and intervention groups (25.08 ± 7.75 vs. 23.75 ± 7.64 ng/mL, p = 0.42). Serum calcium, phosphorus, intact parathyroid hormone, alkaline phosphatase, and infants' growth parameters were comparable between the two groups. After adjustment for the confounding factors, 25OHD concentration in the intervention group was 25.66 ng/mL higher than the control group (95% confidence interval, 19.07-32.25; p < 0.001). Vitamin D supplement contributed to an 88.7% decrease in the prevalence of vitamin D insufficiency/deficiency (relative risk, 0.11; 95% confidence interval, 0.04-0.35; p < 0.01). CONCLUSIONS: Most full-term, exclusively breastfed Thai infants have serum vitamin D concentration below sufficiency level at 6 months of age. However, vitamin D supplementation (400 IU/day) improves their vitamin D status and prevents vitamin D deficiency. TRIAL REGISTRATION: The study was pre-registered in the Thai Clinical Trials Registry ( TCTR20190622001 ) on 22/06/2019."
W3136151703,3,,,Vitamin D status in full-term exclusively breastfed infants versus full-term breastfed infants receiving vitamin D supplementation in Thailand: a randomized controlled trial,rct,not stated,"full-term exclusively breastfed infants, Thailand",12,0,6,stated,until 6 months of age,ok,not stated,"many international medical organizations recommend vitamin D supplementation for infants, especially exclusively breastfed infants",5,Methods sentence is truncated in the abstract; intervention arm n = 43 but total randomized number not stated.,vitamin D supplementation 400 IU/day,no supplementation,vitamin D insufficiency/deficiency,bad,decreased,"relative risk, 0.11; 95% confidence interval, 0.04-0.35",ok,Supplementation contributed to an 88.7% decrease in the prevalence of vitamin D insufficiency/deficiency.,"BACKGROUND: Many international medical organizations recommend vitamin D supplementation for infants, especially exclusively breastfed infants. In Thailand, however, data regarding the vitamin D status in Thai infants are lacking. Such data would help to support physician decisions and guide medical practice. METHODS: supplementation at 400 IU/day (intervention group, n = 43) until 6 months of age. At 6 months, the serum vitamin D (25OHD) of the infants and their mothers, serum bone marker, and infants' growth parameters were compared between the two groups. RESULTS: The infants' serum 25OHD concentration was lower in the control group than intervention group (20.57 ± 12.66 vs. 46.01 ± 16.42 ng/mL, p < 0.01). More infants had vitamin D sufficiency (25OHD of > 20 ng/mL) in the intervention group than control group (93.0% vs. 43.2%, p < 0.01). There were no significant differences in the maternal 25OHD concentrations between the control and intervention groups (25.08 ± 7.75 vs. 23.75 ± 7.64 ng/mL, p = 0.42). Serum calcium, phosphorus, intact parathyroid hormone, alkaline phosphatase, and infants' growth parameters were comparable between the two groups. After adjustment for the confounding factors, 25OHD concentration in the intervention group was 25.66 ng/mL higher than the control group (95% confidence interval, 19.07-32.25; p < 0.001). Vitamin D supplement contributed to an 88.7% decrease in the prevalence of vitamin D insufficiency/deficiency (relative risk, 0.11; 95% confidence interval, 0.04-0.35; p < 0.01). CONCLUSIONS: Most full-term, exclusively breastfed Thai infants have serum vitamin D concentration below sufficiency level at 6 months of age. However, vitamin D supplementation (400 IU/day) improves their vitamin D status and prevents vitamin D deficiency. TRIAL REGISTRATION: The study was pre-registered in the Thai Clinical Trials Registry ( TCTR20190622001 ) on 22/06/2019."
W3136151703,4,,,Vitamin D status in full-term exclusively breastfed infants versus full-term breastfed infants receiving vitamin D supplementation in Thailand: a randomized controlled trial,rct,not stated,"full-term exclusively breastfed infants, Thailand",12,0,6,stated,until 6 months of age,ok,not stated,"many international medical organizations recommend vitamin D supplementation for infants, especially exclusively breastfed infants",5,Methods sentence is truncated in the abstract; intervention arm n = 43 but total randomized number not stated.,vitamin D supplementation 400 IU/day,no supplementation,growth parameters and bone markers,good,no_change,,,"Serum calcium, phosphorus, PTH, alkaline phosphatase and growth parameters were comparable between groups.","BACKGROUND: Many international medical organizations recommend vitamin D supplementation for infants, especially exclusively breastfed infants. In Thailand, however, data regarding the vitamin D status in Thai infants are lacking. Such data would help to support physician decisions and guide medical practice. METHODS: supplementation at 400 IU/day (intervention group, n = 43) until 6 months of age. At 6 months, the serum vitamin D (25OHD) of the infants and their mothers, serum bone marker, and infants' growth parameters were compared between the two groups. RESULTS: The infants' serum 25OHD concentration was lower in the control group than intervention group (20.57 ± 12.66 vs. 46.01 ± 16.42 ng/mL, p < 0.01). More infants had vitamin D sufficiency (25OHD of > 20 ng/mL) in the intervention group than control group (93.0% vs. 43.2%, p < 0.01). There were no significant differences in the maternal 25OHD concentrations between the control and intervention groups (25.08 ± 7.75 vs. 23.75 ± 7.64 ng/mL, p = 0.42). Serum calcium, phosphorus, intact parathyroid hormone, alkaline phosphatase, and infants' growth parameters were comparable between the two groups. After adjustment for the confounding factors, 25OHD concentration in the intervention group was 25.66 ng/mL higher than the control group (95% confidence interval, 19.07-32.25; p < 0.001). Vitamin D supplement contributed to an 88.7% decrease in the prevalence of vitamin D insufficiency/deficiency (relative risk, 0.11; 95% confidence interval, 0.04-0.35; p < 0.01). CONCLUSIONS: Most full-term, exclusively breastfed Thai infants have serum vitamin D concentration below sufficiency level at 6 months of age. However, vitamin D supplementation (400 IU/day) improves their vitamin D status and prevents vitamin D deficiency. TRIAL REGISTRATION: The study was pre-registered in the Thai Clinical Trials Registry ( TCTR20190622001 ) on 22/06/2019."
W3136151703,5,,,Vitamin D status in full-term exclusively breastfed infants versus full-term breastfed infants receiving vitamin D supplementation in Thailand: a randomized controlled trial,rct,not stated,"full-term exclusively breastfed infants, Thailand",12,0,6,stated,until 6 months of age,ok,not stated,"many international medical organizations recommend vitamin D supplementation for infants, especially exclusively breastfed infants",5,Methods sentence is truncated in the abstract; intervention arm n = 43 but total randomized number not stated.,infant vitamin D supplementation,no supplementation,maternal serum 25OHD concentration,good,no_change,"25.08 ± 7.75 vs. 23.75 ± 7.64 ng/mL, p = 0.42",ok,Maternal 25OHD did not differ between groups.,"BACKGROUND: Many international medical organizations recommend vitamin D supplementation for infants, especially exclusively breastfed infants. In Thailand, however, data regarding the vitamin D status in Thai infants are lacking. Such data would help to support physician decisions and guide medical practice. METHODS: supplementation at 400 IU/day (intervention group, n = 43) until 6 months of age. At 6 months, the serum vitamin D (25OHD) of the infants and their mothers, serum bone marker, and infants' growth parameters were compared between the two groups. RESULTS: The infants' serum 25OHD concentration was lower in the control group than intervention group (20.57 ± 12.66 vs. 46.01 ± 16.42 ng/mL, p < 0.01). More infants had vitamin D sufficiency (25OHD of > 20 ng/mL) in the intervention group than control group (93.0% vs. 43.2%, p < 0.01). There were no significant differences in the maternal 25OHD concentrations between the control and intervention groups (25.08 ± 7.75 vs. 23.75 ± 7.64 ng/mL, p = 0.42). Serum calcium, phosphorus, intact parathyroid hormone, alkaline phosphatase, and infants' growth parameters were comparable between the two groups. After adjustment for the confounding factors, 25OHD concentration in the intervention group was 25.66 ng/mL higher than the control group (95% confidence interval, 19.07-32.25; p < 0.001). Vitamin D supplement contributed to an 88.7% decrease in the prevalence of vitamin D insufficiency/deficiency (relative risk, 0.11; 95% confidence interval, 0.04-0.35; p < 0.01). CONCLUSIONS: Most full-term, exclusively breastfed Thai infants have serum vitamin D concentration below sufficiency level at 6 months of age. However, vitamin D supplementation (400 IU/day) improves their vitamin D status and prevents vitamin D deficiency. TRIAL REGISTRATION: The study was pre-registered in the Thai Clinical Trials Registry ( TCTR20190622001 ) on 22/06/2019."
W3158472555,1,,,The effect of diet in infancy on asthma in young adults: the Merthyr Allergy Prevention Study,rct,487,"infants at high risk of allergic disease, Merthyr",3,0,4,stated,for the first 4 months of life,ok,not stated,early infant diet might influence the risk of subsequent allergic disease,5,"Substantial attrition: 299 of 487 completed the 23-year questionnaire, 119 clinically assessed.",cow's milk exclusion diet with soya milk for first 4 months,normal diet,atopy at age 23 years,bad,increased,"adjusted OR 2.97, 95% CI 1.30 to 6.80; p=0.01",ok,The intervention group had significantly increased atopy risk at age 23.,"INTRODUCTION: Early infant diet might influence the risk of subsequent allergic disease. METHODS: The Merthyr Allergy Prevention Study (MAPS) was a randomised controlled trial in infants at high risk of allergic disease. The trial determined whether a cow's milk exclusion diet for the first 4 months of life decreased the risk of allergic disease including asthma compared with a normal diet. A soya milk preparation was offered to those in the intervention group. A standardised questionnaire for allergic disease was completed at ages 1, 7, 15 and 23 years, with clinical assessment at 1, 7 and 23 years. The effect of the intervention on the risk of atopy, asthma and wheeze at age 23 years was determined. FINDINGS: 487 subjects entered the study; at age 23 years 299 completed the questionnaire, of which 119 attended clinical assessment. Subjects randomised to the intervention group had a significantly increased risk of atopy (adjusted OR 2.97, 95% CI 1.30 to 6.80; p=0.01) and asthma (OR 2.07, 95%CI 1.09 to 3.91; p=0.03) at age 23 years, but not wheeze (OR 1.43, 95%CI 0.87 to 2.37; p=0.16). Earlier exposure to cow's milk was associated with a decreased risk of wheeze and asthma at age 23 years, while earlier exposure to soya milk was associated with an increased risk of atopy and asthma. INTERPRETATION: In infants at high risk of allergic disease, either cow's milk exclusion or early soya milk introduction for the first 4 months of life increases the risk of atopy, wheeze and asthma in adulthood."
W3158472555,2,,,The effect of diet in infancy on asthma in young adults: the Merthyr Allergy Prevention Study,rct,487,"infants at high risk of allergic disease, Merthyr",3,0,4,stated,for the first 4 months of life,ok,not stated,early infant diet might influence the risk of subsequent allergic disease,5,"Substantial attrition: 299 of 487 completed the 23-year questionnaire, 119 clinically assessed.",cow's milk exclusion diet with soya milk for first 4 months,normal diet,asthma at age 23 years,bad,increased,"OR 2.07, 95%CI 1.09 to 3.91; p=0.03",ok,The intervention group had significantly increased asthma risk at age 23.,"INTRODUCTION: Early infant diet might influence the risk of subsequent allergic disease. METHODS: The Merthyr Allergy Prevention Study (MAPS) was a randomised controlled trial in infants at high risk of allergic disease. The trial determined whether a cow's milk exclusion diet for the first 4 months of life decreased the risk of allergic disease including asthma compared with a normal diet. A soya milk preparation was offered to those in the intervention group. A standardised questionnaire for allergic disease was completed at ages 1, 7, 15 and 23 years, with clinical assessment at 1, 7 and 23 years. The effect of the intervention on the risk of atopy, asthma and wheeze at age 23 years was determined. FINDINGS: 487 subjects entered the study; at age 23 years 299 completed the questionnaire, of which 119 attended clinical assessment. Subjects randomised to the intervention group had a significantly increased risk of atopy (adjusted OR 2.97, 95% CI 1.30 to 6.80; p=0.01) and asthma (OR 2.07, 95%CI 1.09 to 3.91; p=0.03) at age 23 years, but not wheeze (OR 1.43, 95%CI 0.87 to 2.37; p=0.16). Earlier exposure to cow's milk was associated with a decreased risk of wheeze and asthma at age 23 years, while earlier exposure to soya milk was associated with an increased risk of atopy and asthma. INTERPRETATION: In infants at high risk of allergic disease, either cow's milk exclusion or early soya milk introduction for the first 4 months of life increases the risk of atopy, wheeze and asthma in adulthood."
W3158472555,3,,,The effect of diet in infancy on asthma in young adults: the Merthyr Allergy Prevention Study,rct,487,"infants at high risk of allergic disease, Merthyr",3,0,4,stated,for the first 4 months of life,ok,not stated,early infant diet might influence the risk of subsequent allergic disease,5,"Substantial attrition: 299 of 487 completed the 23-year questionnaire, 119 clinically assessed.",cow's milk exclusion diet with soya milk for first 4 months,normal diet,wheeze at age 23 years,bad,no_change,"OR 1.43, 95%CI 0.87 to 2.37; p=0.16",ok,Wheeze at 23 years was not significantly increased.,"INTRODUCTION: Early infant diet might influence the risk of subsequent allergic disease. METHODS: The Merthyr Allergy Prevention Study (MAPS) was a randomised controlled trial in infants at high risk of allergic disease. The trial determined whether a cow's milk exclusion diet for the first 4 months of life decreased the risk of allergic disease including asthma compared with a normal diet. A soya milk preparation was offered to those in the intervention group. A standardised questionnaire for allergic disease was completed at ages 1, 7, 15 and 23 years, with clinical assessment at 1, 7 and 23 years. The effect of the intervention on the risk of atopy, asthma and wheeze at age 23 years was determined. FINDINGS: 487 subjects entered the study; at age 23 years 299 completed the questionnaire, of which 119 attended clinical assessment. Subjects randomised to the intervention group had a significantly increased risk of atopy (adjusted OR 2.97, 95% CI 1.30 to 6.80; p=0.01) and asthma (OR 2.07, 95%CI 1.09 to 3.91; p=0.03) at age 23 years, but not wheeze (OR 1.43, 95%CI 0.87 to 2.37; p=0.16). Earlier exposure to cow's milk was associated with a decreased risk of wheeze and asthma at age 23 years, while earlier exposure to soya milk was associated with an increased risk of atopy and asthma. INTERPRETATION: In infants at high risk of allergic disease, either cow's milk exclusion or early soya milk introduction for the first 4 months of life increases the risk of atopy, wheeze and asthma in adulthood."
W3158472555,4,,,The effect of diet in infancy on asthma in young adults: the Merthyr Allergy Prevention Study,rct,487,"infants at high risk of allergic disease, Merthyr",3,0,4,stated,for the first 4 months of life,ok,not stated,early infant diet might influence the risk of subsequent allergic disease,5,"Substantial attrition: 299 of 487 completed the 23-year questionnaire, 119 clinically assessed.",earlier exposure to cow's milk,later exposure,wheeze and asthma at age 23 years,bad,decreased,,,Earlier cow's milk exposure was associated with decreased wheeze and asthma at 23 years.,"INTRODUCTION: Early infant diet might influence the risk of subsequent allergic disease. METHODS: The Merthyr Allergy Prevention Study (MAPS) was a randomised controlled trial in infants at high risk of allergic disease. The trial determined whether a cow's milk exclusion diet for the first 4 months of life decreased the risk of allergic disease including asthma compared with a normal diet. A soya milk preparation was offered to those in the intervention group. A standardised questionnaire for allergic disease was completed at ages 1, 7, 15 and 23 years, with clinical assessment at 1, 7 and 23 years. The effect of the intervention on the risk of atopy, asthma and wheeze at age 23 years was determined. FINDINGS: 487 subjects entered the study; at age 23 years 299 completed the questionnaire, of which 119 attended clinical assessment. Subjects randomised to the intervention group had a significantly increased risk of atopy (adjusted OR 2.97, 95% CI 1.30 to 6.80; p=0.01) and asthma (OR 2.07, 95%CI 1.09 to 3.91; p=0.03) at age 23 years, but not wheeze (OR 1.43, 95%CI 0.87 to 2.37; p=0.16). Earlier exposure to cow's milk was associated with a decreased risk of wheeze and asthma at age 23 years, while earlier exposure to soya milk was associated with an increased risk of atopy and asthma. INTERPRETATION: In infants at high risk of allergic disease, either cow's milk exclusion or early soya milk introduction for the first 4 months of life increases the risk of atopy, wheeze and asthma in adulthood."
W3158472555,5,,,The effect of diet in infancy on asthma in young adults: the Merthyr Allergy Prevention Study,rct,487,"infants at high risk of allergic disease, Merthyr",3,0,4,stated,for the first 4 months of life,ok,not stated,early infant diet might influence the risk of subsequent allergic disease,5,"Substantial attrition: 299 of 487 completed the 23-year questionnaire, 119 clinically assessed.",earlier exposure to soya milk,later exposure,atopy and asthma at age 23 years,bad,increased,,,Earlier soya milk exposure was associated with increased atopy and asthma at 23 years.,"INTRODUCTION: Early infant diet might influence the risk of subsequent allergic disease. METHODS: The Merthyr Allergy Prevention Study (MAPS) was a randomised controlled trial in infants at high risk of allergic disease. The trial determined whether a cow's milk exclusion diet for the first 4 months of life decreased the risk of allergic disease including asthma compared with a normal diet. A soya milk preparation was offered to those in the intervention group. A standardised questionnaire for allergic disease was completed at ages 1, 7, 15 and 23 years, with clinical assessment at 1, 7 and 23 years. The effect of the intervention on the risk of atopy, asthma and wheeze at age 23 years was determined. FINDINGS: 487 subjects entered the study; at age 23 years 299 completed the questionnaire, of which 119 attended clinical assessment. Subjects randomised to the intervention group had a significantly increased risk of atopy (adjusted OR 2.97, 95% CI 1.30 to 6.80; p=0.01) and asthma (OR 2.07, 95%CI 1.09 to 3.91; p=0.03) at age 23 years, but not wheeze (OR 1.43, 95%CI 0.87 to 2.37; p=0.16). Earlier exposure to cow's milk was associated with a decreased risk of wheeze and asthma at age 23 years, while earlier exposure to soya milk was associated with an increased risk of atopy and asthma. INTERPRETATION: In infants at high risk of allergic disease, either cow's milk exclusion or early soya milk introduction for the first 4 months of life increases the risk of atopy, wheeze and asthma in adulthood."
W3189004388,1,,,A Survey of Neonatal Nurses Perspectives on Voice Use and Auditory Needs with Premature Infants in the NICU,cross-sectional,not stated,NICU nurses in the United States,6,,,unknown,,,not stated,exposure to voice and language during the third-trimester critical period of auditory development is thought to be an essential building block for language,2,"Opt-in online questionnaire; number of nurse respondents not given in abstract; subjects are nurses, not infants.",infant age approaching term gestation,younger gestational age,nurses' reported voice use with infants,good,increased,,,Nurses reported using their voice more as infants approached term gestation; speaking was the most common voice use.,"BACKGROUND: Exposure to the voice and language during the critical period of auditory development associated with the third trimester is thought to be an essential building block for language. Differences in the auditory experience associated with early life in the NICU may increase the risk of language delays for premature infants. NICU nurses are fundamental in the care of premature infants; how they use their voices may be important in understanding auditory experiences in the NICU. This study examined voice use behaviors of NICU nurses in the United States and their current knowledge of early auditory development. METHOD: An opt-in, online questionnaire. RESULTS: Nurses reported using their voice more as the age of infants approached term gestation and speaking to infants was the most common type of voice use. Both infant and nurse factors influenced reported voice use decisions in the NICU. Nurses did not believe the NICU auditory environment to be sufficient to meet early auditory needs of premature infants but did believe that premature infants are exposed to adequate voice sounds. CONCLUSIONS: A gap in knowledge regarding the importance of early exposure to voice sounds may be a barrier to nurses using their voices to support early auditory development."
W3189004388,2,,,A Survey of Neonatal Nurses Perspectives on Voice Use and Auditory Needs with Premature Infants in the NICU,cross-sectional,not stated,NICU nurses in the United States,6,,,unknown,,,not stated,exposure to voice and language during the third-trimester critical period of auditory development is thought to be an essential building block for language,2,"Opt-in online questionnaire; number of nurse respondents not given in abstract; subjects are nurses, not infants.",NICU auditory environment,early auditory needs of premature infants,perceived adequacy of auditory environment,good,decreased,,,"Nurses did not believe the NICU auditory environment sufficient, though they believed voice exposure was adequate.","BACKGROUND: Exposure to the voice and language during the critical period of auditory development associated with the third trimester is thought to be an essential building block for language. Differences in the auditory experience associated with early life in the NICU may increase the risk of language delays for premature infants. NICU nurses are fundamental in the care of premature infants; how they use their voices may be important in understanding auditory experiences in the NICU. This study examined voice use behaviors of NICU nurses in the United States and their current knowledge of early auditory development. METHOD: An opt-in, online questionnaire. RESULTS: Nurses reported using their voice more as the age of infants approached term gestation and speaking to infants was the most common type of voice use. Both infant and nurse factors influenced reported voice use decisions in the NICU. Nurses did not believe the NICU auditory environment to be sufficient to meet early auditory needs of premature infants but did believe that premature infants are exposed to adequate voice sounds. CONCLUSIONS: A gap in knowledge regarding the importance of early exposure to voice sounds may be a barrier to nurses using their voices to support early auditory development."
W3192812203,1,,,"Webcams, Songs, and Vocabulary Learning: A Comparison of In-Person and Remote Data Collection as a Way of Moving Forward With Child-Language Research",other,not stated,"toddlers and preschoolers, in-person and remote testing",22,12,72,inferred,toddlers and preschoolers,ok,not stated,,3,Experimental methods-comparison study coded 'other'; 'toddlers and preschoolers' loosely bounded as 12-72 months.,remote webcam eye-gaze data collection,in-person lab testing,feasibility and precision of eye-gaze data,good,no_change,,,Remote data collection was feasible and comparable to in-person testing for young children's word-learning tasks.,"This article evaluates a testing procedure for collecting eye-gaze data with toddlers and preschoolers during a word-learning task. We provide feasibility and precision data by comparing performance in an in-person version of the study (conducted under controlled conditions in the lab), with performance in a virtual version in which participants completed the testing procedure from home. Our data support the feasibility of collecting remote eye-gaze data with young children, and present it as a viable alternative for conducting developmental language research when in-person interactions with participants cannot take place. Additionally, we use this methodological approach to examine a topic that has gained popularity in recent years-the role of music and songs on vocabulary learning. We provide evidence suggesting that while songs may help increase attention during a particular task, greater attention does not lead to greater learning. In fact, preschoolers show improved word-learning performance for items that were trained in a spoken sentence compared to items that were trained in a song. This means that while songs may be beneficial for increasing child engagement, spoken sentences may be best for supporting deep level learning of language concepts."
W3192812203,2,,,"Webcams, Songs, and Vocabulary Learning: A Comparison of In-Person and Remote Data Collection as a Way of Moving Forward With Child-Language Research",other,not stated,"toddlers and preschoolers, in-person and remote testing",22,12,72,inferred,toddlers and preschoolers,ok,not stated,,3,Experimental methods-comparison study coded 'other'; 'toddlers and preschoolers' loosely bounded as 12-72 months.,presenting words in songs,spoken sentences,attention during the task,good,increased,,,"Songs helped increase attention during the task, but greater attention did not lead to greater learning.","This article evaluates a testing procedure for collecting eye-gaze data with toddlers and preschoolers during a word-learning task. We provide feasibility and precision data by comparing performance in an in-person version of the study (conducted under controlled conditions in the lab), with performance in a virtual version in which participants completed the testing procedure from home. Our data support the feasibility of collecting remote eye-gaze data with young children, and present it as a viable alternative for conducting developmental language research when in-person interactions with participants cannot take place. Additionally, we use this methodological approach to examine a topic that has gained popularity in recent years-the role of music and songs on vocabulary learning. We provide evidence suggesting that while songs may help increase attention during a particular task, greater attention does not lead to greater learning. In fact, preschoolers show improved word-learning performance for items that were trained in a spoken sentence compared to items that were trained in a song. This means that while songs may be beneficial for increasing child engagement, spoken sentences may be best for supporting deep level learning of language concepts."
W3192812203,3,,,"Webcams, Songs, and Vocabulary Learning: A Comparison of In-Person and Remote Data Collection as a Way of Moving Forward With Child-Language Research",other,not stated,"toddlers and preschoolers, in-person and remote testing",22,12,72,inferred,toddlers and preschoolers,ok,not stated,,3,Experimental methods-comparison study coded 'other'; 'toddlers and preschoolers' loosely bounded as 12-72 months.,training words in a song,training in a spoken sentence,word-learning performance,good,decreased,,,Preschoolers showed better word learning for items trained in spoken sentences than in song.,"This article evaluates a testing procedure for collecting eye-gaze data with toddlers and preschoolers during a word-learning task. We provide feasibility and precision data by comparing performance in an in-person version of the study (conducted under controlled conditions in the lab), with performance in a virtual version in which participants completed the testing procedure from home. Our data support the feasibility of collecting remote eye-gaze data with young children, and present it as a viable alternative for conducting developmental language research when in-person interactions with participants cannot take place. Additionally, we use this methodological approach to examine a topic that has gained popularity in recent years-the role of music and songs on vocabulary learning. We provide evidence suggesting that while songs may help increase attention during a particular task, greater attention does not lead to greater learning. In fact, preschoolers show improved word-learning performance for items that were trained in a spoken sentence compared to items that were trained in a song. This means that while songs may be beneficial for increasing child engagement, spoken sentences may be best for supporting deep level learning of language concepts."
W3197673250,1,,,Degree of processing and nutritional value of children’s food products,cross-sectional,431 food products,"commercial foods for 0-36-month-olds, Porto, Portugal",11,0,36,stated,children aged 0-36 months,ok,not stated,,2,"Units are food products, not participants; 431 identified, 244 included in NOVA analysis.",commercial food products for young children,,classification as ultra-processed,bad,unclear,137 (56·1 %),ok,"Of 244 products classified, 56.1% were ultra-processed and 33.6% minimally processed.","OBJECTIVE: This study aimed to characterise the availability, the nutritional composition and the processing degree of industrial foods for 0-36-month-old children according to the neighbourhoods affluence. DESIGN: A cross-sectional exploratory study. SETTING: All food products available in retail stores for children aged 0-36 months were analysed. Data collection took place in two neighbourhoods, comparing two different sociodemographic districts (high v. low per capita income), Campanhã and Foz do Douro in Porto, Portugal. PARTICIPANTS: A total of 431 commercially processed food products for children aged 0-36 months which are sold in 23 retail stores were identified. Food products were classified according to their processing degree using the NOVA Food Classification System. RESULTS: For NOVA analysis, of the 244 food products that were included 82 (33·6 %) were minimally processed, 25 (10·2 %) processed and 137 (56·1 %) ultra processed. No food product was classified as a culinary ingredient. The products included mostly cereals, yogurts, prevailed in high-income neighbourhoods for the 0-6-month-old group. It was observed that some categories of ultra-processed food (UPF) presented higher amounts of energy, sugars, saturated fat and salt than unprocessed/minimally processed products. CONCLUSIONS: The high availability of UPF offered for 0-36-month-old children should be considered when designing interventions to promote a healthy diet in infancy."
W3197673250,2,,,Degree of processing and nutritional value of children’s food products,cross-sectional,431 food products,"commercial foods for 0-36-month-olds, Porto, Portugal",11,0,36,stated,children aged 0-36 months,ok,not stated,,2,"Units are food products, not participants; 431 identified, 244 included in NOVA analysis.",ultra-processed children's food products,unprocessed/minimally processed products,"energy, sugars, saturated fat, salt content",bad,increased,,,"Some ultra-processed categories had higher energy, sugars, saturated fat and salt than unprocessed/minimally processed products.","OBJECTIVE: This study aimed to characterise the availability, the nutritional composition and the processing degree of industrial foods for 0-36-month-old children according to the neighbourhoods affluence. DESIGN: A cross-sectional exploratory study. SETTING: All food products available in retail stores for children aged 0-36 months were analysed. Data collection took place in two neighbourhoods, comparing two different sociodemographic districts (high v. low per capita income), Campanhã and Foz do Douro in Porto, Portugal. PARTICIPANTS: A total of 431 commercially processed food products for children aged 0-36 months which are sold in 23 retail stores were identified. Food products were classified according to their processing degree using the NOVA Food Classification System. RESULTS: For NOVA analysis, of the 244 food products that were included 82 (33·6 %) were minimally processed, 25 (10·2 %) processed and 137 (56·1 %) ultra processed. No food product was classified as a culinary ingredient. The products included mostly cereals, yogurts, prevailed in high-income neighbourhoods for the 0-6-month-old group. It was observed that some categories of ultra-processed food (UPF) presented higher amounts of energy, sugars, saturated fat and salt than unprocessed/minimally processed products. CONCLUSIONS: The high availability of UPF offered for 0-36-month-old children should be considered when designing interventions to promote a healthy diet in infancy."
W4200608552,1,,,Free play predicts self-regulation years later: Longitudinal evidence from a large Australian sample of toddlers and preschoolers,cohort,2213,Australian toddlers and preschoolers (LSAC),82,24,60,stated,at ages 2–3 and 4–5 years,ok,not stated,self-regulation skills are foundational to successful participation in society and predict a suite of positive outcomes throughout life,2,,time in unstructured quiet play,less unstructured quiet play,self-regulation abilities 2 years later,good,increased,,,"More unstructured quiet play at 2-3 and 4-5 years predicted better self-regulation at 4-5 and 6-7 years, controlling for earlier self-regulation.","Self-regulation skills are foundational to successful participation in society, and predict a suite of positive outcomes throughout life. It has long been asserted that free (i.e., unstructured) play is important for the development of self-regulation, but studies investigating play and self-regulation have faced empirical limitations. The current study used a large sample (n = 2213) from the Longitudinal Study of Australian Children to investigate time spent in unstructured quiet and active play activities at ages 2–3 and 4–5 years as a predictor of self-regulation abilities 2 years later. Children's play was reported by parents who completed a 24-hour time-use diary for 1 random weekend day and 1 weekday. Self-regulation was indexed at ages 4–5 and 6–7 by parent-, teacher- and observer-reported items comparable to similar large, longitudinal studies. Results showed that the more time children spent in unstructured quiet play in the toddler and preschool years, the better their self-regulation abilities at ages 4–5 and 6–7 years, even after controlling for earlier self-regulation abilities and other known predictors. Further, between 1 and 5 hours of preschoolers’ unstructured active play time significantly predicted self-regulation 2 years later. This study provides early support for parenting programs designed to increase opportunities for children to spend time in unstructured, free play in the early years."
W4200608552,2,,,Free play predicts self-regulation years later: Longitudinal evidence from a large Australian sample of toddlers and preschoolers,cohort,2213,Australian toddlers and preschoolers (LSAC),82,24,60,stated,at ages 2–3 and 4–5 years,ok,not stated,self-regulation skills are foundational to successful participation in society and predict a suite of positive outcomes throughout life,2,,unstructured active play time (preschoolers),less active play,self-regulation 2 years later,good,increased,between 1 and 5 hours,ok,Between 1 and 5 hours of preschoolers' unstructured active play significantly predicted self-regulation 2 years later.,"Self-regulation skills are foundational to successful participation in society, and predict a suite of positive outcomes throughout life. It has long been asserted that free (i.e., unstructured) play is important for the development of self-regulation, but studies investigating play and self-regulation have faced empirical limitations. The current study used a large sample (n = 2213) from the Longitudinal Study of Australian Children to investigate time spent in unstructured quiet and active play activities at ages 2–3 and 4–5 years as a predictor of self-regulation abilities 2 years later. Children's play was reported by parents who completed a 24-hour time-use diary for 1 random weekend day and 1 weekday. Self-regulation was indexed at ages 4–5 and 6–7 by parent-, teacher- and observer-reported items comparable to similar large, longitudinal studies. Results showed that the more time children spent in unstructured quiet play in the toddler and preschool years, the better their self-regulation abilities at ages 4–5 and 6–7 years, even after controlling for earlier self-regulation abilities and other known predictors. Further, between 1 and 5 hours of preschoolers’ unstructured active play time significantly predicted self-regulation 2 years later. This study provides early support for parenting programs designed to increase opportunities for children to spend time in unstructured, free play in the early years."
W4214903318,1,,,"A Half Century of Progress in US Student Achievement: Agency and Flynn Effects, Ethnic and SES Differences",other,seven million tests,"US students, birth cohorts 1954-2007",24,,,unknown,,,not stated,,4,"Trend analysis of repeated assessment waves, not a conventional epidemiological design; sample given in tests not participants.",later birth cohort,earlier cohorts,math and reading achievement,good,increased,m (0.19sd),ok,"Median trends show gains per decade larger in math (0.19sd) than reading (0.04sd), consistent with Flynn effects.","Abstract Policymakers, conceptualized here as principals, disagree as to whether US student performance has changed over the past half century. To inform conversations, agents administered seven million psychometrically linked tests in math (m) and reading (rd) in 160 survey waves to national probability samples of cohorts born between 1954 and 2007. Estimated change in standard deviations (sd) per decade varies by agent (m: –0.10sd to 0.27sd, rd: –0.02sd to 0.12sd). Consistent with Flynn effects, median trends show larger gains in m (0.19sd) than in rd (0.04sd), though rates of progress for cohorts born since 1990 have increased in rd but slowed in m. Greater progress is shown by students tested at younger ages (m: 0.31sd, rd: 0.08sd) than when tested in middle years of schooling (m: 0.17sd, rd: 0.03sd) or toward the end of schooling (m: 0.06sd, rd: 0.02sd). Young white students progress more slowly (m: 0.28sd, rd: 0.09sd) than Asian (m: 46sd, rd: 0.28sd), black (m: 0.36sd, rd: 0.19sd), and Hispanic (m: 0.29sd, rd: 0.13sd) students. These ethnic differences generally attenuate as students age. Young students in the bottom quartile of the SES distribution show greater progress than those in the top quartile (difference in m: 0.08sd, in rd: 0.15sd), but the reverse is true for older students. Moderators likely include not only changes in families and schools but also improvements in nutrition, health care, and protection from contagious diseases and environmental risks. International data suggest that subject and age differentials may be due to moderators more general than just the United States."
W4214903318,2,,,"A Half Century of Progress in US Student Achievement: Agency and Flynn Effects, Ethnic and SES Differences",other,seven million tests,"US students, birth cohorts 1954-2007",24,,,unknown,,,not stated,,4,"Trend analysis of repeated assessment waves, not a conventional epidemiological design; sample given in tests not participants.",testing at younger ages,testing in middle or end of schooling,rate of achievement gains,good,increased,"m: 0.31sd, rd: 0.08sd",ok,Greater progress is shown by students tested at younger ages than older ones.,"Abstract Policymakers, conceptualized here as principals, disagree as to whether US student performance has changed over the past half century. To inform conversations, agents administered seven million psychometrically linked tests in math (m) and reading (rd) in 160 survey waves to national probability samples of cohorts born between 1954 and 2007. Estimated change in standard deviations (sd) per decade varies by agent (m: –0.10sd to 0.27sd, rd: –0.02sd to 0.12sd). Consistent with Flynn effects, median trends show larger gains in m (0.19sd) than in rd (0.04sd), though rates of progress for cohorts born since 1990 have increased in rd but slowed in m. Greater progress is shown by students tested at younger ages (m: 0.31sd, rd: 0.08sd) than when tested in middle years of schooling (m: 0.17sd, rd: 0.03sd) or toward the end of schooling (m: 0.06sd, rd: 0.02sd). Young white students progress more slowly (m: 0.28sd, rd: 0.09sd) than Asian (m: 46sd, rd: 0.28sd), black (m: 0.36sd, rd: 0.19sd), and Hispanic (m: 0.29sd, rd: 0.13sd) students. These ethnic differences generally attenuate as students age. Young students in the bottom quartile of the SES distribution show greater progress than those in the top quartile (difference in m: 0.08sd, in rd: 0.15sd), but the reverse is true for older students. Moderators likely include not only changes in families and schools but also improvements in nutrition, health care, and protection from contagious diseases and environmental risks. International data suggest that subject and age differentials may be due to moderators more general than just the United States."
W4214903318,3,,,"A Half Century of Progress in US Student Achievement: Agency and Flynn Effects, Ethnic and SES Differences",other,seven million tests,"US students, birth cohorts 1954-2007",24,,,unknown,,,not stated,,4,"Trend analysis of repeated assessment waves, not a conventional epidemiological design; sample given in tests not participants.",white ethnicity among young students,"Asian, black, and Hispanic students",rate of achievement gains,good,decreased,"m: 0.28sd, rd: 0.09sd",ok,"Young white students progressed more slowly than Asian, black and Hispanic peers; differences attenuate with age.","Abstract Policymakers, conceptualized here as principals, disagree as to whether US student performance has changed over the past half century. To inform conversations, agents administered seven million psychometrically linked tests in math (m) and reading (rd) in 160 survey waves to national probability samples of cohorts born between 1954 and 2007. Estimated change in standard deviations (sd) per decade varies by agent (m: –0.10sd to 0.27sd, rd: –0.02sd to 0.12sd). Consistent with Flynn effects, median trends show larger gains in m (0.19sd) than in rd (0.04sd), though rates of progress for cohorts born since 1990 have increased in rd but slowed in m. Greater progress is shown by students tested at younger ages (m: 0.31sd, rd: 0.08sd) than when tested in middle years of schooling (m: 0.17sd, rd: 0.03sd) or toward the end of schooling (m: 0.06sd, rd: 0.02sd). Young white students progress more slowly (m: 0.28sd, rd: 0.09sd) than Asian (m: 46sd, rd: 0.28sd), black (m: 0.36sd, rd: 0.19sd), and Hispanic (m: 0.29sd, rd: 0.13sd) students. These ethnic differences generally attenuate as students age. Young students in the bottom quartile of the SES distribution show greater progress than those in the top quartile (difference in m: 0.08sd, in rd: 0.15sd), but the reverse is true for older students. Moderators likely include not only changes in families and schools but also improvements in nutrition, health care, and protection from contagious diseases and environmental risks. International data suggest that subject and age differentials may be due to moderators more general than just the United States."
W4214903318,4,,,"A Half Century of Progress in US Student Achievement: Agency and Flynn Effects, Ethnic and SES Differences",other,seven million tests,"US students, birth cohorts 1954-2007",24,,,unknown,,,not stated,,4,"Trend analysis of repeated assessment waves, not a conventional epidemiological design; sample given in tests not participants.",bottom SES quartile among young students,top SES quartile,rate of achievement gains,good,increased,"in m: 0.08sd, in rd: 0.15sd",ok,"Low-SES young students progressed more than high-SES peers, but the reverse held for older students.","Abstract Policymakers, conceptualized here as principals, disagree as to whether US student performance has changed over the past half century. To inform conversations, agents administered seven million psychometrically linked tests in math (m) and reading (rd) in 160 survey waves to national probability samples of cohorts born between 1954 and 2007. Estimated change in standard deviations (sd) per decade varies by agent (m: –0.10sd to 0.27sd, rd: –0.02sd to 0.12sd). Consistent with Flynn effects, median trends show larger gains in m (0.19sd) than in rd (0.04sd), though rates of progress for cohorts born since 1990 have increased in rd but slowed in m. Greater progress is shown by students tested at younger ages (m: 0.31sd, rd: 0.08sd) than when tested in middle years of schooling (m: 0.17sd, rd: 0.03sd) or toward the end of schooling (m: 0.06sd, rd: 0.02sd). Young white students progress more slowly (m: 0.28sd, rd: 0.09sd) than Asian (m: 46sd, rd: 0.28sd), black (m: 0.36sd, rd: 0.19sd), and Hispanic (m: 0.29sd, rd: 0.13sd) students. These ethnic differences generally attenuate as students age. Young students in the bottom quartile of the SES distribution show greater progress than those in the top quartile (difference in m: 0.08sd, in rd: 0.15sd), but the reverse is true for older students. Moderators likely include not only changes in families and schools but also improvements in nutrition, health care, and protection from contagious diseases and environmental risks. International data suggest that subject and age differentials may be due to moderators more general than just the United States."
W4283660472,1,,,Relevance of Early Introduction of Cow’s Milk Proteins for Prevention of Cow’s Milk Allergy,review,not stated,infants at risk of cow's milk allergy,22,,,unknown,,,not stated,food allergy incidence has increased worldwide over the last 20 years | current guidelines do not recommend delaying the introduction of allergenic foods | early introduction of peanut between 4-6 months of age reduces the risk of peanut allergy (LEAP study),2,"Narrative review; directions are its synthesis of other studies, not new data.",early introduction of cow's-milk-based formula with intact milk proteins,later or no introduction,cow's milk allergy,bad,decreased,,,Reviewed studies suggest early introduction of intact cow's milk protein while breastfeeding can reduce cow's milk allergy risk.,"Food allergy incidence has increased worldwide over the last 20 years. For prevention of food allergy, current guidelines do not recommend delaying the introduction of allergenic foods. Several groundbreaking studies, such as the Learning Early About Peanut Allergy study, showed that the relatively early introduction of this allergenic food between 4-6 months of age reduces the risk of peanut allergy. However, less is known about the introduction of cow's milk, as many children already receive cow's-milk-based formula much earlier in life. This can be regular cow's milk formula with intact milk proteins or hydrolyzed formulas. Several recent studies have investigated the effects of early introduction of cow's-milk-based formulas with intact milk proteins on the development of cow's milk allergy while breastfeeding. These studies suggest that depending on the time of introduction and the duration of administration of cow's milk, the risk of cow's milk allergy can be reduced (early introduction) or increased (very early introduction followed by discontinuation). The aim of this narrative review is to summarize these studies and to discuss the impact of early introduction of intact cow's milk protein-as well as hydrolyzed milk protein formulas-and the development of tolerance versus allergy towards cow's milk proteins."
W4283660472,2,,,Relevance of Early Introduction of Cow’s Milk Proteins for Prevention of Cow’s Milk Allergy,review,not stated,infants at risk of cow's milk allergy,22,,,unknown,,,not stated,food allergy incidence has increased worldwide over the last 20 years | current guidelines do not recommend delaying the introduction of allergenic foods | early introduction of peanut between 4-6 months of age reduces the risk of peanut allergy (LEAP study),2,"Narrative review; directions are its synthesis of other studies, not new data.",very early introduction of cow's milk formula followed by discontinuation,continued administration,cow's milk allergy,bad,increased,,,"Very early introduction followed by discontinuation can increase cow's milk allergy risk, depending on timing and duration.","Food allergy incidence has increased worldwide over the last 20 years. For prevention of food allergy, current guidelines do not recommend delaying the introduction of allergenic foods. Several groundbreaking studies, such as the Learning Early About Peanut Allergy study, showed that the relatively early introduction of this allergenic food between 4-6 months of age reduces the risk of peanut allergy. However, less is known about the introduction of cow's milk, as many children already receive cow's-milk-based formula much earlier in life. This can be regular cow's milk formula with intact milk proteins or hydrolyzed formulas. Several recent studies have investigated the effects of early introduction of cow's-milk-based formulas with intact milk proteins on the development of cow's milk allergy while breastfeeding. These studies suggest that depending on the time of introduction and the duration of administration of cow's milk, the risk of cow's milk allergy can be reduced (early introduction) or increased (very early introduction followed by discontinuation). The aim of this narrative review is to summarize these studies and to discuss the impact of early introduction of intact cow's milk protein-as well as hydrolyzed milk protein formulas-and the development of tolerance versus allergy towards cow's milk proteins."
W4302417458,1,,,Controlled trial of the short- and long-term effect of psychological treatment of post-partum depression,rct,193,women with post-partum depression,359,,,unknown,,,not stated,,4,"Participants are mothers, so infant age fields are null.","psychological treatment (counselling, CBT, or psychodynamic therapy)",routine primary care,maternal depressive symptoms (EPDS) at 4.5 months,bad,decreased,,,All three treatments significantly improved maternal mood immediately after the treatment phase.,"Background Psychological interventions for postnatal depression can be beneficial in the short term but their longer-term impact is unknown. Aims To evaluate the long-term effect on maternal mood of three psychological treatments in relation to routine primary care. Method Women with post-partum depression (n=193) were assigned randomly to one of four conditions: routine primary care, non-directive counselling, cognitive–behavioural therapy or psychodynamic therapy. They were assessed immediately after the treatment phase (at 4.5 months) and at 9, 18 and 60 months post-partum. Results Compared with the control, all three treatments had a significant impact at 4.5 months on maternal mood (Edinburgh Postnatal Depression Scale, EPDS). Only psychodynamic therapy produced a rate of reduction in depression (Structured Clinical Interview for DSM–III–R) significantly superior to that of the control. The benefit of treatment was no longer apparent by 9 months post-partum. Treatment did not reduce subsequent episodes of post-partum depression. Conclusions Psychological intervention for post-partum depression improves maternal mood (EPDS) in the short term. However, this benefit is not superior to spontaneous remission in the long term."
W4302417458,2,,,Controlled trial of the short- and long-term effect of psychological treatment of post-partum depression,rct,193,women with post-partum depression,359,,,unknown,,,not stated,,4,"Participants are mothers, so infant age fields are null.",psychodynamic therapy,routine primary care,rate of reduction in clinical depression,good,increased,,,Only psychodynamic therapy produced a reduction in depression (SCID) significantly superior to control.,"Background Psychological interventions for postnatal depression can be beneficial in the short term but their longer-term impact is unknown. Aims To evaluate the long-term effect on maternal mood of three psychological treatments in relation to routine primary care. Method Women with post-partum depression (n=193) were assigned randomly to one of four conditions: routine primary care, non-directive counselling, cognitive–behavioural therapy or psychodynamic therapy. They were assessed immediately after the treatment phase (at 4.5 months) and at 9, 18 and 60 months post-partum. Results Compared with the control, all three treatments had a significant impact at 4.5 months on maternal mood (Edinburgh Postnatal Depression Scale, EPDS). Only psychodynamic therapy produced a rate of reduction in depression (Structured Clinical Interview for DSM–III–R) significantly superior to that of the control. The benefit of treatment was no longer apparent by 9 months post-partum. Treatment did not reduce subsequent episodes of post-partum depression. Conclusions Psychological intervention for post-partum depression improves maternal mood (EPDS) in the short term. However, this benefit is not superior to spontaneous remission in the long term."
W4302417458,3,,,Controlled trial of the short- and long-term effect of psychological treatment of post-partum depression,rct,193,women with post-partum depression,359,,,unknown,,,not stated,,4,"Participants are mothers, so infant age fields are null.",psychological treatment,routine primary care,maternal mood from 9 months onward,good,no_change,,,The benefit of treatment was no longer apparent by 9 months post-partum.,"Background Psychological interventions for postnatal depression can be beneficial in the short term but their longer-term impact is unknown. Aims To evaluate the long-term effect on maternal mood of three psychological treatments in relation to routine primary care. Method Women with post-partum depression (n=193) were assigned randomly to one of four conditions: routine primary care, non-directive counselling, cognitive–behavioural therapy or psychodynamic therapy. They were assessed immediately after the treatment phase (at 4.5 months) and at 9, 18 and 60 months post-partum. Results Compared with the control, all three treatments had a significant impact at 4.5 months on maternal mood (Edinburgh Postnatal Depression Scale, EPDS). Only psychodynamic therapy produced a rate of reduction in depression (Structured Clinical Interview for DSM–III–R) significantly superior to that of the control. The benefit of treatment was no longer apparent by 9 months post-partum. Treatment did not reduce subsequent episodes of post-partum depression. Conclusions Psychological intervention for post-partum depression improves maternal mood (EPDS) in the short term. However, this benefit is not superior to spontaneous remission in the long term."
W4302417458,4,,,Controlled trial of the short- and long-term effect of psychological treatment of post-partum depression,rct,193,women with post-partum depression,359,,,unknown,,,not stated,,4,"Participants are mothers, so infant age fields are null.",psychological treatment,routine primary care,subsequent episodes of post-partum depression,bad,no_change,,,Treatment did not reduce subsequent episodes of post-partum depression.,"Background Psychological interventions for postnatal depression can be beneficial in the short term but their longer-term impact is unknown. Aims To evaluate the long-term effect on maternal mood of three psychological treatments in relation to routine primary care. Method Women with post-partum depression (n=193) were assigned randomly to one of four conditions: routine primary care, non-directive counselling, cognitive–behavioural therapy or psychodynamic therapy. They were assessed immediately after the treatment phase (at 4.5 months) and at 9, 18 and 60 months post-partum. Results Compared with the control, all three treatments had a significant impact at 4.5 months on maternal mood (Edinburgh Postnatal Depression Scale, EPDS). Only psychodynamic therapy produced a rate of reduction in depression (Structured Clinical Interview for DSM–III–R) significantly superior to that of the control. The benefit of treatment was no longer apparent by 9 months post-partum. Treatment did not reduce subsequent episodes of post-partum depression. Conclusions Psychological intervention for post-partum depression improves maternal mood (EPDS) in the short term. However, this benefit is not superior to spontaneous remission in the long term."
W4308727009,1,,,Potential risk of botulinum neurotoxin -producing clostridia occurrence in canned fish,other,70 canned fish samples,bulging canned fish samples (laboratory study),7,,,unknown,,,not stated,heat treatment is indispensable in fish canning to provide an acceptable shelf life,2,Not a paediatric or human study; units are food samples.,bulging or organoleptically changed canned fish,,Clostridium contamination,bad,increased,17 (24%),ok,"Clostridium species were isolated from 24% of bulging, organoleptically changed samples.","Abstract Introduction Heat treatment is indispensable in fish canning to provide an acceptable shelf life. Its optimisation reduces the risk of the presence of Clostridium botulinum spores, which could potentially cause botulism cases. This study evaluated canned fish samples for botulism neurotoxin (BoNT)-producing clostridia contamination and can bulging through microbiological contaminant growth. A new analytical approach was developed for detection of such clostridia and phenotypically similar species. Material and Methods A total of 70 canned fish samples suspected of exhibiting bulging features were analysed. Culture methods were used to detect clostridia. The isolates obtained were evaluated on the basis of the exhibited phenotypic characteristics. Also, PCRs were used for the detection of genes determining BoNT production (non-toxic non-haemagglutinin ( ntnh ) genes) and the amplification of conservative 16S rDNA genes, which were Sanger sequenced. The obtained sequences were analysed using the Basic Local Alignment Search Tool. Results Clostridium genus species were isolated from 17 (24%) bulging and organoleptically changed samples. No ntnh genes were present in these isolates; however, sequencing confirmed the presence of C. sporogenes , a species with close affinity to C. botulinum . Conclusion To eliminate the threat of foodborne botulism, laboratory diagnostic techniques must detect species of the Clostridium genus and elucidate their ability to produce BoNTs. Although Clostridium botulinum is the most common cause of botulism, the possibility may not be ignored that non-pathogenic Clostridium species may acquire botulinum toxigenicity. The similarity between the isolated strains of C. sporogenes and C. botulinum should be incorporated in the optimisation of heat treatment to guarantee a sterilised, microbiologically safe product."
W4308727009,2,,,Potential risk of botulinum neurotoxin -producing clostridia occurrence in canned fish,other,70 canned fish samples,bulging canned fish samples (laboratory study),7,,,unknown,,,not stated,heat treatment is indispensable in fish canning to provide an acceptable shelf life,2,Not a paediatric or human study; units are food samples.,isolated Clostridium strains from canned fish,,botulinum neurotoxin (ntnh) genes,bad,no_change,,,"No ntnh genes were present; sequencing confirmed C. sporogenes, a species with close affinity to C. botulinum.","Abstract Introduction Heat treatment is indispensable in fish canning to provide an acceptable shelf life. Its optimisation reduces the risk of the presence of Clostridium botulinum spores, which could potentially cause botulism cases. This study evaluated canned fish samples for botulism neurotoxin (BoNT)-producing clostridia contamination and can bulging through microbiological contaminant growth. A new analytical approach was developed for detection of such clostridia and phenotypically similar species. Material and Methods A total of 70 canned fish samples suspected of exhibiting bulging features were analysed. Culture methods were used to detect clostridia. The isolates obtained were evaluated on the basis of the exhibited phenotypic characteristics. Also, PCRs were used for the detection of genes determining BoNT production (non-toxic non-haemagglutinin ( ntnh ) genes) and the amplification of conservative 16S rDNA genes, which were Sanger sequenced. The obtained sequences were analysed using the Basic Local Alignment Search Tool. Results Clostridium genus species were isolated from 17 (24%) bulging and organoleptically changed samples. No ntnh genes were present in these isolates; however, sequencing confirmed the presence of C. sporogenes , a species with close affinity to C. botulinum . Conclusion To eliminate the threat of foodborne botulism, laboratory diagnostic techniques must detect species of the Clostridium genus and elucidate their ability to produce BoNTs. Although Clostridium botulinum is the most common cause of botulism, the possibility may not be ignored that non-pathogenic Clostridium species may acquire botulinum toxigenicity. The similarity between the isolated strains of C. sporogenes and C. botulinum should be incorporated in the optimisation of heat treatment to guarantee a sterilised, microbiologically safe product."
W4309162411,1,,,Examining Shared Reading and White Matter Organization in Kindergarten in Relation to Subsequent Language and Reading Abilities: A Longitudinal Investigation,cohort,77,typically developing kindergarten children followed to second grade,16,60,72,inferred,in kindergarten,ok,not stated,parent-child language interaction in early childhood carries long-term implications for children's language and reading development,3,Kindergarten age inferred (about 5-6 years); country not stated.,weekly shared reading time,less shared reading,fractional anisotropy of left arcuate fasciculus,good,increased,,,More hours read to weekly was positively associated with left arcuate fasciculus organization in kindergarten.,"Parent-child language interaction in early childhood carries long-term implications for children's language and reading development. Conversational interaction, in particular, has been linked to white matter organization of neural pathways critical for language and reading. However, shared book reading serves an important role for language interaction as it exposes children to sophisticated vocabulary and syntax. Despite this, it remains unclear whether shared reading also relates to white matter characteristics subserving language and reading development. If so, to what extent do these environmentally associated changes in white matter organization relate to subsequent reading outcomes? This longitudinal study examined shared reading and white matter organization in kindergarten in relation to subsequent language and reading outcomes among 77 typically developing children. Findings reveal positive associations between the number of hours children are read to weekly (shared reading time) and the fractional anisotropy of the left arcuate fasciculus, as well as left lateralization of the superior longitudinal fasciculus (SLF). Furthermore, left lateralization of the SLF in these kindergarteners is associated with subsequent reading abilities in second grade. Mediation analyses reveal that left lateralization of the SLF fully mediates the relationship between shared reading time and second-grade reading abilities. Results are significant when controlling for age and socioeconomic status. This is the first evidence demonstrating how white matter structure, in relation to shared reading in kindergarten, is associated with school-age reading outcomes. Results illuminate shared reading as a key proxy for the home language and literacy environment and further our understanding of how language interaction may support neurocognitive development."
W4309162411,2,,,Examining Shared Reading and White Matter Organization in Kindergarten in Relation to Subsequent Language and Reading Abilities: A Longitudinal Investigation,cohort,77,typically developing kindergarten children followed to second grade,16,60,72,inferred,in kindergarten,ok,not stated,parent-child language interaction in early childhood carries long-term implications for children's language and reading development,3,Kindergarten age inferred (about 5-6 years); country not stated.,weekly shared reading time,less shared reading,left lateralization of superior longitudinal fasciculus,good,increased,,,Shared reading time was positively associated with left lateralization of the SLF.,"Parent-child language interaction in early childhood carries long-term implications for children's language and reading development. Conversational interaction, in particular, has been linked to white matter organization of neural pathways critical for language and reading. However, shared book reading serves an important role for language interaction as it exposes children to sophisticated vocabulary and syntax. Despite this, it remains unclear whether shared reading also relates to white matter characteristics subserving language and reading development. If so, to what extent do these environmentally associated changes in white matter organization relate to subsequent reading outcomes? This longitudinal study examined shared reading and white matter organization in kindergarten in relation to subsequent language and reading outcomes among 77 typically developing children. Findings reveal positive associations between the number of hours children are read to weekly (shared reading time) and the fractional anisotropy of the left arcuate fasciculus, as well as left lateralization of the superior longitudinal fasciculus (SLF). Furthermore, left lateralization of the SLF in these kindergarteners is associated with subsequent reading abilities in second grade. Mediation analyses reveal that left lateralization of the SLF fully mediates the relationship between shared reading time and second-grade reading abilities. Results are significant when controlling for age and socioeconomic status. This is the first evidence demonstrating how white matter structure, in relation to shared reading in kindergarten, is associated with school-age reading outcomes. Results illuminate shared reading as a key proxy for the home language and literacy environment and further our understanding of how language interaction may support neurocognitive development."
W4309162411,3,,,Examining Shared Reading and White Matter Organization in Kindergarten in Relation to Subsequent Language and Reading Abilities: A Longitudinal Investigation,cohort,77,typically developing kindergarten children followed to second grade,16,60,72,inferred,in kindergarten,ok,not stated,parent-child language interaction in early childhood carries long-term implications for children's language and reading development,3,Kindergarten age inferred (about 5-6 years); country not stated.,left lateralization of the SLF in kindergarten,less lateralization,second-grade reading abilities,good,increased,,,"SLF left lateralization predicted subsequent second-grade reading and fully mediated the shared reading-reading outcome link, controlling age and SES.","Parent-child language interaction in early childhood carries long-term implications for children's language and reading development. Conversational interaction, in particular, has been linked to white matter organization of neural pathways critical for language and reading. However, shared book reading serves an important role for language interaction as it exposes children to sophisticated vocabulary and syntax. Despite this, it remains unclear whether shared reading also relates to white matter characteristics subserving language and reading development. If so, to what extent do these environmentally associated changes in white matter organization relate to subsequent reading outcomes? This longitudinal study examined shared reading and white matter organization in kindergarten in relation to subsequent language and reading outcomes among 77 typically developing children. Findings reveal positive associations between the number of hours children are read to weekly (shared reading time) and the fractional anisotropy of the left arcuate fasciculus, as well as left lateralization of the superior longitudinal fasciculus (SLF). Furthermore, left lateralization of the SLF in these kindergarteners is associated with subsequent reading abilities in second grade. Mediation analyses reveal that left lateralization of the SLF fully mediates the relationship between shared reading time and second-grade reading abilities. Results are significant when controlling for age and socioeconomic status. This is the first evidence demonstrating how white matter structure, in relation to shared reading in kindergarten, is associated with school-age reading outcomes. Results illuminate shared reading as a key proxy for the home language and literacy environment and further our understanding of how language interaction may support neurocognitive development."
W4376603878,1,,,Language Exposure and Brain Myelination in Early Development,cohort,not stated,children assessed at 6 and 30 months,34,6,30,stated,at 6 and 30 months of age,ok,not stated,the language environment children are exposed to has an impact on later language abilities as well as on brain development,2,Number of children not stated in abstract; country not stated.,amount of in-home adult language input (LENA),less adult input,myelin concentration in language-related white matter,good,increased,,,30-month-olds exposed to more in-home adult input showed more myelination in language-associated white matter tracts.,"The language environment to which children are exposed has an impact on later language abilities as well as on brain development; however, it is unclear how early such impacts emerge. This study investigates the effects of children's early language environment and socioeconomic status (SES) on brain structure in infancy at 6 and 30 months of age (both sexes included). We used magnetic resonance imaging to quantify concentrations of myelin in specific fiber tracts in the brain. Our central question was whether Language Environment Analysis (LENA) measures from in-home recording devices and SES measures of maternal education predicted myelin concentrations over the course of development. Results indicate that 30-month-old children exposed to larger amounts of in-home adult input showed more myelination in the white matter tracts most associated with language. Right hemisphere regions also show an association with SES, with older children from more highly educated mothers and exposed to more adult input, showing greater myelin concentrations in language-related areas. We discuss these results in relation to the current literature and implications for future research. SIGNIFICANCE STATEMENT This is the first study to look at how brain myelination is impacted by language input and socioeconomic status early in development. We find robust relationships of both factors in language-related brain areas at 30 months of age."
W4376603878,2,,,Language Exposure and Brain Myelination in Early Development,cohort,not stated,children assessed at 6 and 30 months,34,6,30,stated,at 6 and 30 months of age,ok,not stated,the language environment children are exposed to has an impact on later language abilities as well as on brain development,2,Number of children not stated in abstract; country not stated.,higher maternal education (SES),lower maternal education,myelin concentration in right-hemisphere language areas,good,increased,,,Older children of more highly educated mothers with more adult input showed greater myelin in language-related areas.,"The language environment to which children are exposed has an impact on later language abilities as well as on brain development; however, it is unclear how early such impacts emerge. This study investigates the effects of children's early language environment and socioeconomic status (SES) on brain structure in infancy at 6 and 30 months of age (both sexes included). We used magnetic resonance imaging to quantify concentrations of myelin in specific fiber tracts in the brain. Our central question was whether Language Environment Analysis (LENA) measures from in-home recording devices and SES measures of maternal education predicted myelin concentrations over the course of development. Results indicate that 30-month-old children exposed to larger amounts of in-home adult input showed more myelination in the white matter tracts most associated with language. Right hemisphere regions also show an association with SES, with older children from more highly educated mothers and exposed to more adult input, showing greater myelin concentrations in language-related areas. We discuss these results in relation to the current literature and implications for future research. SIGNIFICANCE STATEMENT This is the first study to look at how brain myelination is impacted by language input and socioeconomic status early in development. We find robust relationships of both factors in language-related brain areas at 30 months of age."
W4382632136,1,,,Food allergy prevention: Where are we in 2023?,review,not stated,pregnant/breastfeeding women and infants (food allergy prevention),20,,,unknown,,,not stated,"breastfeeding is recommended for its many health benefits to mother and child | pregnant and breastfeeding women are not recommended to exclude any food allergens from their diet | there is no recommendation for using any infant formula, including hydrolyzed formulas, for allergy prevention",3,Narrative state-of-the-art review mixing evidence statements with recommendations.,breastfeeding,not breastfeeding,childhood food allergies,bad,no_change,,,Breastfeeding has not shown any association with reduction in childhood food allergies.,"Food allergy prevention involves recommendations to the maternal diet during pregnancy and breast feeding, early life feeding and introduction of solid foods. Pregnant and breastfeeding women are not recommended to exclude any food allergens from their diet, but data are lacking to support active consumption of food allergens for prevention of food allergy. Breastfeeding is recommended for the many health benefits to the mother and child but has not shown any association with reduction in childhood food allergies. There is currently no recommendation regarding the use of any infant formula for allergy prevention, including the use of partially or extensively hydrolyzed formulas. Once the introduction of solid food commences, based on randomized controlled trials, it is advised to actively introduce peanuts and egg early into the infant diet and continue with consumption of these. Although there are limited data with respect to other major food allergens and whether early introduction may prevent allergy development, there is no need to delay the introduction of these allergens into the infant diet. Interpreting food allergen consumption in the context of cultural food practices has not been studied, but it makes sense to introduce the infant to family foods by 1 year of age. Consumption of foods typical of the Western diet and foods high in advanced glycation end products may be associated with an increase in food allergies. Similarly, intake of micronutrients, such as vitamin D and omega-3 fatty acids in both the maternal and infant diet, needs further clarification in the context of food allergy prevention."
W4382632136,2,,,Food allergy prevention: Where are we in 2023?,review,not stated,pregnant/breastfeeding women and infants (food allergy prevention),20,,,unknown,,,not stated,"breastfeeding is recommended for its many health benefits to mother and child | pregnant and breastfeeding women are not recommended to exclude any food allergens from their diet | there is no recommendation for using any infant formula, including hydrolyzed formulas, for allergy prevention",3,Narrative state-of-the-art review mixing evidence statements with recommendations.,early introduction of peanut and egg,delayed introduction,peanut and egg allergy,bad,decreased,,,"Based on randomized controlled trials, active early introduction and continued consumption of peanut and egg is advised for prevention.","Food allergy prevention involves recommendations to the maternal diet during pregnancy and breast feeding, early life feeding and introduction of solid foods. Pregnant and breastfeeding women are not recommended to exclude any food allergens from their diet, but data are lacking to support active consumption of food allergens for prevention of food allergy. Breastfeeding is recommended for the many health benefits to the mother and child but has not shown any association with reduction in childhood food allergies. There is currently no recommendation regarding the use of any infant formula for allergy prevention, including the use of partially or extensively hydrolyzed formulas. Once the introduction of solid food commences, based on randomized controlled trials, it is advised to actively introduce peanuts and egg early into the infant diet and continue with consumption of these. Although there are limited data with respect to other major food allergens and whether early introduction may prevent allergy development, there is no need to delay the introduction of these allergens into the infant diet. Interpreting food allergen consumption in the context of cultural food practices has not been studied, but it makes sense to introduce the infant to family foods by 1 year of age. Consumption of foods typical of the Western diet and foods high in advanced glycation end products may be associated with an increase in food allergies. Similarly, intake of micronutrients, such as vitamin D and omega-3 fatty acids in both the maternal and infant diet, needs further clarification in the context of food allergy prevention."
W4382632136,3,,,Food allergy prevention: Where are we in 2023?,review,not stated,pregnant/breastfeeding women and infants (food allergy prevention),20,,,unknown,,,not stated,"breastfeeding is recommended for its many health benefits to mother and child | pregnant and breastfeeding women are not recommended to exclude any food allergens from their diet | there is no recommendation for using any infant formula, including hydrolyzed formulas, for allergy prevention",3,Narrative state-of-the-art review mixing evidence statements with recommendations.,Western diet and foods high in advanced glycation end products,,food allergies,bad,increased,,,Consumption of Western-diet foods high in advanced glycation end products may be associated with increased food allergies.,"Food allergy prevention involves recommendations to the maternal diet during pregnancy and breast feeding, early life feeding and introduction of solid foods. Pregnant and breastfeeding women are not recommended to exclude any food allergens from their diet, but data are lacking to support active consumption of food allergens for prevention of food allergy. Breastfeeding is recommended for the many health benefits to the mother and child but has not shown any association with reduction in childhood food allergies. There is currently no recommendation regarding the use of any infant formula for allergy prevention, including the use of partially or extensively hydrolyzed formulas. Once the introduction of solid food commences, based on randomized controlled trials, it is advised to actively introduce peanuts and egg early into the infant diet and continue with consumption of these. Although there are limited data with respect to other major food allergens and whether early introduction may prevent allergy development, there is no need to delay the introduction of these allergens into the infant diet. Interpreting food allergen consumption in the context of cultural food practices has not been studied, but it makes sense to introduce the infant to family foods by 1 year of age. Consumption of foods typical of the Western diet and foods high in advanced glycation end products may be associated with an increase in food allergies. Similarly, intake of micronutrients, such as vitamin D and omega-3 fatty acids in both the maternal and infant diet, needs further clarification in the context of food allergy prevention."
W4392911873,1,,,Disruption of Circadian Sleep/Wake Rhythms in Infants May Herald Future Development of Autism Spectrum Disorder,case-control,305,children with ASD and nursery-school controls,9,0,60,stated,"in infancy (<1 years of age), at 1-3 years, and at 3-5 years",ok,not stated,,5,"Retrospective parental questionnaire (160 ASD, 145 controls); sleep in infancy reported after diagnosis, so recall bias possible; country not explicitly stated (cities K, H, T).",short sleep periods (<8 h) before age 3,longer sleep,later autism spectrum disorder diagnosis,bad,increased,,,Short sleep under 8 hours before age 3 was associated with increased future ASD prevalence.,"We investigated whether the abnormal rhythms in infants are related to the future development of autism spectrum disorder (ASD), using a questionnaire from September to October 2016. The parents of 160 children with ASD (male, n = 123; female, n = 37) were recruited from two hospitals in K and H cities, and as a control group, 145 children (male, n = 75; female, n = 70) were recruited from four nursery schools in T city. The associations between ASD and bedtime and waking time on weekdays and weekends in infancy (<1 years of age), at 1-3 years, and at 3-5 years of ages were studied using a multivariable logistic regression analysis. In particular, at <3 years of age, the following factors were associated with an increased prevalence of ASD in the future: (1) short sleep periods (<8 h); (2) taking a long time to fall asleep (>60 min); (3) sleep beginning after 22:00; (4) a wake-up time after 08:00; and (5) frequent (>3 times) and long-term awakening periods (>60 min). The misalignment and/or shift of the circadian rhythm in infants may be one of the precursors and/or risk factors for the future development of ASD."
W4392911873,2,,,Disruption of Circadian Sleep/Wake Rhythms in Infants May Herald Future Development of Autism Spectrum Disorder,case-control,305,children with ASD and nursery-school controls,9,0,60,stated,"in infancy (<1 years of age), at 1-3 years, and at 3-5 years",ok,not stated,,5,"Retrospective parental questionnaire (160 ASD, 145 controls); sleep in infancy reported after diagnosis, so recall bias possible; country not explicitly stated (cities K, H, T).",taking a long time to fall asleep (>60 min) before age 3,shorter sleep latency,later autism spectrum disorder diagnosis,bad,increased,,,Sleep latency over 60 minutes before age 3 was associated with increased future ASD prevalence.,"We investigated whether the abnormal rhythms in infants are related to the future development of autism spectrum disorder (ASD), using a questionnaire from September to October 2016. The parents of 160 children with ASD (male, n = 123; female, n = 37) were recruited from two hospitals in K and H cities, and as a control group, 145 children (male, n = 75; female, n = 70) were recruited from four nursery schools in T city. The associations between ASD and bedtime and waking time on weekdays and weekends in infancy (<1 years of age), at 1-3 years, and at 3-5 years of ages were studied using a multivariable logistic regression analysis. In particular, at <3 years of age, the following factors were associated with an increased prevalence of ASD in the future: (1) short sleep periods (<8 h); (2) taking a long time to fall asleep (>60 min); (3) sleep beginning after 22:00; (4) a wake-up time after 08:00; and (5) frequent (>3 times) and long-term awakening periods (>60 min). The misalignment and/or shift of the circadian rhythm in infants may be one of the precursors and/or risk factors for the future development of ASD."
W4392911873,3,,,Disruption of Circadian Sleep/Wake Rhythms in Infants May Herald Future Development of Autism Spectrum Disorder,case-control,305,children with ASD and nursery-school controls,9,0,60,stated,"in infancy (<1 years of age), at 1-3 years, and at 3-5 years",ok,not stated,,5,"Retrospective parental questionnaire (160 ASD, 145 controls); sleep in infancy reported after diagnosis, so recall bias possible; country not explicitly stated (cities K, H, T).",sleep beginning after 22:00 before age 3,earlier bedtime,later autism spectrum disorder diagnosis,bad,increased,,,Bedtime after 22:00 before age 3 was associated with increased future ASD prevalence.,"We investigated whether the abnormal rhythms in infants are related to the future development of autism spectrum disorder (ASD), using a questionnaire from September to October 2016. The parents of 160 children with ASD (male, n = 123; female, n = 37) were recruited from two hospitals in K and H cities, and as a control group, 145 children (male, n = 75; female, n = 70) were recruited from four nursery schools in T city. The associations between ASD and bedtime and waking time on weekdays and weekends in infancy (<1 years of age), at 1-3 years, and at 3-5 years of ages were studied using a multivariable logistic regression analysis. In particular, at <3 years of age, the following factors were associated with an increased prevalence of ASD in the future: (1) short sleep periods (<8 h); (2) taking a long time to fall asleep (>60 min); (3) sleep beginning after 22:00; (4) a wake-up time after 08:00; and (5) frequent (>3 times) and long-term awakening periods (>60 min). The misalignment and/or shift of the circadian rhythm in infants may be one of the precursors and/or risk factors for the future development of ASD."
W4392911873,4,,,Disruption of Circadian Sleep/Wake Rhythms in Infants May Herald Future Development of Autism Spectrum Disorder,case-control,305,children with ASD and nursery-school controls,9,0,60,stated,"in infancy (<1 years of age), at 1-3 years, and at 3-5 years",ok,not stated,,5,"Retrospective parental questionnaire (160 ASD, 145 controls); sleep in infancy reported after diagnosis, so recall bias possible; country not explicitly stated (cities K, H, T).",wake-up time after 08:00 before age 3,earlier waking,later autism spectrum disorder diagnosis,bad,increased,,,Waking after 08:00 before age 3 was associated with increased future ASD prevalence.,"We investigated whether the abnormal rhythms in infants are related to the future development of autism spectrum disorder (ASD), using a questionnaire from September to October 2016. The parents of 160 children with ASD (male, n = 123; female, n = 37) were recruited from two hospitals in K and H cities, and as a control group, 145 children (male, n = 75; female, n = 70) were recruited from four nursery schools in T city. The associations between ASD and bedtime and waking time on weekdays and weekends in infancy (<1 years of age), at 1-3 years, and at 3-5 years of ages were studied using a multivariable logistic regression analysis. In particular, at <3 years of age, the following factors were associated with an increased prevalence of ASD in the future: (1) short sleep periods (<8 h); (2) taking a long time to fall asleep (>60 min); (3) sleep beginning after 22:00; (4) a wake-up time after 08:00; and (5) frequent (>3 times) and long-term awakening periods (>60 min). The misalignment and/or shift of the circadian rhythm in infants may be one of the precursors and/or risk factors for the future development of ASD."
W4392911873,5,,,Disruption of Circadian Sleep/Wake Rhythms in Infants May Herald Future Development of Autism Spectrum Disorder,case-control,305,children with ASD and nursery-school controls,9,0,60,stated,"in infancy (<1 years of age), at 1-3 years, and at 3-5 years",ok,not stated,,5,"Retrospective parental questionnaire (160 ASD, 145 controls); sleep in infancy reported after diagnosis, so recall bias possible; country not explicitly stated (cities K, H, T).",frequent (>3 times) and long-term awakening periods (>60 min) before age 3,fewer/shorter awakenings,later autism spectrum disorder diagnosis,bad,increased,,,"Frequent, long night awakenings before age 3 were associated with increased future ASD prevalence.","We investigated whether the abnormal rhythms in infants are related to the future development of autism spectrum disorder (ASD), using a questionnaire from September to October 2016. The parents of 160 children with ASD (male, n = 123; female, n = 37) were recruited from two hospitals in K and H cities, and as a control group, 145 children (male, n = 75; female, n = 70) were recruited from four nursery schools in T city. The associations between ASD and bedtime and waking time on weekdays and weekends in infancy (<1 years of age), at 1-3 years, and at 3-5 years of ages were studied using a multivariable logistic regression analysis. In particular, at <3 years of age, the following factors were associated with an increased prevalence of ASD in the future: (1) short sleep periods (<8 h); (2) taking a long time to fall asleep (>60 min); (3) sleep beginning after 22:00; (4) a wake-up time after 08:00; and (5) frequent (>3 times) and long-term awakening periods (>60 min). The misalignment and/or shift of the circadian rhythm in infants may be one of the precursors and/or risk factors for the future development of ASD."
W4398133642,1,,,Cognitive control in infancy: Attentional predictors using a tablet‐based measure,cohort,60,infants followed longitudinally from 5 to 24 months,1,5,24,stated,"assessed at 5-, 8-, 12-, 18- and 24-month",ok,not stated,cognitive control is a predictor of later-life outcomes and may underpin higher order executive processes,4,Country not stated; opposite-direction attention effects at different ages.,tablet-based cognitive control task,,psychometric performance of the task,good,unclear,,,"The task showed good internal consistency, sensitivity to age-related change and stable individual differences.","Cognitive control is a predictor of later-life outcomes and may underpin higher order executive processes. The present study examines the development of early cognitive control during the first 24-month. We evaluated a tablet-based assessment of cognitive control among infants aged 18- and 24-month. We also examined concurrent and longitudinal associations between attentional disengagement, general cognitive skills and cognitive control. Participants (N = 60, 30 female) completed the tablet-task at 18- and 24-month of age. Attentional disengagement and general cognitive development were assessed at 5-, 8-, 12-, 18- and 24-month using an eye-tracking measure and the Mullen Scales of Early Learning (MSEL), respectively. The cognitive control task demonstrated good internal consistency, sensitivity to age-related change in performance and stable individual differences. No associations were found between infant cognitive control and MSEL scores longitudinally or concurrently. The eye-tracking task revealed that slower attentional disengagement at 8-month, but faster disengagement at 18-month, predicted higher cognitive control scores at 24-month. This task may represent a useful tool for measuring emergent cognitive control. The multifaceted relationship between attention and infant cognitive control suggests that the rapid development of the attentional system in infancy results in distinct attentional skills, at different ages, being relevant for cognitive control development."
W4398133642,2,,,Cognitive control in infancy: Attentional predictors using a tablet‐based measure,cohort,60,infants followed longitudinally from 5 to 24 months,1,5,24,stated,"assessed at 5-, 8-, 12-, 18- and 24-month",ok,not stated,cognitive control is a predictor of later-life outcomes and may underpin higher order executive processes,4,Country not stated; opposite-direction attention effects at different ages.,infant cognitive control,,Mullen Scales of Early Learning scores,good,no_change,,,No associations were found between cognitive control and MSEL scores longitudinally or concurrently.,"Cognitive control is a predictor of later-life outcomes and may underpin higher order executive processes. The present study examines the development of early cognitive control during the first 24-month. We evaluated a tablet-based assessment of cognitive control among infants aged 18- and 24-month. We also examined concurrent and longitudinal associations between attentional disengagement, general cognitive skills and cognitive control. Participants (N = 60, 30 female) completed the tablet-task at 18- and 24-month of age. Attentional disengagement and general cognitive development were assessed at 5-, 8-, 12-, 18- and 24-month using an eye-tracking measure and the Mullen Scales of Early Learning (MSEL), respectively. The cognitive control task demonstrated good internal consistency, sensitivity to age-related change in performance and stable individual differences. No associations were found between infant cognitive control and MSEL scores longitudinally or concurrently. The eye-tracking task revealed that slower attentional disengagement at 8-month, but faster disengagement at 18-month, predicted higher cognitive control scores at 24-month. This task may represent a useful tool for measuring emergent cognitive control. The multifaceted relationship between attention and infant cognitive control suggests that the rapid development of the attentional system in infancy results in distinct attentional skills, at different ages, being relevant for cognitive control development."
W4398133642,3,,,Cognitive control in infancy: Attentional predictors using a tablet‐based measure,cohort,60,infants followed longitudinally from 5 to 24 months,1,5,24,stated,"assessed at 5-, 8-, 12-, 18- and 24-month",ok,not stated,cognitive control is a predictor of later-life outcomes and may underpin higher order executive processes,4,Country not stated; opposite-direction attention effects at different ages.,slower attentional disengagement at 8 months,faster disengagement,cognitive control scores at 24 months,good,increased,,,Slower attentional disengagement at 8 months predicted higher cognitive control at 24 months.,"Cognitive control is a predictor of later-life outcomes and may underpin higher order executive processes. The present study examines the development of early cognitive control during the first 24-month. We evaluated a tablet-based assessment of cognitive control among infants aged 18- and 24-month. We also examined concurrent and longitudinal associations between attentional disengagement, general cognitive skills and cognitive control. Participants (N = 60, 30 female) completed the tablet-task at 18- and 24-month of age. Attentional disengagement and general cognitive development were assessed at 5-, 8-, 12-, 18- and 24-month using an eye-tracking measure and the Mullen Scales of Early Learning (MSEL), respectively. The cognitive control task demonstrated good internal consistency, sensitivity to age-related change in performance and stable individual differences. No associations were found between infant cognitive control and MSEL scores longitudinally or concurrently. The eye-tracking task revealed that slower attentional disengagement at 8-month, but faster disengagement at 18-month, predicted higher cognitive control scores at 24-month. This task may represent a useful tool for measuring emergent cognitive control. The multifaceted relationship between attention and infant cognitive control suggests that the rapid development of the attentional system in infancy results in distinct attentional skills, at different ages, being relevant for cognitive control development."
W4398133642,4,,,Cognitive control in infancy: Attentional predictors using a tablet‐based measure,cohort,60,infants followed longitudinally from 5 to 24 months,1,5,24,stated,"assessed at 5-, 8-, 12-, 18- and 24-month",ok,not stated,cognitive control is a predictor of later-life outcomes and may underpin higher order executive processes,4,Country not stated; opposite-direction attention effects at different ages.,faster attentional disengagement at 18 months,slower disengagement,cognitive control scores at 24 months,good,increased,,,Faster attentional disengagement at 18 months predicted higher cognitive control at 24 months.,"Cognitive control is a predictor of later-life outcomes and may underpin higher order executive processes. The present study examines the development of early cognitive control during the first 24-month. We evaluated a tablet-based assessment of cognitive control among infants aged 18- and 24-month. We also examined concurrent and longitudinal associations between attentional disengagement, general cognitive skills and cognitive control. Participants (N = 60, 30 female) completed the tablet-task at 18- and 24-month of age. Attentional disengagement and general cognitive development were assessed at 5-, 8-, 12-, 18- and 24-month using an eye-tracking measure and the Mullen Scales of Early Learning (MSEL), respectively. The cognitive control task demonstrated good internal consistency, sensitivity to age-related change in performance and stable individual differences. No associations were found between infant cognitive control and MSEL scores longitudinally or concurrently. The eye-tracking task revealed that slower attentional disengagement at 8-month, but faster disengagement at 18-month, predicted higher cognitive control scores at 24-month. This task may represent a useful tool for measuring emergent cognitive control. The multifaceted relationship between attention and infant cognitive control suggests that the rapid development of the attentional system in infancy results in distinct attentional skills, at different ages, being relevant for cognitive control development."
W4402498924,1,,,Weekend screen use of parents and children associates with child language skills,cross-sectional,421,Estonian children aged 2;5-4;0 and their parents,9,29,48,stated,aged 2;5 to 4;0,ok,not stated,,4,Ages 2;5-4;0 in year;month notation converted to 29-48 months; language skills were mother-reported (CDI-III).,children's total weekend screen time,less screen time,vocabulary and grammatical skills,good,decreased,,,Higher total child screen time was linked to poorer mother-reported vocabulary and grammatical skills.,"Introduction The study examined the relationship between screen time and types of screen activities engaged in by children, mothers, and fathers on weekends, and its association with mother-reported vocabulary and grammatical skills of children aged 2;5 to 4;0. Methods Mothers reported the language skills of 421 children (M age = 38.18 months; SD = 5.73) by the Estonian CDI-III, and the screen use of children, mothers, and fathers by the Screen Time Inventory. We applied Latent Class Analysis (LCA) to analyze the screen time of children, mothers, and fathers, aiming to identify common family screen use profiles. Results The results showed that higher total screen time of children was linked to poorer vocabulary and grammatical skills. None of the screen-based activities that children, mothers, and fathers engaged in, including co-viewing of screens and socializing time, were found to positively relate to language skills. Playing video games was negatively associated with children's language skills, regardless of whether it was the child, mother, or father gaming. LCA identified 3 distinct family screen use profiles (low, moderate, and high users) which differed by parental education, screen-based activities, and children's language skills. Discussion The findings underscore the significance of family-based interventions when addressing screen time within the context of child language development."
W4402498924,2,,,Weekend screen use of parents and children associates with child language skills,cross-sectional,421,Estonian children aged 2;5-4;0 and their parents,9,29,48,stated,aged 2;5 to 4;0,ok,not stated,,4,Ages 2;5-4;0 in year;month notation converted to 29-48 months; language skills were mother-reported (CDI-III).,co-viewing of screens and screen socializing time,,child language skills,good,no_change,,,"No screen-based activity, including co-viewing and socializing time, positively related to language skills.","Introduction The study examined the relationship between screen time and types of screen activities engaged in by children, mothers, and fathers on weekends, and its association with mother-reported vocabulary and grammatical skills of children aged 2;5 to 4;0. Methods Mothers reported the language skills of 421 children (M age = 38.18 months; SD = 5.73) by the Estonian CDI-III, and the screen use of children, mothers, and fathers by the Screen Time Inventory. We applied Latent Class Analysis (LCA) to analyze the screen time of children, mothers, and fathers, aiming to identify common family screen use profiles. Results The results showed that higher total screen time of children was linked to poorer vocabulary and grammatical skills. None of the screen-based activities that children, mothers, and fathers engaged in, including co-viewing of screens and socializing time, were found to positively relate to language skills. Playing video games was negatively associated with children's language skills, regardless of whether it was the child, mother, or father gaming. LCA identified 3 distinct family screen use profiles (low, moderate, and high users) which differed by parental education, screen-based activities, and children's language skills. Discussion The findings underscore the significance of family-based interventions when addressing screen time within the context of child language development."
W4402498924,3,,,Weekend screen use of parents and children associates with child language skills,cross-sectional,421,Estonian children aged 2;5-4;0 and their parents,9,29,48,stated,aged 2;5 to 4;0,ok,not stated,,4,Ages 2;5-4;0 in year;month notation converted to 29-48 months; language skills were mother-reported (CDI-III).,"playing video games (by child, mother, or father)",no gaming,child language skills,good,decreased,,,Video gaming was negatively associated with children's language skills regardless of who in the family gamed.,"Introduction The study examined the relationship between screen time and types of screen activities engaged in by children, mothers, and fathers on weekends, and its association with mother-reported vocabulary and grammatical skills of children aged 2;5 to 4;0. Methods Mothers reported the language skills of 421 children (M age = 38.18 months; SD = 5.73) by the Estonian CDI-III, and the screen use of children, mothers, and fathers by the Screen Time Inventory. We applied Latent Class Analysis (LCA) to analyze the screen time of children, mothers, and fathers, aiming to identify common family screen use profiles. Results The results showed that higher total screen time of children was linked to poorer vocabulary and grammatical skills. None of the screen-based activities that children, mothers, and fathers engaged in, including co-viewing of screens and socializing time, were found to positively relate to language skills. Playing video games was negatively associated with children's language skills, regardless of whether it was the child, mother, or father gaming. LCA identified 3 distinct family screen use profiles (low, moderate, and high users) which differed by parental education, screen-based activities, and children's language skills. Discussion The findings underscore the significance of family-based interventions when addressing screen time within the context of child language development."
W4402498924,4,,,Weekend screen use of parents and children associates with child language skills,cross-sectional,421,Estonian children aged 2;5-4;0 and their parents,9,29,48,stated,aged 2;5 to 4;0,ok,not stated,,4,Ages 2;5-4;0 in year;month notation converted to 29-48 months; language skills were mother-reported (CDI-III).,"family screen use profile (low, moderate, high users)",,parental education and child language skills,unclear,unclear,,,"Latent class analysis identified three family screen-use profiles differing in education, activities and child language.","Introduction The study examined the relationship between screen time and types of screen activities engaged in by children, mothers, and fathers on weekends, and its association with mother-reported vocabulary and grammatical skills of children aged 2;5 to 4;0. Methods Mothers reported the language skills of 421 children (M age = 38.18 months; SD = 5.73) by the Estonian CDI-III, and the screen use of children, mothers, and fathers by the Screen Time Inventory. We applied Latent Class Analysis (LCA) to analyze the screen time of children, mothers, and fathers, aiming to identify common family screen use profiles. Results The results showed that higher total screen time of children was linked to poorer vocabulary and grammatical skills. None of the screen-based activities that children, mothers, and fathers engaged in, including co-viewing of screens and socializing time, were found to positively relate to language skills. Playing video games was negatively associated with children's language skills, regardless of whether it was the child, mother, or father gaming. LCA identified 3 distinct family screen use profiles (low, moderate, and high users) which differed by parental education, screen-based activities, and children's language skills. Discussion The findings underscore the significance of family-based interventions when addressing screen time within the context of child language development."
W4406127975,1,,,Screen on = development off? A systematic scoping review and a developmental psychology perspective on the effects of screen time on early childhood development,review,158 studies,children aged 0-36 months (screen time review),23,0,36,stated,children aged zero to 36 months,ok,not stated,research suggests various forms of screen time might pose a risk for various aspects of child development,1,"Systematic scoping review without pooling, coded review; the mixed pattern resists a single direction.",screen time,less or no screen time,"early developmental outcomes (sleep, cognition, language, motor, socio-emotional)",good,unclear,,,"Across most outcomes, undesirable and non-significant associations with screen time were comparably frequent and desirable associations few, suggesting moderation by child, context and content.","Research on the associations between screen time and child development suggests that various forms of screen time might pose a risk for various aspects of child development. However, data on the impact of exposure to screen media on the development of children under 3 years of age is comparatively scarce. Although the evidence available on the topic is evolving rapidly, no review of existing literature has yet encompassed a comprehensive set of developmental outcomes with a focus in the first 3 years of life. To address this research gap, the present literature review focused on the influences of screen time on various developmental outcomes of children aged zero to 36 months. These outcomes were sleep-related parameters, physical health, cognition, learning efficiency, language, motor skills, socio-emotional skills, social interaction, and overall development. To this end, ten databases were searched systematically, and 158 studies that were published between the launch of the iPhone in early 2007 until 2024 were included. Only studies that reported specific results for the age range of zero to 36 months were examined, including longitudinal studies with samples of children aged zero to 36 months at the first wave of assessment. For most outcomes, a comparable amount of undesirable and non-significant associations was found with children's screen time, while few desirable associations were reported. In line with the notion of resilience, these results indicate that characteristics of the child, the context, and/or the content moderate the associations between screen time and child development in early childhood, thus contributing to mitigating the potential of displacement of learning opportunities or even creating new learning opportunities. More studies with designs that can examine the causal effect of screen time on child development and that explicitly address the role of child, content, and context variables are needed."
W4414190774,1,,,Beyond the rules: an integrative review of parental perspectives on safer infant sleep in shared environments,review,60 studies,parents of infants under 12 months sharing sleep,1,0,12,stated,infants under 12 months who share a sleep surface,ok,not stated,SUDI remains one of the most significant contributors to post-neonatal infant death in many high-income countries | bedsharing remains common despite predominant risk elimination guidelines | most infant deaths in shared sleep environments are associated with additional risk factors,2,"Integrative qualitative review; findings are thematic, not quantitative.",bedsharing,,disclosure to health professionals,good,decreased,,,Families frequently refrain from disclosing bedsharing practices to health professionals; bedsharing often occurs outside conscious choice.,"Background: Despite public health campaigns promoting infant sleep safety, SUDI (including SIDS and fatal sleep accidents) remains one of the most significant contributors to post-neonatal infant death in many high-income countries. Bedsharing remains common despite predominant risk elimination guidelines, with many families struggling to follow rigid rules of avoidance. Risk minimisation considers the complexities of family life and recognises most infant deaths in shared sleep environments are associated with additional risk factors. Purpose and methods: Integrative review methodology was used to investigate the information parents need to minimise risk for infants under 12 months who share a sleep surface. Database searches included Scopus, CINAHL, PubMed, PsycNET and Emcare to identify peer-reviewed publications published January 2013-March 2025. Quality appraisal was undertaken using the QuADs tool. Results: A total of 60 articles met eligibility criteria. Twelve themes were generated from the data and grouped under four key domains: 1. Challenges in creating safer shared sleep environments, 2. Solutions/strategies used by parents to address challenges, 3. Family experiences when risk factors are present, and 4. Information needs of parents and caregivers. Families reported sharing sleep with infants, intentionally and accidentally, including those at a higher risk of SUDI. Bedsharing often occurs outside of a conscious parental 'choice', while families frequently refrain from disclosing bedsharing practices to health professionals. In the absence of formal guidance on safer shared sleep strategies, families generated their own solutions potentially increasing risk. Conclusion: Parents need universal access to non-judgmental, neutrally-worded support that allows them to 'prepare to share' and employ strategies to enhance infant sleep safety wherever, and whenever it occurs."
W4414190774,2,,,Beyond the rules: an integrative review of parental perspectives on safer infant sleep in shared environments,review,60 studies,parents of infants under 12 months sharing sleep,1,0,12,stated,infants under 12 months who share a sleep surface,ok,not stated,SUDI remains one of the most significant contributors to post-neonatal infant death in many high-income countries | bedsharing remains common despite predominant risk elimination guidelines | most infant deaths in shared sleep environments are associated with additional risk factors,2,"Integrative qualitative review; findings are thematic, not quantitative.",absence of formal guidance on safer shared sleep,,risk from parent-generated sleep strategies,bad,increased,,,"Without formal guidance, families generated their own shared-sleep solutions, potentially increasing risk.","Background: Despite public health campaigns promoting infant sleep safety, SUDI (including SIDS and fatal sleep accidents) remains one of the most significant contributors to post-neonatal infant death in many high-income countries. Bedsharing remains common despite predominant risk elimination guidelines, with many families struggling to follow rigid rules of avoidance. Risk minimisation considers the complexities of family life and recognises most infant deaths in shared sleep environments are associated with additional risk factors. Purpose and methods: Integrative review methodology was used to investigate the information parents need to minimise risk for infants under 12 months who share a sleep surface. Database searches included Scopus, CINAHL, PubMed, PsycNET and Emcare to identify peer-reviewed publications published January 2013-March 2025. Quality appraisal was undertaken using the QuADs tool. Results: A total of 60 articles met eligibility criteria. Twelve themes were generated from the data and grouped under four key domains: 1. Challenges in creating safer shared sleep environments, 2. Solutions/strategies used by parents to address challenges, 3. Family experiences when risk factors are present, and 4. Information needs of parents and caregivers. Families reported sharing sleep with infants, intentionally and accidentally, including those at a higher risk of SUDI. Bedsharing often occurs outside of a conscious parental 'choice', while families frequently refrain from disclosing bedsharing practices to health professionals. In the absence of formal guidance on safer shared sleep strategies, families generated their own solutions potentially increasing risk. Conclusion: Parents need universal access to non-judgmental, neutrally-worded support that allows them to 'prepare to share' and employ strategies to enhance infant sleep safety wherever, and whenever it occurs."
W4415041480,1,,,Combined and interaction effects of outdoor and reading time on myopia onset: evidence from over 210 000 schoolchildren in China,cohort,219802,"non-myopic primary school students, Tianjin, China",9,72,144,inferred,primary school students,ok,not stated,,4,Ages inferred from 'primary school students' in China (about 6-12 years); no numeric ages in abstract.,increased outdoor time,less outdoor time,myopia onset,bad,decreased,"HR = 0.86; 95% CI = 0.84, 0.89",ok,Outdoor time reduced myopia onset risk in a dose-dependent way (>3 hours HR 0.86; 2-3 hours 0.90; 1-2 hours 0.97).,"Background: While numerous studies have examined the individual effects of outdoor and reading time on myopia, the interaction between these factors in large populations remains underexplored. We hypothesised that increased outdoor exposure may mitigate the risk of myopia associated with prolonged reading. Methods: We included 219 802 initially non-myopic primary school students in the Tianjin Child and Adolescent Research of Eye study. We collected the behaviour exposure data via a questionnaire. We used Cox proportional hazard models, with semesters since entrance as the time scale, to assess the associations of outdoor and reading time with the onset of myopia. We evaluated interaction effects on the additive scale using a generalised propensity score-weighted Cox model, and quantified them by excess relative risk due to interaction (RERI), attributable proportion (AP), and synergy index (SI). Additionally, we conducted subgroup analyses to assess the robustness and consistency of the results. Results: Among the 219 802 children, 130 246 developed myopia, resulting in a cumulative incidence of 59.3% over three years. Increased outdoor time of 1-2 hours (hazard ratio (HR) = 0.97; 95% confidence interval (CI) = 0.95, 0.98), 2-3 hours (HR = 0.90; 95% CI = 0.88, 0.92), and >3 hours (HR = 0.86; 95% CI = 0.84, 0.89) were associated with a reduced risk of myopia onset, whereas prolonged reading time of 1-2 hours (HR = 1.02; 95% CI = 1.01, 1.03), >2 hours (HR = 1.03; 95% CI = 1.01, 1.05), and >3 hours (HR = 1.05; 95% CI = 1.03, 1.08) were linked to an increased risk. The interaction effects on the additive scale were significant between outdoor time and reading time with RERI of -0.04 (95% CI = -0.08, 0.00), AP of -0.04 (95% CI = -0.07, 0.00), and SI of 0.71 (95% CI = 0.50, -0.93), particularly in boys, those in grades from 1 to 3, and those with myopic parents. Conclusions: Outdoor time and reading time are not only independently related to the onset of myopia but also interact with each other. These findings highlight the importance of promoting outdoor time and managing reading time to inform targeted myopia prevention strategies."
W4415041480,2,,,Combined and interaction effects of outdoor and reading time on myopia onset: evidence from over 210 000 schoolchildren in China,cohort,219802,"non-myopic primary school students, Tianjin, China",9,72,144,inferred,primary school students,ok,not stated,,4,Ages inferred from 'primary school students' in China (about 6-12 years); no numeric ages in abstract.,prolonged reading time,less reading time,myopia onset,bad,increased,"HR = 1.05; 95% CI = 1.03, 1.08",ok,Longer reading time increased myopia onset risk (>3 hours HR 1.05; >2 hours 1.03; 1-2 hours 1.02).,"Background: While numerous studies have examined the individual effects of outdoor and reading time on myopia, the interaction between these factors in large populations remains underexplored. We hypothesised that increased outdoor exposure may mitigate the risk of myopia associated with prolonged reading. Methods: We included 219 802 initially non-myopic primary school students in the Tianjin Child and Adolescent Research of Eye study. We collected the behaviour exposure data via a questionnaire. We used Cox proportional hazard models, with semesters since entrance as the time scale, to assess the associations of outdoor and reading time with the onset of myopia. We evaluated interaction effects on the additive scale using a generalised propensity score-weighted Cox model, and quantified them by excess relative risk due to interaction (RERI), attributable proportion (AP), and synergy index (SI). Additionally, we conducted subgroup analyses to assess the robustness and consistency of the results. Results: Among the 219 802 children, 130 246 developed myopia, resulting in a cumulative incidence of 59.3% over three years. Increased outdoor time of 1-2 hours (hazard ratio (HR) = 0.97; 95% confidence interval (CI) = 0.95, 0.98), 2-3 hours (HR = 0.90; 95% CI = 0.88, 0.92), and >3 hours (HR = 0.86; 95% CI = 0.84, 0.89) were associated with a reduced risk of myopia onset, whereas prolonged reading time of 1-2 hours (HR = 1.02; 95% CI = 1.01, 1.03), >2 hours (HR = 1.03; 95% CI = 1.01, 1.05), and >3 hours (HR = 1.05; 95% CI = 1.03, 1.08) were linked to an increased risk. The interaction effects on the additive scale were significant between outdoor time and reading time with RERI of -0.04 (95% CI = -0.08, 0.00), AP of -0.04 (95% CI = -0.07, 0.00), and SI of 0.71 (95% CI = 0.50, -0.93), particularly in boys, those in grades from 1 to 3, and those with myopic parents. Conclusions: Outdoor time and reading time are not only independently related to the onset of myopia but also interact with each other. These findings highlight the importance of promoting outdoor time and managing reading time to inform targeted myopia prevention strategies."
W4415041480,3,,,Combined and interaction effects of outdoor and reading time on myopia onset: evidence from over 210 000 schoolchildren in China,cohort,219802,"non-myopic primary school students, Tianjin, China",9,72,144,inferred,primary school students,ok,not stated,,4,Ages inferred from 'primary school students' in China (about 6-12 years); no numeric ages in abstract.,outdoor time combined with prolonged reading,effects acting independently,myopia onset,bad,decreased,"-0.04 (95% CI = -0.08, 0.00)",ok,"A significant negative additive interaction: outdoor time attenuated reading-associated myopia risk, especially in boys, grades 1-3, and children of myopic parents.","Background: While numerous studies have examined the individual effects of outdoor and reading time on myopia, the interaction between these factors in large populations remains underexplored. We hypothesised that increased outdoor exposure may mitigate the risk of myopia associated with prolonged reading. Methods: We included 219 802 initially non-myopic primary school students in the Tianjin Child and Adolescent Research of Eye study. We collected the behaviour exposure data via a questionnaire. We used Cox proportional hazard models, with semesters since entrance as the time scale, to assess the associations of outdoor and reading time with the onset of myopia. We evaluated interaction effects on the additive scale using a generalised propensity score-weighted Cox model, and quantified them by excess relative risk due to interaction (RERI), attributable proportion (AP), and synergy index (SI). Additionally, we conducted subgroup analyses to assess the robustness and consistency of the results. Results: Among the 219 802 children, 130 246 developed myopia, resulting in a cumulative incidence of 59.3% over three years. Increased outdoor time of 1-2 hours (hazard ratio (HR) = 0.97; 95% confidence interval (CI) = 0.95, 0.98), 2-3 hours (HR = 0.90; 95% CI = 0.88, 0.92), and >3 hours (HR = 0.86; 95% CI = 0.84, 0.89) were associated with a reduced risk of myopia onset, whereas prolonged reading time of 1-2 hours (HR = 1.02; 95% CI = 1.01, 1.03), >2 hours (HR = 1.03; 95% CI = 1.01, 1.05), and >3 hours (HR = 1.05; 95% CI = 1.03, 1.08) were linked to an increased risk. The interaction effects on the additive scale were significant between outdoor time and reading time with RERI of -0.04 (95% CI = -0.08, 0.00), AP of -0.04 (95% CI = -0.07, 0.00), and SI of 0.71 (95% CI = 0.50, -0.93), particularly in boys, those in grades from 1 to 3, and those with myopic parents. Conclusions: Outdoor time and reading time are not only independently related to the onset of myopia but also interact with each other. These findings highlight the importance of promoting outdoor time and managing reading time to inform targeted myopia prevention strategies."
W4415041480,4,,,Combined and interaction effects of outdoor and reading time on myopia onset: evidence from over 210 000 schoolchildren in China,cohort,219802,"non-myopic primary school students, Tianjin, China",9,72,144,inferred,primary school students,ok,not stated,,4,Ages inferred from 'primary school students' in China (about 6-12 years); no numeric ages in abstract.,three years of school follow-up,,cumulative myopia incidence,bad,unclear,59.3%,ok,"130,246 of 219,802 children developed myopia, a cumulative three-year incidence of 59.3%.","Background: While numerous studies have examined the individual effects of outdoor and reading time on myopia, the interaction between these factors in large populations remains underexplored. We hypothesised that increased outdoor exposure may mitigate the risk of myopia associated with prolonged reading. Methods: We included 219 802 initially non-myopic primary school students in the Tianjin Child and Adolescent Research of Eye study. We collected the behaviour exposure data via a questionnaire. We used Cox proportional hazard models, with semesters since entrance as the time scale, to assess the associations of outdoor and reading time with the onset of myopia. We evaluated interaction effects on the additive scale using a generalised propensity score-weighted Cox model, and quantified them by excess relative risk due to interaction (RERI), attributable proportion (AP), and synergy index (SI). Additionally, we conducted subgroup analyses to assess the robustness and consistency of the results. Results: Among the 219 802 children, 130 246 developed myopia, resulting in a cumulative incidence of 59.3% over three years. Increased outdoor time of 1-2 hours (hazard ratio (HR) = 0.97; 95% confidence interval (CI) = 0.95, 0.98), 2-3 hours (HR = 0.90; 95% CI = 0.88, 0.92), and >3 hours (HR = 0.86; 95% CI = 0.84, 0.89) were associated with a reduced risk of myopia onset, whereas prolonged reading time of 1-2 hours (HR = 1.02; 95% CI = 1.01, 1.03), >2 hours (HR = 1.03; 95% CI = 1.01, 1.05), and >3 hours (HR = 1.05; 95% CI = 1.03, 1.08) were linked to an increased risk. The interaction effects on the additive scale were significant between outdoor time and reading time with RERI of -0.04 (95% CI = -0.08, 0.00), AP of -0.04 (95% CI = -0.07, 0.00), and SI of 0.71 (95% CI = 0.50, -0.93), particularly in boys, those in grades from 1 to 3, and those with myopic parents. Conclusions: Outdoor time and reading time are not only independently related to the onset of myopia but also interact with each other. These findings highlight the importance of promoting outdoor time and managing reading time to inform targeted myopia prevention strategies."
W4416600167,1,,,"Complementary Feeding and Risk of Choking: A Survey Among Parents and Primary Care Pediatricians in Emilia-Romagna, Northern Italy",cross-sectional,275,"parents and pediatricians, Emilia-Romagna, Italy",0,,,unknown,,,not stated,"current evidence shows that, when conducted safely, BLW may not increase foreign body aspiration risk compared with traditional spoon feeding",3,Sample is 149 parents plus 126 pediatricians; infant ages not usable since respondents are adults.,complementary feeding method choice,,parental adoption of feeding approaches,unclear,unclear,"43.6% reported autonomous responsive, 32.8% BLW, and 23.5% strict TSF",ok,67% of parents began complementary feeding at 6 months or later; autonomous responsive feeding was most common.,"BACKGROUND: Complementary feeding has traditionally relied on traditional spoon feeding (TSF), in which parents gradually introduce semi-solid foods under close supervision. More recently, Baby-Led Weaning (BLW) has become popular, promoting infant autonomy in handling solid foods. To address concerns regarding choking and nutritional adequacy, the Baby-Led Introduction to SolidS (BLISS) method was developed. Some families instead adopt autonomous responsive feeding, which combines structured guidance with respect for the infant's self-regulation. Although concerns about foreign body aspiration (FBA) persist among caregivers and pediatricians, current evidence shows that, when conducted safely, BLW may not increase this risk compared with TSF. This study investigated the prevalence of complementary feeding practices and their perceived relationship to FBA, exploring perspectives of caregivers and primary care pediatricians in Emilia-Romagna, Northern Italy. METHODS: Between March 2022 and May 2024, 149 parents and 126 pediatricians completed anonymous questionnaires. RESULTS: Among parents, 67% initiated complementary feeding at ≥6 months; 43.6% reported autonomous responsive, 32.8% BLW, and 23.5% strict TSF. Pediatricians more frequently endorsed flexible approaches: 61.1% supported autonomous responsive feeding, 37.1% BLW, and 12.7% TSF. Notably, strict TSF was applied by 23.3% of parents, almost twice the proportion recommended by pediatricians. Suspected choking episodes were reported by 41.6% of parents but showed no significant association with feeding method or demographic factors. CONCLUSIONS: BLW and related flexible practices are increasingly adopted and, when implemented safely, may not increase FBA risk. Pediatricians appear to recommend BLW, or hybrid approaches, more often than parents apply them, suggesting possible gaps in communication and shared decision-making."
W4416600167,2,,,"Complementary Feeding and Risk of Choking: A Survey Among Parents and Primary Care Pediatricians in Emilia-Romagna, Northern Italy",cross-sectional,275,"parents and pediatricians, Emilia-Romagna, Italy",0,,,unknown,,,not stated,"current evidence shows that, when conducted safely, BLW may not increase foreign body aspiration risk compared with traditional spoon feeding",3,Sample is 149 parents plus 126 pediatricians; infant ages not usable since respondents are adults.,pediatrician endorsement of flexible feeding approaches,parental application of those approaches,endorsement of BLW/flexible feeding,unclear,increased,"61.1% supported autonomous responsive feeding, 37.1% BLW, and 12.7% TSF",ok,"Pediatricians endorsed flexible approaches more often than parents applied them, suggesting communication gaps.","BACKGROUND: Complementary feeding has traditionally relied on traditional spoon feeding (TSF), in which parents gradually introduce semi-solid foods under close supervision. More recently, Baby-Led Weaning (BLW) has become popular, promoting infant autonomy in handling solid foods. To address concerns regarding choking and nutritional adequacy, the Baby-Led Introduction to SolidS (BLISS) method was developed. Some families instead adopt autonomous responsive feeding, which combines structured guidance with respect for the infant's self-regulation. Although concerns about foreign body aspiration (FBA) persist among caregivers and pediatricians, current evidence shows that, when conducted safely, BLW may not increase this risk compared with TSF. This study investigated the prevalence of complementary feeding practices and their perceived relationship to FBA, exploring perspectives of caregivers and primary care pediatricians in Emilia-Romagna, Northern Italy. METHODS: Between March 2022 and May 2024, 149 parents and 126 pediatricians completed anonymous questionnaires. RESULTS: Among parents, 67% initiated complementary feeding at ≥6 months; 43.6% reported autonomous responsive, 32.8% BLW, and 23.5% strict TSF. Pediatricians more frequently endorsed flexible approaches: 61.1% supported autonomous responsive feeding, 37.1% BLW, and 12.7% TSF. Notably, strict TSF was applied by 23.3% of parents, almost twice the proportion recommended by pediatricians. Suspected choking episodes were reported by 41.6% of parents but showed no significant association with feeding method or demographic factors. CONCLUSIONS: BLW and related flexible practices are increasingly adopted and, when implemented safely, may not increase FBA risk. Pediatricians appear to recommend BLW, or hybrid approaches, more often than parents apply them, suggesting possible gaps in communication and shared decision-making."
W4416600167,3,,,"Complementary Feeding and Risk of Choking: A Survey Among Parents and Primary Care Pediatricians in Emilia-Romagna, Northern Italy",cross-sectional,275,"parents and pediatricians, Emilia-Romagna, Italy",0,,,unknown,,,not stated,"current evidence shows that, when conducted safely, BLW may not increase foreign body aspiration risk compared with traditional spoon feeding",3,Sample is 149 parents plus 126 pediatricians; infant ages not usable since respondents are adults.,feeding method (BLW vs traditional spoon feeding),other feeding methods,suspected choking episodes,bad,no_change,41.6%,ok,Suspected choking was reported by 41.6% of parents with no significant association with feeding method or demographics.,"BACKGROUND: Complementary feeding has traditionally relied on traditional spoon feeding (TSF), in which parents gradually introduce semi-solid foods under close supervision. More recently, Baby-Led Weaning (BLW) has become popular, promoting infant autonomy in handling solid foods. To address concerns regarding choking and nutritional adequacy, the Baby-Led Introduction to SolidS (BLISS) method was developed. Some families instead adopt autonomous responsive feeding, which combines structured guidance with respect for the infant's self-regulation. Although concerns about foreign body aspiration (FBA) persist among caregivers and pediatricians, current evidence shows that, when conducted safely, BLW may not increase this risk compared with TSF. This study investigated the prevalence of complementary feeding practices and their perceived relationship to FBA, exploring perspectives of caregivers and primary care pediatricians in Emilia-Romagna, Northern Italy. METHODS: Between March 2022 and May 2024, 149 parents and 126 pediatricians completed anonymous questionnaires. RESULTS: Among parents, 67% initiated complementary feeding at ≥6 months; 43.6% reported autonomous responsive, 32.8% BLW, and 23.5% strict TSF. Pediatricians more frequently endorsed flexible approaches: 61.1% supported autonomous responsive feeding, 37.1% BLW, and 12.7% TSF. Notably, strict TSF was applied by 23.3% of parents, almost twice the proportion recommended by pediatricians. Suspected choking episodes were reported by 41.6% of parents but showed no significant association with feeding method or demographic factors. CONCLUSIONS: BLW and related flexible practices are increasingly adopted and, when implemented safely, may not increase FBA risk. Pediatricians appear to recommend BLW, or hybrid approaches, more often than parents apply them, suggesting possible gaps in communication and shared decision-making."
