n,claim_key,claim,tested_as,title,abstract,citations,YOUR_relevance,YOUR_stance,YOUR_stated_position,stated_position_evidence,YOUR_notes,labelled_by,--,model_stance,model_confidence,model_finding,model_direction,model_study_type,stratum,paperId
1,pacifier_sids,Pacifier use at sleep onset reduces the risk of SIDS,Pacifier use at sleep onset reduces the risk of SIDS,Bed-Sharing in the Absence of Hazardous Circumstances: Is There a Risk of Sudden Infant Death Syndrome? An Analysis from Two Case-Control Studies Conducted in the UK,"OBJECTIVE: The risk of sudden infant death syndrome (SIDS) among infants who co-sleep in the absence of hazardous circumstances is unclear and needs to be quantified. DESIGN: Combined individual-analysis of two population-based case-control studies of SIDS infants and controls comparable for age and time of last sleep. SETTING: Parents of 400 SIDS infants and 1386 controls provided information from five English health regions between 1993-6 (population: 17.7 million) and one of these regions between 2003-6 (population:4.9 million). RESULTS: Over a third of SIDS infants (36%) were found co-sleeping with an adult at the time of death compared to 15% of control infants after the reference sleep (multivariate OR = 3.9 [95% CI: 2.7-5.6]). The multivariable risk associated with co-sleeping on a sofa (OR = 18.3 [95% CI: 7.1-47.4]) or next to a parent who drank more than two units of alcohol (OR = 18.3 [95% CI: 7.7-43.5]) was very high and significant for infants of all ages. The risk associated with co-sleeping next to someone who smoked was significant for infants under 3 months old (OR = 8.9 [95% CI: 5.3-15.1]) but not for older infants (OR = 1.4 [95% CI: 0.7-2.8]). The multivariable risk associated with bed-sharing in the absence of these hazards was not significant overall (OR = 1.1 [95% CI: 0.6-2.0]), for infants less than 3 months old (OR = 1.6 [95% CI: 0.96-2.7]), and was in the direction of protection for older infants (OR = 0.1 [95% CI: 0.01-0.5]). Dummy use was associated with a lower risk of SIDS only among co-sleepers and prone sleeping was a higher risk only among infants sleeping alone. CONCLUSION: These findings support a public health strategy that underlines specific hazardous co-sleeping environments parents should avoid. Sofa-sharing is not a safe alternative to bed-sharing and bed-sharing should be avoided if parents consume alcohol, smoke or take drugs or if the infant is pre-term.",199,Direct,Supports,none,,,tom,,refutes,85,"Bed-sharing in the absence of hazardous circumstances may not significantly increase the risk of SIDS for older infants, but it does for infants under 3 months old when co-sleeping next to someone who smokes or on a sofa or next to a parent who drank more than two units of alcohol",disagrees,case-control,complement,W2096228542
2,back_to_sleep,Placing infants on their back to sleep reduces the risk of SIDS,Placing infants on their back to sleep reduces the risk of SIDS,A “Wear and Tear” Hypothesis to Explain Sudden Infant Death Syndrome,"Sudden Infant Death Syndrome (SIDS) is the leading cause of death in USA infants under one year of age accounting for approximately 2,700 deaths per year. Although formally SIDS dates back at least 2,000 years and was even mentioned in the Hebrew Bible (Kings 3:19) its etiology remains unexplained prompting the CDC to initiate a sudden unexpected infant death case registry in 2010. Due to their total dependence, the ability of the infant to allostatically regulate stressors and stress responses shaped by genetic and environmental factors is severely constrained. We propose that SIDS is the result of cumulative painful, stressful, or traumatic exposures that begin in utero and tax neonatal regulatory systems incompatible with allostasis. We also identify several putative biochemical mechanisms involved in SIDS. We argue that the important characteristics of SIDS, namely male predominance (60:40), the significantly different SIDS rate in USA Hispanics (80% lower) compared to whites, 50% of cases occurring between 7.6 and 17.6 weeks after birth with only 10% after 24.7 weeks, and seasonal variation with most cases occurring during winter, are all associated with common environmental stressors, such as neonatal circumcision and seasonal illnesses. We predict that neonatal circumcision is associated with hypersensitive to pain and decreased heart rate variability which increase the risk for SIDS. We also predict that neonatal male circumcision will account for the SIDS gender bias and that cultures that practice high male circumcision rates, like USA whites, will have higher SIDS rates compared to cultures with lower circumcision rates. SIDS rates will also be higher in USA states where Medicaid covers circumcision and lower among cultures that do not practice neonatal circumcision and/or cannot afford to pay for circumcision. We last predict that winter-born premature infants who are circumcised will be at higher risk of SIDS compared to infants who experience fewer nociceptive exposures. All these predictions are testable experimentally using animal models or cohort studies in humans. Our hypothesis provides new insights into novel risk factors for SIDS that can reduce its risk by modifying current infant care practices to reduce nociceptive exposures.",13,Framework,Does not test,none,,,tom,,refutes,80,The paper proposes a hypothesis that neonatal circumcision may increase the risk for Sudden Infant Death Syndrome (SIDS),disagrees,review,complement,W2540408804
3,reading_language,Reading aloud to infants improves later language development,Reading aloud to infants improves later language development,Cross-language distance influences receptive vocabulary outcomes of bilingual children,"Various studies have shown that bilingual children score lower than their monolingual peers on standardized receptive vocabulary tests. This study investigates if this effect is moderated by language distance. Dutch receptive vocabulary was tested with the Peabody Picture Vocabulary Test (PPVT). The impact of cross-language distance was examined by comparing bilingual groups with a small (Close; n = 165) and a large between-language distance (Distant; n = 108) with monolingual controls ( n = 39). As a group, the bilinguals scored lower on Dutch receptive vocabulary than the monolinguals. The bilingual Distant group had lower receptive vocabulary outcomes than the bilingual Close and monolingual groups. No difference emerged between the monolinguals and the bilingual Close group. It can be concluded that bilingual children whose languages provide ample opportunities for transfer and sharing knowledge do not have any receptive vocabulary delays. The findings underscore that bilingual children cannot be treated as a homogeneous group and are important for determining which bilingual children are at risk of low vocabulary outcomes.",47,Background,Does not test,none,,,tom,,refutes,90,Bilingual children with large language distance scored lower on receptive vocabulary tests compared to monolinguals and bilingual children with small language distance,disagrees,cohort,refutes,W2997253988
4,room_sharing,Room-sharing without bed-sharing reduces the risk of SIDS,Room-sharing without bed-sharing reduces the risk of SIDS,Beyond the rules: an integrative review of parental perspectives on safer infant sleep in shared environments,"Background: Despite public health campaigns promoting infant sleep safety, SUDI (including SIDS and fatal sleep accidents) remains one of the most significant contributors to post-neonatal infant death in many high-income countries. Bedsharing remains common despite predominant risk elimination guidelines, with many families struggling to follow rigid rules of avoidance. Risk minimisation considers the complexities of family life and recognises most infant deaths in shared sleep environments are associated with additional risk factors. Purpose and methods: Integrative review methodology was used to investigate the information parents need to minimise risk for infants under 12 months who share a sleep surface. Database searches included Scopus, CINAHL, PubMed, PsycNET and Emcare to identify peer-reviewed publications published January 2013-March 2025. Quality appraisal was undertaken using the QuADs tool. Results: A total of 60 articles met eligibility criteria. Twelve themes were generated from the data and grouped under four key domains: 1. Challenges in creating safer shared sleep environments, 2. Solutions/strategies used by parents to address challenges, 3. Family experiences when risk factors are present, and 4. Information needs of parents and caregivers. Families reported sharing sleep with infants, intentionally and accidentally, including those at a higher risk of SUDI. Bedsharing often occurs outside of a conscious parental 'choice', while families frequently refrain from disclosing bedsharing practices to health professionals. In the absence of formal guidance on safer shared sleep strategies, families generated their own solutions potentially increasing risk. Conclusion: Parents need universal access to non-judgmental, neutrally-worded support that allows them to 'prepare to share' and employ strategies to enhance infant sleep safety wherever, and whenever it occurs.",1,Background,Does not test,none,,,tom,,mixed,80,"Parents reported sharing sleep with infants, including those at a higher risk of SUDI. Bedsharing often occurs outside of a conscious parental 'choice'.",both,review,complement,W4414190774
5,overheating_sids,Overheating during sleep increases the risk of SIDS,Overheating during sleep increases the risk of SIDS,100 Unintended consequences of policies to improve the energy efficiency of the UK housing stock,"As a major sector contributing to the UK’s greenhouse gas (GHG) emissions, housing is an important focus of government policies to mitigate climate change. Current policy promotes the application of a variety of energy efficiency measures to a diverse building stock, which will likely lead to a wide range of unintended consequences. We have undertaken a scoping review identifying more than 100 unintended consequences impacting building fabric, population health and the environment, thus highlighting the urgent need for government and society to reconsider its approach. Many impacts are connected in complex relationships. Some are negative, others possibly co-benefits for other objectives. While there are likely to be unavoidable trade-offs between different domains affected and the emissions reduction policy, a more integrated approach to decision making could ensure co-benefits are optimised, negative impacts reduced and trade-offs are dealt with explicitly. Integrative methods can capture this complexity and support a dynamic understanding of the effects of policies over time, bringing together different kinds of knowledge in an improved decision-making process. We suggest that participatory systems dynamics with multi/inter-disciplinary stakeholders is likely to offer a useful route forward, supporting cross-sectorial policy optimisation that places reducing housing GHG emissions alongside other housing policy goals.",147,Not relevant ,Does not test,none,,Not relevant,tom,,neutral,100,The paper does not discuss the risk of SIDS due to overheating during sleep,does not test it,review,neutral,W2105687506
6,screen_sleep,Higher screen time is associated with shorter sleep in young children,Higher screen time is associated with shorter sleep in young children,"Sleep duration in Chinese adolescents: biological, environmental, and behavioral predictors","OBJECTIVE: To examine sleep duration-related risk factors from multidimensional domains among Chinese adolescents. METHODS: A random sample of 4801 adolescents aged 11-20 years participated in a cross-sectional survey. A self-reported questionnaire was used to collect information about the adolescents' sleep behaviors and possible related factors from eight domains. RESULTS: In all, 51.0% and 9.8% of adolescents did not achieve optimal sleep duration (defined as <8.0 h per day) on weekdays and on weekends, respectively. According to multivariate logistic regression models, after adjusting for all possible confounders, 17 factors were associated with sleep duration <8 h. Specifically, 13 factors from five domains were linked to physical and psychosocial condition, environment, and behaviors. These factors were overweight/obesity, chronic pain, bedtime anxiety/excitement/depression, bed/room sharing, school starting time earlier than 07:00, cram school learning, more time spent on homework on weekdays, television viewing ≥ 2 h/day, physical activity <1 h/day, irregular bedtime, and shorter sleep duration of father. CONCLUSION: Biological and psychosocial conditions, sleep environments, school schedules, daily activity and behaviors, and parents' sleep habits significantly may affect adolescents' sleep duration, indicating that the existing chronic sleep loss in adolescents could be, at least partly, intervened by improving adolescents' physical and psychosocial conditions, controlling visual screen exposure, regulating school schedules, improving sleep hygiene and daytime behaviors, and changing parents' sleep habits.",147,Indirect,Supports,none,,,tom,,supports,80,Several factors including screen time were associated with shorter sleep duration in adolescents,agrees,cross-sectional,supports,W1969730988
8,educational_apps,Educational apps improve learning outcomes in toddlers,Educational apps improve learning outcomes in toddlers,Cognitive control in infancy: Attentional predictors using a tablet‐based measure,"Cognitive control is a predictor of later-life outcomes and may underpin higher order executive processes. The present study examines the development of early cognitive control during the first 24-month. We evaluated a tablet-based assessment of cognitive control among infants aged 18- and 24-month. We also examined concurrent and longitudinal associations between attentional disengagement, general cognitive skills and cognitive control. Participants (N = 60, 30 female) completed the tablet-task at 18- and 24-month of age. Attentional disengagement and general cognitive development were assessed at 5-, 8-, 12-, 18- and 24-month using an eye-tracking measure and the Mullen Scales of Early Learning (MSEL), respectively. The cognitive control task demonstrated good internal consistency, sensitivity to age-related change in performance and stable individual differences. No associations were found between infant cognitive control and MSEL scores longitudinally or concurrently. The eye-tracking task revealed that slower attentional disengagement at 8-month, but faster disengagement at 18-month, predicted higher cognitive control scores at 24-month. This task may represent a useful tool for measuring emergent cognitive control. The multifaceted relationship between attention and infant cognitive control suggests that the rapid development of the attentional system in infancy results in distinct attentional skills, at different ages, being relevant for cognitive control development.",1,Framework,Does not test,none,,,tom,,refutes,90,No association found between infant cognitive control and general cognitive development,disagrees,cross-sectional,refutes,W4398133642
9,breastfeeding_6m,Exclusive breastfeeding for the first 6 months gives the best health outcomes,Exclusive breastfeeding for the first 6 months gives the best health outcomes,"Trends and factors associated to early initiation of breastfeeding, exclusive breastfeeding and duration of breastfeeding in Ethiopia: evidence from the Ethiopia Demographic and Health Survey 2016","BACKGROUND: Initiation of breastfeeding immediately after birth, exclusive breastfeeding, and continuous breastfeeding for at least 2 years lower the risk of newborn deaths. This study was conducted to examine the trends and factors associated with early initiation of breastfeeding, exclusive breastfeeding and duration of breastfeeding in Ethiopia. METHODS: Data for this study were extracted from the Ethiopian Demographic and Health Survey 2016. A total of 5122 children were included in the analysis. Multivariate logistic regression analysis, and Cox proportional hazards model were fitted to find the factors associated with breastfeeding practices. Reported p - values < 0.05 or a 95% Confidence Interval of Odds Ratio/Hazard Ratio excluding one was considered as significant association with early initiation of breastfeeding, exclusive breastfeeding, duration of breastfeeding and independent variables. RESULTS: About 81.8% of the children initiated breastfeeding within 1 h of birth and during the day before an interview, 47% were exclusively breastfed during the first 6 months. The median duration of breastfeeding was 22 months (22 ± 0.50 months 95% Confidence Interval [CI] 21.01-22.99). Rural residents (Odds Ratio [OR] 0.71, 95% CI 0.51, 0.99), mothers with no antenatal follow up (OR 0.75, 95% CI 0.57, 0.99), caesarean birth (OR 0.80, 95% CI 0.66, 0.96) and home delivery were associated with low initiation of breastfeeding within 1 h of birth. Mothers with no/primary education (OR 0.62, 95% CI 0.40, 0.96), no baby postnatal checkup (OR 0.53, 95% CI 0.39, 0.73), average/larger size of a child at birth (OR 0.80, 95% CI 0.65, 0.99) and deliveries outside of health centers were significantly associated with non-exclusive breastfeeding at the time of the interview. Further, mothers living in Amhara (Hazard Ratio [HR] 1.31, 95% CI 1.05, 1.64), Oromia (HR 1.27, 95% CI 1.04, 1.54), and Benishangul-Gumuz (HR 1.34, 95% CI 1.09, 1.65) regions had a longer duration of breastfeeding while Muslims, employed mothers, multiple births and poor economic level of households were associated with shorter durations of breastfeeding. CONCLUSIONS: Rural residence, female sex, home delivery, caesarean birth, small birthweight baby and large family size were associated with late initiation of breastfeeding. Living in Affar, Somali, and Harari, primary education level of mothers, giving birth outside of health facilities, no antenatal care follow up, and no postnatal check-up were associated with non-exclusive breastfeeding, while younger age mothers, Muslims, giving birth outside of health facilities, and employed mothers were associated with shorter time to cessation of breastfeeding. Providing health education and counseling for mothers during and after pregnancy should be encouraged.",152,Background,Does not test,endorses,"Initiation of breastfeeding immediately after birth, exclusive breastfeeding, and continuous breastfeeding for at least 2 years lower the risk of newborn deaths.",This paper already assumes the claim is true,tom,,refutes,80,Exclusive breastfeeding for the first 6 months was practiced by 47% of children in Ethiopia,disagrees,cross-sectional,refutes,W3004912538
10,music_exposure,Musical activity in infancy supports language and auditory development,Musical activity in infancy supports language and auditory development,A Survey of Neonatal Nurses Perspectives on Voice Use and Auditory Needs with Premature Infants in the NICU,"BACKGROUND: Exposure to the voice and language during the critical period of auditory development associated with the third trimester is thought to be an essential building block for language. Differences in the auditory experience associated with early life in the NICU may increase the risk of language delays for premature infants. NICU nurses are fundamental in the care of premature infants; how they use their voices may be important in understanding auditory experiences in the NICU. This study examined voice use behaviors of NICU nurses in the United States and their current knowledge of early auditory development. METHOD: An opt-in, online questionnaire. RESULTS: Nurses reported using their voice more as the age of infants approached term gestation and speaking to infants was the most common type of voice use. Both infant and nurse factors influenced reported voice use decisions in the NICU. Nurses did not believe the NICU auditory environment to be sufficient to meet early auditory needs of premature infants but did believe that premature infants are exposed to adequate voice sounds. CONCLUSIONS: A gap in knowledge regarding the importance of early exposure to voice sounds may be a barrier to nurses using their voices to support early auditory development.",6,Background,Supports,none,,It is more about voice than music but it loosely supports the idea ,tom,,mixed,80,"Nurses believe that premature infants are exposed to adequate voice sounds, but the auditory environment in the NICU may not be sufficient to meet early auditory needs",both,cross-sectional,mixed,W3189004388
11,upf_infant,Ultra-processed foods in infancy are associated with poorer diet quality,Ultra-processed foods in infancy are associated with poorer diet quality,Degree of processing and nutritional value of children’s food products,"OBJECTIVE: This study aimed to characterise the availability, the nutritional composition and the processing degree of industrial foods for 0-36-month-old children according to the neighbourhoods affluence. DESIGN: A cross-sectional exploratory study. SETTING: All food products available in retail stores for children aged 0-36 months were analysed. Data collection took place in two neighbourhoods, comparing two different sociodemographic districts (high v. low per capita income), Campanhã and Foz do Douro in Porto, Portugal. PARTICIPANTS: A total of 431 commercially processed food products for children aged 0-36 months which are sold in 23 retail stores were identified. Food products were classified according to their processing degree using the NOVA Food Classification System. RESULTS: For NOVA analysis, of the 244 food products that were included 82 (33·6 %) were minimally processed, 25 (10·2 %) processed and 137 (56·1 %) ultra processed. No food product was classified as a culinary ingredient. The products included mostly cereals, yogurts, prevailed in high-income neighbourhoods for the 0-6-month-old group. It was observed that some categories of ultra-processed food (UPF) presented higher amounts of energy, sugars, saturated fat and salt than unprocessed/minimally processed products. CONCLUSIONS: The high availability of UPF offered for 0-36-month-old children should be considered when designing interventions to promote a healthy diet in infancy.",11,Framework,Supports,endorses,The high availability of UPF offered for 0-36-month-old children should be considered when designing interventions to promote a healthy diet in infancy.,,tom,,supports,100,High availability of ultra-processed foods offered for 0-36-month-old children,agrees,cross-sectional,supports,W3197673250
12,repeated_exposure_veg,Repeated exposure increases an infant's acceptance of vegetables,Repeated exposure increases an infant's acceptance of vegetables,“The One Time You Have Control over What They Eat”: A Qualitative Exploration of Mothers’ Practices to Establish Healthy Eating Behaviours during Weaning,"BACKGROUND: Weaning marks the transition from a milk-only diet to the consumption of solid foods. It is a time period where nutrition holds an undeniable importance and taste experiences have a long-lasting effect on food preferences. The factors and conditions that form parental feeding practices are yet to be fully understood; doing so can help target problematic behaviours and develop interventions aiming to modify them. OBJECTIVE: This study used a qualitative methodology to gain a better understanding of parental experiences of weaning a child. Particular emphasis was placed on exploring the factors and conditions that favour the establishment of a healthy relationship with food in infancy and those that impede it. METHODS: Thirty-seven mothers of healthy infants 3⁻14 months with no previous history of allergies or food-related disorders were recruited. Eight semi-structured focus group discussions were conducted, transcribed and analysed thematically. RESULTS: Discussions revealed a number of opportunities to establish healthy eating habits during weaning, as well as relevant challenges. Important opportunities included: acting as a role model for healthy foods; giving multiple opportunities to try a food; food variety ""so you don't have a fussy eater""; and without food variety ""things aren't going to work properly"". Additionally, some of the challenges identified were: misconceptions about the definition of food variety; and distractions occurring during feeding. CONCLUSIONS: Mothers were mindful of the need to provide their children with appropriate nutritional stimuli during weaning. They were aware of their role in influencing their infants' likes and used strategies such as modelling and repeated food exposure. The importance of a diverse diet in infancy was acknowledged, although knowledge gaps exist in relation to its definition. Distractions were tactfully employed by mothers to assist feeding. Findings of this study have applications in developing interventions for nutritional education in the complementary feeding period.",25,Direct,Supports,none,,,tom,,supports,80,Mothers were aware of their role in influencing infants' food preferences through strategies such as modelling and repeated food exposure,agrees,qualitative,supports,W2920262097
13,peanut_intro_early,Introducing peanut before 6 months of age reduces the risk of peanut allergy,Introducing peanut before 6 months of age reduces the risk of peanut allergy,Early introduction of complementary foods and childhood overweight in breastfed and formula-fed infants in the Netherlands: the PIAMA birth cohort study,"PURPOSE: To investigate whether early introduction of complementary foods (CF) is associated with an increased risk of overweight during childhood, and whether this association differs between formula-fed and breastfed infants. METHODS: We included 2611 participants that were born at term from a Dutch population-based birth cohort (n = 3963) designed to investigate the development of asthma and allergies. Parents kept records of their infant's age when CF were first introduced. Weight and height were parent reported yearly from age 1 to 8 years, and at ages 11, 14 and 17 years. We used multivariate generalized estimating equations analysis to investigate the association between timing of CF introduction (before 4 months vs at or after 4 months of age) and overweight at ages 1-17 years. RESULTS: Children with CF introduction before 4 months had higher odds of being overweight during childhood than children with CF introduction at or after 4 months (OR 1.32, 95% CI 1.19, 1.47). This association was observed in formula-fed infants (OR 1.51, 95% CI 1.17, 1.94) and breastfed infants (OR 1.32, 95% CI 1.19, 1.47). The duration of breastfeeding modified the association between CF introduction and overweight: children breastfed for shorter than 4 months, but not children breastfed for 4 months or longer with CF introduction before 4 months had higher odds of being overweight (OR 1.37, 95% CI 1.19, 1.57 and 1.07, 95% CI 0.87, 1.32, respectively), compared to those with CF introduction at or after 4 months. CONCLUSIONS: In children born at term, formula-fed infants and infants who were breastfed for shorter than 4 months, but not infants who were breastfed for 4 months or longer, had a higher risk of being overweight during childhood when being introduced to CF before 4 months of age.",68,Not relevant ,Does not test,none,,"I don’t know what counts as complementary foods (CF) so I don’t know if this has anything to do with peanuts but I think it doesn’t. Anyway it would only be a framework at best as it is measuring the impact of CF on obesity, not on allergies ",tom,,refutes,95,Early introduction of complementary foods before 4 months increases the risk of overweight during childhood,disagrees,cohort,complement,W2790481263
14,pacifier_sids,Pacifier use at sleep onset reduces the risk of SIDS,Pacifier use at sleep onset reduces the risk of SIDS,"Changes in the epidemiological pattern of sudden infant death syndrome in southeast Norway, 1984–1998: implications for future prevention and research","AIM: To look for changes in risk factors for sudden infant death syndrome (SIDS) after decrease and stabilisation of the SIDS rate. METHODS: Questionnaires were distributed to parents of 174 SIDS infants, dying between 1984 and 1998, and 375 age and sex matched controls in southeast Norway. RESULTS: The proportion of infants sleeping prone has decreased, along with the decrease in SIDS rate for the region during the periods studied, but over half of the SIDS victims are still found in the prone position. As the number of SIDS cases has decreased, additional risk factors have become more significant. Thus, after 1993, a significantly increased risk of SIDS is seen when the mother smokes during pregnancy. After 1993, young maternal age carries an increased risk. Maternal smoking and young maternal age are associated with each other. For SIDS victims, an increase in the number of infants found dead while co-sleeping is seen, and the age peak between 2 and 4 months and the winter peak have become less pronounced. CONCLUSION: Changes in risk factor profile following the decrease in SIDS rate in the early 1990s, as well as consistency of other factors, provides further clues to SIDS prevention and to the direction of further studies of death mechanisms.",116,Background,Does not test,none,,,tom,,neutral,80,Pacifier use at sleep onset was not a significant risk factor for SIDS,does not test it,case-control,complement,W2052632380
15,early_academics,Early formal academic instruction improves later school achievement,Early formal academic instruction improves later school achievement,"A Half Century of Progress in US Student Achievement: Agency and Flynn Effects, Ethnic and SES Differences","Abstract Policymakers, conceptualized here as principals, disagree as to whether US student performance has changed over the past half century. To inform conversations, agents administered seven million psychometrically linked tests in math (m) and reading (rd) in 160 survey waves to national probability samples of cohorts born between 1954 and 2007. Estimated change in standard deviations (sd) per decade varies by agent (m: –0.10sd to 0.27sd, rd: –0.02sd to 0.12sd). Consistent with Flynn effects, median trends show larger gains in m (0.19sd) than in rd (0.04sd), though rates of progress for cohorts born since 1990 have increased in rd but slowed in m. Greater progress is shown by students tested at younger ages (m: 0.31sd, rd: 0.08sd) than when tested in middle years of schooling (m: 0.17sd, rd: 0.03sd) or toward the end of schooling (m: 0.06sd, rd: 0.02sd). Young white students progress more slowly (m: 0.28sd, rd: 0.09sd) than Asian (m: 46sd, rd: 0.28sd), black (m: 0.36sd, rd: 0.19sd), and Hispanic (m: 0.29sd, rd: 0.13sd) students. These ethnic differences generally attenuate as students age. Young students in the bottom quartile of the SES distribution show greater progress than those in the top quartile (difference in m: 0.08sd, in rd: 0.15sd), but the reverse is true for older students. Moderators likely include not only changes in families and schools but also improvements in nutrition, health care, and protection from contagious diseases and environmental risks. International data suggest that subject and age differentials may be due to moderators more general than just the United States.",24,Background,Does not test,none,,,tom,,neutral,80,"Progress in math and reading shows variation across ethnicities, ages, and socioeconomic status, with some evidence of greater progress in math for younger students and in reading for more recent cohorts",does not test it,meta-analysis,neutral,W4214903318
16,room_sharing,Room-sharing without bed-sharing reduces the risk of SIDS,Room-sharing without bed-sharing reduces the risk of SIDS,Review finds that bed sharing increases risk of sudden infant death syndrome,"Commentary on: Vennemann MM, Hense HW, Bajanowski T, et al. Bed sharing and the risk of sudden infant death syndrome: can we resolve the debate? J Pediatr 2012;160:44–8.e2.[OpenUrl][1][CrossRef][2][PubMed][3][Web of Science][4] Sudden infant death syndrome (SIDS) remains the leading cause of infant mortality in USA and most developed countries. After studies in the late 1980s and early 1990s which identified the prone sleep position as a main risk for SIDS, campaigns to promote back sleeping were initiated, and the number of SIDS declined significantly.1 However, … [1]: {openurl}?query=rft.jtitle%253DThe%2BJournal%2Bof%2Bpediatrics%26rft.stitle%253DJ%2BPediatr%26rft.aulast%253DVennemann%26rft.auinit1%253DM.%2BM.%26rft.volume%253D160%26rft.issue%253D1%26rft.spage%253D44%26rft.epage%253D8.e2%26rft.atitle%253DBed%2Bsharing%2Band%2Bthe%2Brisk%2Bof%2Bsudden%2Binfant%2Bdeath%2Bsyndrome%253A%2Bcan%2Bwe%2Bresolve%2Bthe%2Bdebate%253F%26rft_id%253Dinfo%253Adoi%252F10.1016%252Fj.jpeds.2011.06.052%26rft_id%253Dinfo%253Apmid%252F21868032%26rft.genre%253Darticle%26rft_val_fmt%253Dinfo%253Aofi%252Ffmt%253Akev%253Amtx%253Ajournal%26ctx_ver%253DZ39.88-2004%26url_ver%253DZ39.88-2004%26url_ctx_fmt%253Dinfo%253Aofi%252Ffmt%253Akev%253Amtx%253Actx [2]: /lookup/external-ref?access_num=10.1016/j.jpeds.2011.06.052&link_type=DOI [3]: /lookup/external-ref?access_num=21868032&link_type=MED&atom=%2Febnurs%2F15%2F4%2F115.atom [4]: /lookup/external-ref?access_num=000298143000014&link_type=ISI",2,Does not test,Does not test,none,,There is an error in the abstract text and it is not complete,tom,,refutes,90,Bed sharing increases the risk of sudden infant death syndrome,disagrees,review,complement,W1992978843
17,music_exposure,Musical activity in infancy supports language and auditory development,Musical activity in infancy supports language and auditory development,"Learning, neural plasticity and sensitive periods: implications for language acquisition, music training and transfer across the lifespan","Sensitive periods in human development have often been proposed to explain age-related differences in the attainment of a number of skills, such as a second language (L2) and musical expertise. It is difficult to reconcile the negative consequence this traditional view entails for learning after a sensitive period with our current understanding of the brain's ability for experience-dependent plasticity across the lifespan. What is needed is a better understanding of the mechanisms underlying auditory learning and plasticity at different points in development. Drawing on research in language development and music training, this review examines not only what we learn and when we learn it, but also how learning occurs at different ages. First, we discuss differences in the mechanism of learning and plasticity during and after a sensitive period by examining how language exposure versus training forms language-specific phonetic representations in infants and adult L2 learners, respectively. Second, we examine the impact of musical training that begins at different ages on behavioral and neural indices of auditory and motor processing as well as sensorimotor integration. Third, we examine the extent to which childhood training in one auditory domain can enhance processing in another domain via the transfer of learning between shared neuro-cognitive systems. Specifically, we review evidence for a potential bi-directional transfer of skills between music and language by examining how speaking a tonal language may enhance music processing and, conversely, how early music training can enhance language processing. We conclude with a discussion of the role of attention in auditory learning for learning during and after sensitive periods and outline avenues of future research.",162,indirect,supports,none,,Review of childhood/adult music training rather than infancy musical activity; reviews evidence that early music training enhances auditory and language processing.,fable,,neutral,90,"The paper discusses the impact of musical training at different ages on auditory and motor processing, but does not directly address the claim about musical activity in infancy supporting language and auditory development",does not test it,review,neutral,W2122536908
18,blw_choking,Baby-led weaning increases the risk of choking,Baby-led weaning increases the risk of choking,"Complementary Feeding and Risk of Choking: A Survey Among Parents and Primary Care Pediatricians in Emilia-Romagna, Northern Italy","BACKGROUND: Complementary feeding has traditionally relied on traditional spoon feeding (TSF), in which parents gradually introduce semi-solid foods under close supervision. More recently, Baby-Led Weaning (BLW) has become popular, promoting infant autonomy in handling solid foods. To address concerns regarding choking and nutritional adequacy, the Baby-Led Introduction to SolidS (BLISS) method was developed. Some families instead adopt autonomous responsive feeding, which combines structured guidance with respect for the infant's self-regulation. Although concerns about foreign body aspiration (FBA) persist among caregivers and pediatricians, current evidence shows that, when conducted safely, BLW may not increase this risk compared with TSF. This study investigated the prevalence of complementary feeding practices and their perceived relationship to FBA, exploring perspectives of caregivers and primary care pediatricians in Emilia-Romagna, Northern Italy. METHODS: Between March 2022 and May 2024, 149 parents and 126 pediatricians completed anonymous questionnaires. RESULTS: Among parents, 67% initiated complementary feeding at ≥6 months; 43.6% reported autonomous responsive, 32.8% BLW, and 23.5% strict TSF. Pediatricians more frequently endorsed flexible approaches: 61.1% supported autonomous responsive feeding, 37.1% BLW, and 12.7% TSF. Notably, strict TSF was applied by 23.3% of parents, almost twice the proportion recommended by pediatricians. Suspected choking episodes were reported by 41.6% of parents but showed no significant association with feeding method or demographic factors. CONCLUSIONS: BLW and related flexible practices are increasingly adopted and, when implemented safely, may not increase FBA risk. Pediatricians appear to recommend BLW, or hybrid approaches, more often than parents apply them, suggesting possible gaps in communication and shared decision-making.",0,direct,refutes,disputes,"Although concerns about foreign body aspiration (FBA) persist among caregivers and pediatricians, current evidence shows that, when conducted safely, BLW may not increase this risk compared with TSF.","Parent/pediatrician survey: suspected choking episodes showed no significant association with feeding method, disagreeing with the claim that BLW increases choking risk; weak design but tested the claim's exposure and outcome.",fable,,supports,80,BLW and related flexible practices may not increase choking risk when implemented safely,agrees,cross-sectional,supports,W4416600167
19,screen_obesity,Higher screen time is associated with higher BMI in early childhood,Higher screen time is associated with higher BMI in early childhood,Prenatal Exposure to Perfluoroalkyl Substances and Adiposity in Early and Mid-Childhood,"Abstract Background: Few studies have examined whether prenatal exposure to perfluoroalkyl substances (PFASs) is associated with childhood adiposity. Objective: We examined associations of prenatal exposure to PFASs with adiposity in early and mid-childhood. Methods: We measured plasma PFAS concentrations in 1,645 pregnant women (median, 9.6 weeks gestation) enrolled in Project Viva, a prospective pre-birth cohort study in Massachusetts (USA), between 1999 and 2002. We assessed overall and central adiposity in 1,006 children in early childhood (median, 3.2 years) and 876 in mid-childhood (median, 7.7 years) using anthropometric and dual X-ray absorptiometry (DXA) measurements. We fitted multivariable linear regression models to estimate exposure-outcome associations and evaluated effect modification by child sex. Results: Median (25–75th percentiles) prenatal plasma perfluorooctanoate (PFOA), perfluorooctane sulfonate (PFOS), perfluorohexane sulfonate (PFHxS), and perfluorononanoate (PFNA) concentrations in children assessed in early childhood were 5.6 (4.1–7.7), 24.8 (18.4–33.9), 2.4 (1.6–3.8), and 0.6 (0.5–0.9) ng/mL, respectively. Among girls, each interquartile range increment of prenatal PFOA concentrations was associated with 0.21 kg/m2 (95% CI: –0.05, 0.48) higher body mass index, 0.76 mm (95% CI: –0.17, 1.70) higher sum of subscapular and triceps skinfold thickness, and 0.17 kg/m2 (95% CI: –0.02, 0.36) higher DXA total fat mass index in mid-childhood. Similar associations were observed for PFOS, PFHxS, and PFNA. We observed null associations for boys and early-childhood adiposity measures. Conclusions: In this cohort, prenatal exposure to PFASs was associated with small increases in adiposity measurements in mid-childhood, but only among girls. Citation: Mora AM, Oken E, Rifas-Shiman SL, Webster TF, Gillman MW, Calafat AM, Ye X, Sagiv SK. 2017. Prenatal exposure to perfluoroalkyl substances and adiposity in early and mid-childhood. Environ Health Perspect 125:467–473; http://dx.doi.org/10.1289/EHP246",187,background,does not test,none,,"Same outcome family (childhood BMI/adiposity) but exposure is prenatal PFAS, not screen time; offers no method/measure a screen-time study would use in Methods.",fable,,supports,85,"Prenatal exposure to PFASs was associated with higher adiposity measurements in mid-childhood, but only among girls",agrees,cohort,supports,W2472566625
20,screen_language_delay,Higher screen time in infancy is associated with language delay,Higher screen time in infancy is associated with language delay,Rapid recognition at 10 months as a predictor of language development,"Infants' ability to recognize words in continuous speech is vital for building a vocabulary. We here examined the amount and type of exposure needed for 10-month-olds to recognize words. Infants first heard a word, either embedded within an utterance or in isolation, then recognition was assessed by comparing event-related potentials to this word versus a word that they had not heard directly before. Although all 10-month-olds showed recognition responses to words first heard in isolation, not all infants showed such responses to words they had first heard within an utterance. Those that did succeed in the latter, harder, task, however, understood more words and utterances when re-tested at 12 months, and understood more words and produced more words at 24 months, compared with those who had shown no such recognition response at 10 months. The ability to rapidly recognize the words in continuous utterances is clearly linked to future language development.",130,framework,does not test,none,,"Hesitated between framework and background: no screen exposure, but it offers a measure - an ERP-based early word-recognition index at 10 months predictive of later language, usable to assess language development in infants.",fable,,supports,80,Rapid recognition of words in continuous speech at 10 months is linked to future language development,agrees,experimental,supports,W1537919223
21,bilingual_no_delay,Bilingual exposure in infancy does not delay language development,Bilingual exposure in infancy does not delay language development,Pragmatic Profiles of Toddlers With Autism Spectrum Disorder at the Onset of Speech,"Using speech to communicate pragmatic functions is challenging among individuals with Autism Spectrum Disorder (ASD). Given the role language plays in developing everyday skills, we traced the unique pragmatic profile of early words, seeking comparison to typically developing (TD) toddlers at similar lexical stages. Twenty-four mother-toddler dyads participated (9 ASD and 15 TD). Dyads were video recorded when toddlers reached a productive lexicon of 40–70 words. These recordings were captured three times during naturalistic interaction and at two consecutive visits with a 2-month interval. Seven thousand three hundred seventy-six productions were analyzed and classified into four communicative intentions (Declaratives, Requests, Objections, and Non-Communicative speech). ASD toddlers were delayed in the emergence of words compared to TD toddlers, with a greater within-group variability (median 28 months, IQR 24.5–35, median 17 months, IQR 17–18, respectively,p< 0.001). In both groups, the most common communicative intention was Declarative. However, the percentage of Declaratives was higher among TD toddlers across visits compared to ASD toddlers. In both groups, most productions were directed toward the communicative partner, but ASD toddlers used Non-Communicative speech more often than TD peers. Non-Communicative speech gradually decreased over time. We conclude that while TD toddlers begin to talk with an already-established knowledge of the main communicative functions of words, ASD toddlers seem to have only a partial understanding and gradually improve communicative use as they expand their lexicon. These findings bear theoretical and practical implications for early intervention in ASD. We suggest that communicative profiles are affected by individual characteristics and by the interaction style.",4,background,does not test,none,,Pragmatic profiles of ASD vs TD toddlers; nothing about bilingual exposure and no tool a bilingualism-delay study would use.,fable,,refutes,80,"Bilingual exposure in infancy does not affect the emergence of words, but ASD toddlers have a delayed emergence of words compared to typically developing toddlers",disagrees,case-control,refutes,W3123712456
22,educational_apps,Educational apps improve learning outcomes in toddlers,Educational apps improve learning outcomes in toddlers,Young Children's Tablet Computer Play.,"The author reviews the research and scholarly literature about young children’s play with tablet computers and identifies four major topics relevant to the subject—digital literacy, learning, transgressive and creative play, and parental involvement. He finds that young children’s tablet computer play relies not only on technology, but also on sociocultural conditions. He argues that research should pay greater attention to transgressive play and should in general treat play as an autotelic concept because the nuances of play are as important as its function. He calls attention to the lack of affordances for creativity in apps for young children, explores the need for parental involvement in young children’s tablet computer play, and discusses the importance of agency and access in such play. Key words: digital media; iPad; tablet computer; play and young children",7,background,does not test,none,,"Narrative review of tablet play; conceptual arguments about play, no empirical test of learning outcomes and no method/measure/definition an app trial would cite in Methods.",fable,,neutral,90,"The paper discusses the role of tablet computers in young children's play, but does not directly address the impact on learning outcomes or improvement in learning.",does not test it,review,neutral,W3047982017
23,night_waking_normal,Frequent night waking is developmentally normal in the first year,Frequent night waking is developmentally normal in the first year,Disruption of Circadian Sleep/Wake Rhythms in Infants May Herald Future Development of Autism Spectrum Disorder,"We investigated whether the abnormal rhythms in infants are related to the future development of autism spectrum disorder (ASD), using a questionnaire from September to October 2016. The parents of 160 children with ASD (male, n = 123; female, n = 37) were recruited from two hospitals in K and H cities, and as a control group, 145 children (male, n = 75; female, n = 70) were recruited from four nursery schools in T city. The associations between ASD and bedtime and waking time on weekdays and weekends in infancy (<1 years of age), at 1-3 years, and at 3-5 years of ages were studied using a multivariable logistic regression analysis. In particular, at <3 years of age, the following factors were associated with an increased prevalence of ASD in the future: (1) short sleep periods (<8 h); (2) taking a long time to fall asleep (>60 min); (3) sleep beginning after 22:00; (4) a wake-up time after 08:00; and (5) frequent (>3 times) and long-term awakening periods (>60 min). The misalignment and/or shift of the circadian rhythm in infants may be one of the precursors and/or risk factors for the future development of ASD.",9,indirect,refutes,disputes,We investigated whether the abnormal rhythms in infants are related to the future development of autism spectrum disorder (ASD),"Retrospective case-control: frequent (>3) and prolonged (>60 min) awakenings before age 3 associated with later ASD, pointing against 'developmentally normal'; proxy outcome (ASD risk) and the finding attaches to frequent-plus-prolonged waking, so indirect.",fable,,supports,80,Frequent and long-term night awakenings in infants may be a risk factor for future development of Autism Spectrum Disorder,agrees,cohort,supports,W4392911873
24,vit_d_supplement,Breastfed infants require vitamin D supplementation,Breastfed infants require vitamin D supplementation,Vitamin D status in full-term exclusively breastfed infants versus full-term breastfed infants receiving vitamin D supplementation in Thailand: a randomized controlled trial,"BACKGROUND: Many international medical organizations recommend vitamin D supplementation for infants, especially exclusively breastfed infants. In Thailand, however, data regarding the vitamin D status in Thai infants are lacking. Such data would help to support physician decisions and guide medical practice. METHODS: supplementation at 400 IU/day (intervention group, n = 43) until 6 months of age. At 6 months, the serum vitamin D (25OHD) of the infants and their mothers, serum bone marker, and infants' growth parameters were compared between the two groups. RESULTS: The infants' serum 25OHD concentration was lower in the control group than intervention group (20.57 ± 12.66 vs. 46.01 ± 16.42 ng/mL, p < 0.01). More infants had vitamin D sufficiency (25OHD of > 20 ng/mL) in the intervention group than control group (93.0% vs. 43.2%, p < 0.01). There were no significant differences in the maternal 25OHD concentrations between the control and intervention groups (25.08 ± 7.75 vs. 23.75 ± 7.64 ng/mL, p = 0.42). Serum calcium, phosphorus, intact parathyroid hormone, alkaline phosphatase, and infants' growth parameters were comparable between the two groups. After adjustment for the confounding factors, 25OHD concentration in the intervention group was 25.66 ng/mL higher than the control group (95% confidence interval, 19.07-32.25; p < 0.001). Vitamin D supplement contributed to an 88.7% decrease in the prevalence of vitamin D insufficiency/deficiency (relative risk, 0.11; 95% confidence interval, 0.04-0.35; p < 0.01). CONCLUSIONS: Most full-term, exclusively breastfed Thai infants have serum vitamin D concentration below sufficiency level at 6 months of age. However, vitamin D supplementation (400 IU/day) improves their vitamin D status and prevents vitamin D deficiency. TRIAL REGISTRATION: The study was pre-registered in the Thai Clinical Trials Registry ( TCTR20190622001 ) on 22/06/2019.",12,direct,supports,none,,"RCT in breastfed infants: unsupplemented controls mostly vitamin D insufficient at 6 months, supplementation prevented deficiency - supports that breastfed infants require supplementation (biochemical status outcome).",fable,,supports,95,"Vitamin D supplementation improves vitamin D status in full-term, exclusively breastfed Thai infants",agrees,rct,supports,W3136151703
25,vitamin_k_birth,Vitamin K at birth prevents haemorrhagic disease of the newborn,Vitamin K at birth prevents haemorrhagic disease of the newborn,[Late hemorrhagic disease in newborn infants. Is the current preventive treatment with oral vitamin K adequate?].,"During recent years, we have observed two cases of haemorrhage due to vitamin K deficiency which developed late in the neonatal period. One patient was a female infant aged six weeks with severe intracranial bleeding and the other was a female infant aged three weeks with marked haemorrhage from the umbilicus. Both of these infants were entirely breast-fed and had received vitamin K (1 mg fytomenadion) orally at birth. Both infants had unrecognized alfa-1-antitrypsin deficiency with liver involvement. In other European countries, many cases of late haemorrhagic disease of the newborn due to vitamin K deficiency have been registered in infants who had received oral vitamin K prophylaxis. On the basis of these observations and investigations which suggest that oral vitamin K prophylaxis is not so effective as intramuscular administration, it is suggested that the present oral vitamin K prophylaxis should be altered.",0,direct,refutes,endorses,investigations which suggest that oral vitamin K prophylaxis is not so effective as intramuscular administration,"Genuinely ambiguous between refutes and mixed: two infants received oral vitamin K at birth and still developed late HDN (both with occult liver disease), so the reported findings point against prevention as stated, though the paper endorses IM prophylaxis as effective.",fable,,refutes,80,Oral vitamin K prophylaxis may not be effective in preventing late haemorrhagic disease of the newborn,disagrees,case-report,refutes,W2406251593
26,peanut_intro_early,Introducing peanut before 6 months of age reduces the risk of peanut allergy,Introducing peanut before 6 months of age reduces the risk of peanut allergy,Relevance of Early Introduction of Cow’s Milk Proteins for Prevention of Cow’s Milk Allergy,"Food allergy incidence has increased worldwide over the last 20 years. For prevention of food allergy, current guidelines do not recommend delaying the introduction of allergenic foods. Several groundbreaking studies, such as the Learning Early About Peanut Allergy study, showed that the relatively early introduction of this allergenic food between 4-6 months of age reduces the risk of peanut allergy. However, less is known about the introduction of cow's milk, as many children already receive cow's-milk-based formula much earlier in life. This can be regular cow's milk formula with intact milk proteins or hydrolyzed formulas. Several recent studies have investigated the effects of early introduction of cow's-milk-based formulas with intact milk proteins on the development of cow's milk allergy while breastfeeding. These studies suggest that depending on the time of introduction and the duration of administration of cow's milk, the risk of cow's milk allergy can be reduced (early introduction) or increased (very early introduction followed by discontinuation). The aim of this narrative review is to summarize these studies and to discuss the impact of early introduction of intact cow's milk protein-as well as hydrolyzed milk protein formulas-and the development of tolerance versus allergy towards cow's milk proteins.",22,indirect,supports,endorses,"Several groundbreaking studies, such as the Learning Early About Peanut Allergy study, showed that the relatively early introduction of this allergenic food between 4-6 months of age reduces the risk of peanut allergy.","Review about cow's milk, a neighbouring allergen: sustained early introduction reduces cow's milk allergy (and it recounts LEAP for peanut), supporting the early-introduction principle; the risk increase applies to very early introduction followed by discontinuation, not early introduction per se.",fable,,supports,80,"Early introduction of intact cow's milk protein can reduce the risk of cow's milk allergy, but very early introduction followed by discontinuation can increase the risk",agrees,narrative review,complement,W4283660472
27,egg_intro_early,Introducing egg between 4 and 6 months reduces the risk of egg allergy,Introducing egg between 4 and 6 months reduces the risk of egg allergy,The introduction of solids in relation to asthma and eczema,"BACKGROUND: Despite scarce scientific evidence, current feeding guidelines recommend delayed introduction of solids for the prevention of asthma and allergy. AIMS: To explore whether late introduction of solids is protective against the development of asthma, eczema, and atopy. METHODS: A total of 642 children were recruited before birth and followed to the age of 5(1/2) years. Main outcome measures were: doctor's diagnosis of eczema ever, atopy according to skin prick test results against inhalant allergens, preschool wheezing, transient wheezing, all defined at age 5-5(1/2) years. Introduction of solids as main exposure measure was assessed retrospectively at age 1 year. RESULTS: There was no evidence for a protective effect of late introduction of solids for the development of preschool wheezing, transient wheezing, atopy, or eczema. On the contrary, there was a statistically significant increased risk of eczema in relation to late introduction of egg (aOR 1.6, 95% CI 1.1 to 2.4) and milk (aOR 1.7, 95% CI 1.1 to 2.5). Late introduction of egg was furthermore associated with a non-significant increased risk of preschool wheezing (aOR 1.5, 95% CI 0.92 to 2.4). There was no statistical evidence of feeding practices playing a different role in the development of asthma and eczema after stratification for parental asthma and atopy status. CONCLUSIONS: Results do not support the recommendations given by present feeding guidelines stating that a delayed introduction of solids is protective against the development of asthma and allergy.",189,indirect,supports,none,,"Complement-shaped: LATE egg introduction increased eczema risk (aOR 1.6), implying earlier introduction lowers risk, which supports the claim's direction; outcome is eczema/wheeze, not egg allergy, hence indirect.",fable,,refutes,95,Late introduction of egg and milk increased the risk of eczema,disagrees,cohort,complement,W2136728855
28,sleep_consolidation_6m,Most infants sleep through the night by 6 months of age,Most infants sleep through the night by 6 months of age,CSF Levels of Hypocretin-1 (Orexin-A) Peak during Early Infancy in Humans,"STUDY OBJECTIVES: Hypocretin (orexin) is a unique neuropeptide involved in the consolidation of wakefulness and sleep. Although hypocretin-1 levels in the cerebrospinal fluid (CSF) are stable after infancy, how levels change in preterm and term human infants is unknown. DESIGN, PATIENTS, AND SETTING: Hypocretin-1 levels were measured in CSF samples, obtained from 284 preterm (25-37 gestational weeks) and full-term infants in the first 4 months of life and 35 older children (ages 0.5-13 years), in a tertiary hospital. MEASUREMENTS AND RESULTS: Detailed clinical and laboratory data were collected for each of the 319 participants. Based on that data, 108 neurologically intact children were selected (95 infants [43 preterm and 52 term] and 13 older children). CSF hypocretin-1 was measured by direct radioimmunoassay. Hypocretin-1 levels at the first weeks of the 3rd embryonic trimester (gestational age [GA] 28-34 weeks) were 314 ± 65 pg/mL (n = 17). The levels linearly increased during the third trimester and early infancy (r = 0.6), peaking in infants of 2-4 months ages (476 ± 72 pg/mL; n = 16) and decreasing thereafter; hypocretin levels in 2- to 4-month-old infants were significantly higher than those in children 0.5-13 years old (353 ± 78 pg/mL, n = 13; P = 0.0001). CONCLUSIONS: The present findings indicate that in human infants, CSF hypocretin-1 increases during the third embryonic trimester and is highest at 4 months of life. Thereafter, and consistent with previously published results, hypocretin levels are lower and stable until the geriatric age. This pattern may reflect the role of hypocretin in the dramatic process of sleep and wakefulness consolidation that occurs during early infancy.",23,background,does not test,none,,"Hesitated: hypocretin is a mechanism of sleep/wake consolidation timing, but the claim is a prevalence claim with no exposure, and a prevalence study would cite this in the intro, not Methods.",fable,,supports,90,Hypocretin-1 levels peak at 2-4 months of age,agrees,cohort,supports,W2067755214
29,coviewing_benefit,Adult co-viewing reduces the negative effects of screen time,Adult co-viewing reduces the negative effects of screen time,Weekend screen use of parents and children associates with child language skills,"Introduction The study examined the relationship between screen time and types of screen activities engaged in by children, mothers, and fathers on weekends, and its association with mother-reported vocabulary and grammatical skills of children aged 2;5 to 4;0. Methods Mothers reported the language skills of 421 children (M age = 38.18 months; SD = 5.73) by the Estonian CDI-III, and the screen use of children, mothers, and fathers by the Screen Time Inventory. We applied Latent Class Analysis (LCA) to analyze the screen time of children, mothers, and fathers, aiming to identify common family screen use profiles. Results The results showed that higher total screen time of children was linked to poorer vocabulary and grammatical skills. None of the screen-based activities that children, mothers, and fathers engaged in, including co-viewing of screens and socializing time, were found to positively relate to language skills. Playing video games was negatively associated with children's language skills, regardless of whether it was the child, mother, or father gaming. LCA identified 3 distinct family screen use profiles (low, moderate, and high users) which differed by parental education, screen-based activities, and children's language skills. Discussion The findings underscore the significance of family-based interventions when addressing screen time within the context of child language development.",9,direct,refutes,none,,Explicitly examined co-viewing and found no positive relation to language skills in a decently powered sample (n=421); a null benefit disagrees with a claim asserting a protective effect.,fable,,refutes,85,Higher total screen time of children was linked to poorer vocabulary and grammatical skills,disagrees,cross-sectional,refutes,W4402498924
30,vitamin_k_birth,Vitamin K at birth prevents haemorrhagic disease of the newborn,Vitamin K at birth prevents haemorrhagic disease of the newborn,Late Haemorrhagic Disease of Newborn: Can It be Prevented by Changing Prophylaxis Policy?,"Background: Vitamin K deficiency can cause severe haemorrhage in the newborn and is an important cause of infant morbidity and mortality. HDN can be classified according to the time of presentation after birth into early (0–24 hours), classical (1–14 days) and late (2–12 weeks) HDN. Late HDN, which presents after the first week of life, mainly manifests as intracranial haemorrhage, depending upon the site and amount of bleeding, it either results in mortality or life long sequelae in the form of cerebral palsy and scar epilepsy with or without cognitive impairment. Objective: To determine the frequency of ICH about vitamin K deficiency and outcome in infants aged 2 to 24 weeks. Materials and Methods: From 1 September 2017 to 30 September 2019 we retrieved the retrospective data of 8 patients with late HDN admitted to Bapuji Child Health Institute and Chigateri Government General Hospital, Davangere. Results: Six of eight cases with late HDN had an intracranial haemorrhage, of whom 5 patients died (62%), one ended up with neurological sequelae (12%) and 2 cases had an extracranial bleed. Out of these 8 cases, 5 had not received vitamin K at birth. Conclusion: For neonates on strict breastfeeding, despite some with vitamin K prophylaxis, some patients still may suffer from intracranial and extracranial bleeding due to late HDN. Therefore, a change in strategy in the form of making the paediatricians and Anganwadi workers working in subcenters to give vitamin K, who have been vaccinating the babies after birth, would increase the vitamin K coverage.",3,direct,mixed,endorses,Late Haemorrhagic Disease of Newborn: Can It be Prevented by Changing Prophylaxis Policy?,"Case series pointing both ways: 5 of 8 late HDN cases had NOT received vitamin K (absence of exposure with disease supports prevention), but 3 bled despite prophylaxis; paper advocates expanding coverage.",fable,,supports,80,"Late haemorrhagic disease of newborn can occur even in neonates who received vitamin K prophylaxis, but not receiving it at birth increases the risk",agrees,case-control,complement,W2999070894
31,peanut_intro_delay_risk,Delaying peanut introduction beyond 12 months increases the risk of peanut allergy,Delaying peanut introduction beyond 12 months increases the risk of peanut allergy,Enquiring About Tolerance (EAT) study: Feasibility of an early allergenic food introduction regimen,"BACKGROUND: The influence of early exposure to allergenic foods on the subsequent development of food allergy remains uncertain. OBJECTIVE: We sought to determine the feasibility of the early introduction of multiple allergenic foods to exclusively breast-fed infants from 3 months of age and the effect on breastfeeding performance. METHODS: We performed a randomized controlled trial. The early introduction group (EIG) continued breastfeeding with sequential introduction of 6 allergenic foods: cow's milk, peanut, hard-boiled hen's egg, sesame, whitefish (cod), and wheat; the standard introduction group followed the UK infant feeding recommendations of exclusive breastfeeding for around 6 months with no introduction of allergenic foods before 6 months of age. RESULTS: One thousand three hundred three infants were enrolled. By 5 months of age, the median frequency of consumption of all 6 foods was 2 to 3 times per week for every food in the EIG and no consumption for every food in the standard introduction group (P < .001 for every comparison). By 6 months of age, nonintroduction of the allergenic foods in the EIG was less than 5% for each of the 6 foods. Achievement of the stringent per-protocol consumption target for the EIG proved more difficult (42% of evaluable EIG participants). Breastfeeding rates in both groups significantly exceeded UK government data for equivalent mothers (P < .001 at 6 and at 9 months of age). CONCLUSION: Early introduction, before 6 months of age, of at least some amount of multiple allergenic foods appears achievable and did not affect breastfeeding. This has important implications for the evaluation of food allergy prevention strategies.",214,framework,does not test,none,,"EAT feasibility paper: reports regimen adherence and breastfeeding, no allergy outcomes; supplies the method (early-introduction regimen) used by the trial that tests the claim.",fable,,refutes,90,Early introduction of multiple allergenic foods before 6 months of age did not affect breastfeeding,disagrees,rct,refutes,W2287797495
32,outdoor_time_myopia,More outdoor time in early childhood reduces the risk of myopia,More outdoor time in early childhood reduces the risk of myopia,Combined and interaction effects of outdoor and reading time on myopia onset: evidence from over 210 000 schoolchildren in China,"Background: While numerous studies have examined the individual effects of outdoor and reading time on myopia, the interaction between these factors in large populations remains underexplored. We hypothesised that increased outdoor exposure may mitigate the risk of myopia associated with prolonged reading. Methods: We included 219 802 initially non-myopic primary school students in the Tianjin Child and Adolescent Research of Eye study. We collected the behaviour exposure data via a questionnaire. We used Cox proportional hazard models, with semesters since entrance as the time scale, to assess the associations of outdoor and reading time with the onset of myopia. We evaluated interaction effects on the additive scale using a generalised propensity score-weighted Cox model, and quantified them by excess relative risk due to interaction (RERI), attributable proportion (AP), and synergy index (SI). Additionally, we conducted subgroup analyses to assess the robustness and consistency of the results. Results: Among the 219 802 children, 130 246 developed myopia, resulting in a cumulative incidence of 59.3% over three years. Increased outdoor time of 1-2 hours (hazard ratio (HR) = 0.97; 95% confidence interval (CI) = 0.95, 0.98), 2-3 hours (HR = 0.90; 95% CI = 0.88, 0.92), and >3 hours (HR = 0.86; 95% CI = 0.84, 0.89) were associated with a reduced risk of myopia onset, whereas prolonged reading time of 1-2 hours (HR = 1.02; 95% CI = 1.01, 1.03), >2 hours (HR = 1.03; 95% CI = 1.01, 1.05), and >3 hours (HR = 1.05; 95% CI = 1.03, 1.08) were linked to an increased risk. The interaction effects on the additive scale were significant between outdoor time and reading time with RERI of -0.04 (95% CI = -0.08, 0.00), AP of -0.04 (95% CI = -0.07, 0.00), and SI of 0.71 (95% CI = 0.50, -0.93), particularly in boys, those in grades from 1 to 3, and those with myopic parents. Conclusions: Outdoor time and reading time are not only independently related to the onset of myopia but also interact with each other. These findings highlight the importance of promoting outdoor time and managing reading time to inform targeted myopia prevention strategies.",9,indirect,supports,none,,"Exposure and outcome match and HRs <1 for outdoor time, but population is primary-school-aged rather than early childhood; borderline direct.",fable,,supports,95,"Increased outdoor time reduces the risk of myopia, while prolonged reading time increases the risk. Interaction between outdoor time and reading time was significant, with outdoor time mitigating the risk associated with prolonged reading time.",agrees,cohort,complement,W4415041480
33,dha_brain,Omega-3 DHA intake in infancy supports brain and visual development,Omega-3 DHA intake in infancy supports brain and visual development,Scientific Opinion on nutrient requirements and dietary intakes of infants and young children in the European Union,"Following a request from the European Commission, the EFSA Panel on Dietetic Products, Nutrition and Allergies (NDA) was asked to deliver a Scientific Opinion on the nutrient requirements and dietary intakes of infants and young children in the European Union. This Opinion describes the dietary requirements of infants and young children, compares dietary intakes and requirements in infants and young children in Europe and, based on these findings, concludes on the potential role of young-child formulae in the diets of infants and young children, including whether they have any nutritional benefits when compared with other foods that may be included in the normal diet of infants and young children. The Panel concluded on the levels of nutrient and energy intakes that are considered adequate for the majority of infants and young children, and evaluated the risk of inadequate nutrient intakes in infants and young children in living Europe. Dietary intakes of alpha-linolenic acid (ALA), docosahexaenoic acid (DHA), iron, vitamin D and iodine (in some European countries) are low in infants and young children living in Europe, and particular attention should be paid to ensuring an appropriate supply of ALA, DHA, iron, vitamin D and iodine in infants and young children with inadequate or at risk of inadequate status of these nutrients. No unique role of young-child formulae with respect to the provision of critical nutrients in the diet of infants and young children living in Europe can be identified, so that they cannot be considered as a necessity to satisfy the nutritional requirements of young children when compared with other foods that may be included in the normal diet of young children (such as breast milk, infant formulae, follow-on formulae and cow's milk).",342,framework,does not test,endorses,"particular attention should be paid to ensuring an appropriate supply of ALA, DHA, iron, vitamin D and iodine in infants and young children with inadequate or at risk of inadequate status of these nutrients",EFSA guideline on nutrient requirements; measures nothing but defines adequate DHA intake levels for infants.,fable,,neutral,90,The paper does not conclude on the role of Omega-3 DHA intake in supporting brain and visual development in infancy,does not test it,review,neutral,W2555378582
34,free_play,Unstructured play supports cognitive and social development,Unstructured play supports cognitive and social development,Free play predicts self-regulation years later: Longitudinal evidence from a large Australian sample of toddlers and preschoolers,"Self-regulation skills are foundational to successful participation in society, and predict a suite of positive outcomes throughout life. It has long been asserted that free (i.e., unstructured) play is important for the development of self-regulation, but studies investigating play and self-regulation have faced empirical limitations. The current study used a large sample (n = 2213) from the Longitudinal Study of Australian Children to investigate time spent in unstructured quiet and active play activities at ages 2–3 and 4–5 years as a predictor of self-regulation abilities 2 years later. Children's play was reported by parents who completed a 24-hour time-use diary for 1 random weekend day and 1 weekday. Self-regulation was indexed at ages 4–5 and 6–7 by parent-, teacher- and observer-reported items comparable to similar large, longitudinal studies. Results showed that the more time children spent in unstructured quiet play in the toddler and preschool years, the better their self-regulation abilities at ages 4–5 and 6–7 years, even after controlling for earlier self-regulation abilities and other known predictors. Further, between 1 and 5 hours of preschoolers’ unstructured active play time significantly predicted self-regulation 2 years later. This study provides early support for parenting programs designed to increase opportunities for children to spend time in unstructured, free play in the early years.",82,direct,supports,none,,"Toddlers/preschoolers, unstructured play time, self-regulation (a cognitive/social outcome) years later; more play predicted better self-regulation.",fable,,supports,90,Unstructured quiet and active play time in toddler and preschool years predicts better self-regulation abilities 2 years later,agrees,cohort,supports,W4200608552
35,sleep_consolidation_6m,Most infants sleep through the night by 6 months of age,Most infants sleep through the night by 6 months of age,Sleep well—be well study: improving school transition by improving child sleep: a translational randomised trial,"INTRODUCTION: The transition to primary school appears crucial for a child's future academic and psychological well-being. Addressing conditions which negatively affect children during this period, such as poor sleep, may improve these outcomes. Sleep problems are common and in a previous efficacy randomised controlled trial, we demonstrated that sleep problems can be identified and improved using school-based screening followed by a brief behavioural intervention. This trial will determine whether the same intervention is beneficial and cost-effective when delivered by an existing school-based health workforce. METHODS/DESIGN: We will recruit 334 children with sleep problems from approximately 40 schools after screening for behavioural sleep problems in the first year of formal education (Grade Prep). Schools in Melbourne, Australia will be invited to participate from a randomly ordered list of eligible schools and we will approach all caregivers of Grade Prep children. Children who have a parent-reported moderate or severe sleep problem will be randomised into either 'usual care' or 'intervention' groups. Trained nurses from the Primary School Nursing programme will deliver the sleep intervention programme. INTERVENTION: Two to three contacts between the nurse and the parent; initial 45 min face-to-face meeting or phone call, 15 min phone call 2 weeks later and an optional second 30 min face-to-face meeting. FOLLOW-UP: 6 and 12 months postrandomisation using parent and teacher surveys and child face-to-face assessments. PRIMARY OUTCOME: child psychosocial functioning at 6 months. SECONDARY OUTCOMES: child psychosocial functioning at 12 months and child sleep, behaviour, working memory, academic achievement and parent mental health at 6 and 12 months. Cost-effectiveness analysis will compare incremental costs to difference in child psychosocial functioning at 6 months. REGISTRATION: International Standard Randomised Controlled Trial Number Register (ISRCTN92448857).",18,background,does not test,none,,Trial protocol for sleep intervention in 5-year-olds at school entry; nothing on infant sleep consolidation at 6 months.,fable,,neutral,90,The study aims to improve child sleep and school transition by delivering a sleep intervention programme through an existing school-based health workforce,does not test it,randomised trial,neutral,W2141009564
36,outdoor_time_myopia,More outdoor time in early childhood reduces the risk of myopia,More outdoor time in early childhood reduces the risk of myopia,Sleeping late is a risk factor for myopia development amongst school-aged children in China,"Myopia, a leading cause of distance vision impairment, is projected to affect half of the world's population in 30 years. We analysed the relationship between certain demographic, environmental, and behavioural factors and myopia from a 2-year school-based, prospective trial conducted in Shanghai, China. This trial enrolled 6295 school-aged children at baseline and followed them up for 24 months. The relationship between abovementioned factors and myopia was examined and the role of sleep in childhood myopia development was highlighted. Our results suggest that 'sleeping late' is a risk factor for myopia prevalence at baseline (odds ratio [OR] = 1.55, p = 0.04), 2-year myopia incidence (odds ratio [OR] = 1.44, p = 0.02) and progression over 24 months (p = 0.005), after adjusting for residency area, age, gender, sleep duration, and time spent outdoors. The identification and consistency of results with late sleepers being a susceptible group to both myopia onset and progression suggests a complex relationship between circadian rhythm, indoor environment, habitual indoor activities and myopia development and progression. These results can offer new insights to future myopia aetiology studies as well as aid in decision-making of myopia prevention strategies.",81,background,does not test,none,,"Tests sleep timing as the exposure; outdoor time is only an adjustment covariate with no reported effect, so it offers nothing on the outdoor-time claim.",fable,,refutes,90,"Sleeping late is a risk factor for myopia prevalence, incidence, and progression",disagrees,prospective trial,complement,W3092706693
37,vitamin_k_birth,Vitamin K at birth prevents haemorrhagic disease of the newborn,Vitamin K at birth prevents haemorrhagic disease of the newborn,Ecological studies of relation between hospital policies on neonatal vitamin K administration and subsequent occurrence of childhood cancer,"Abstract Objective: To investigate the possible link between neonatal administration of intramuscular vitamin K and childhood cancer. Design: Ecological studies comparing incidence of cancer in groups of children classified by the vitamin K policy in operation at their hospital of birth. Setting: Selected large maternity units in England, Scotland, and Wales. Subjects: Children born in these units in varying periods between 1966 and 1991. Main outcome measures: Cancer occurring among these children before age 15 years identified by using the National Registry of Childhood Tumours. Ratios of observed to expected numbers of these conditions calculated for hospitals where the policy was to give all babies intramuscular vitamin K (non-selective) and where the policy was to use this treatment only for a selected minority of babies at increased risk of vitamin K deficiency bleeding (selective). Results: These ratios were calculated for children born in 94 hospitals with varying vitamin K policies. A raised risk was occasionally associated with vitamin K, but the overall results were not significant, and there was no evidence to support the previously suggested doubling of the risk of childhood cancer. Conclusions: On the basis of the results reported here it is unlikely that there is a greatly increased risk of childhood cancer attributable to intramuscular vitamin K given to newborns, if indeed there is any. Key messages Intramuscular vitamin K given to babies is known to be effective in the prevention of vitamin K deficiency bleeding but it has been suggested that these preparations, or one of their constituents, may increase the risk of childhood cancer Most studies have not shown a significant association between childhood cancer and vitamin K but are unable to exclude the possibility that its use increases the risk of childhood cancer by up to 10% Intramuscular vitamin K has been given to “high risk” babies as part of all the various prophylaxis policies in the United Kingdom; this should continue As a small risk cannot at present be excluded it seems prudent to recommend a policy of giving intramuscular vitamin K only to those babies at particularly high risk and giving it orally to others It is essential that a record should be made of whether or not vitamin K is given and of the preparation, route of administration, and dose",45,indirect,neutral,endorses,Intramuscular vitamin K given to babies is known to be effective in the prevention of vitamin K deficiency bleeding,"Ambiguous: tests a neighbouring question (cancer safety of the same exposure), not HDN efficacy; the null cancer finding points neither for nor against the prevention claim.",fable,,refutes,90,No evidence to support an increased risk of childhood cancer from intramuscular vitamin K given to newborns,disagrees,ecological studies,complement,W2051036333
38,honey_avoid_12m,Honey should be avoided before 12 months because of infant botulism risk,Honey consumption before 12 months is associated with infant botulism,Potential risk of botulinum neurotoxin -producing clostridia occurrence in canned fish,"Abstract Introduction Heat treatment is indispensable in fish canning to provide an acceptable shelf life. Its optimisation reduces the risk of the presence of Clostridium botulinum spores, which could potentially cause botulism cases. This study evaluated canned fish samples for botulism neurotoxin (BoNT)-producing clostridia contamination and can bulging through microbiological contaminant growth. A new analytical approach was developed for detection of such clostridia and phenotypically similar species. Material and Methods A total of 70 canned fish samples suspected of exhibiting bulging features were analysed. Culture methods were used to detect clostridia. The isolates obtained were evaluated on the basis of the exhibited phenotypic characteristics. Also, PCRs were used for the detection of genes determining BoNT production (non-toxic non-haemagglutinin ( ntnh ) genes) and the amplification of conservative 16S rDNA genes, which were Sanger sequenced. The obtained sequences were analysed using the Basic Local Alignment Search Tool. Results Clostridium genus species were isolated from 17 (24%) bulging and organoleptically changed samples. No ntnh genes were present in these isolates; however, sequencing confirmed the presence of C. sporogenes , a species with close affinity to C. botulinum . Conclusion To eliminate the threat of foodborne botulism, laboratory diagnostic techniques must detect species of the Clostridium genus and elucidate their ability to produce BoNTs. Although Clostridium botulinum is the most common cause of botulism, the possibility may not be ignored that non-pathogenic Clostridium species may acquire botulinum toxigenicity. The similarity between the isolated strains of C. sporogenes and C. botulinum should be incorporated in the optimisation of heat treatment to guarantee a sterilised, microbiologically safe product.",7,background,does not test,none,,"Botulism topic but canned fish, not honey, and no infants; detection methods here would not be used by an infant-honey study.",fable,,refutes,90,The paper found no evidence of honey consumption before 12 months being associated with infant botulism,disagrees,case-control,refutes,W4308727009
39,egg_intro_early,Introducing egg between 4 and 6 months reduces the risk of egg allergy,Introducing egg between 4 and 6 months reduces the risk of egg allergy,Food allergy prevention: Where are we in 2023?,"Food allergy prevention involves recommendations to the maternal diet during pregnancy and breast feeding, early life feeding and introduction of solid foods. Pregnant and breastfeeding women are not recommended to exclude any food allergens from their diet, but data are lacking to support active consumption of food allergens for prevention of food allergy. Breastfeeding is recommended for the many health benefits to the mother and child but has not shown any association with reduction in childhood food allergies. There is currently no recommendation regarding the use of any infant formula for allergy prevention, including the use of partially or extensively hydrolyzed formulas. Once the introduction of solid food commences, based on randomized controlled trials, it is advised to actively introduce peanuts and egg early into the infant diet and continue with consumption of these. Although there are limited data with respect to other major food allergens and whether early introduction may prevent allergy development, there is no need to delay the introduction of these allergens into the infant diet. Interpreting food allergen consumption in the context of cultural food practices has not been studied, but it makes sense to introduce the infant to family foods by 1 year of age. Consumption of foods typical of the Western diet and foods high in advanced glycation end products may be associated with an increase in food allergies. Similarly, intake of micronutrients, such as vitamin D and omega-3 fatty acids in both the maternal and infant diet, needs further clarification in the context of food allergy prevention.",20,framework,does not test,endorses,"based on randomized controlled trials, it is advised to actively introduce peanuts and egg early into the infant diet and continue with consumption of these","Ambiguous: narrative review with no new data or meta-analysis; supplies the guideline to introduce egg early, so framework rather than a test of the claim.",fable,,refutes,90,"Active consumption of food allergens during pregnancy and breastfeeding does not prevent food allergy, but early introduction of peanuts and egg into the infant diet is advised",disagrees,review,refutes,W4382632136
40,self_settling,Infants who can self-settle at bedtime wake less during the night,Infants who can self-settle at bedtime wake less during the night,Video Analysis of Parent–Child Interactions in Behavioral Sleep Disorders: Development of a Scoring Algorithm,"Introduction: Behavioural sleep disorders, including chronic insomnia (CI), are generally assessed by subjective parent interview. However, evidence suggests that parental report of children’s overnight behaviours is unreliable, perhaps due to recall bias or confusion due to sleep deprivation. Video technology has been used clinically to capture complex behavioural disorders in children during the day. However, there is no standardised means of analysing child and parent behaviour at bedtime or during the night. We aimed to create an algorithm for this purpose. Methods: Child brain tumour survivors (a population previously shown to have a high prevalence of CI) were screened for difficulties initiating and maintaining sleep using sub-scales from the Sleep Disturbance Scale for Children. Those who screened positive (n=3) then completed a detailed parent interview to confirm a clinical diagnosis of CI. One night of home video footage was obtained from initial settling period to morning waking (SOMNOmedics camera). Footage was imported into BORIS© software and a coding system for parent and child behaviour was developed over multiple iterations until agreeable inter-rater reliability (>70%) was achieved between two independent coders. Results: The final coding categories were: 1) Time domains, 2) Physical environment, 3) Child global status, 4) Location, 5) Activity and 6) Physical interaction. This achieved 74% inter-reliability in its last iteration. Discussion: A statistically acceptable behaviour scoring algorithm was achieved. With further development, this tool could be applied clinically to investigate behavioural insomnia and in research to provide more objective outcome measurement.",5,framework,does not test,none,,Develops a video-coding measure of bedtime parent-child behaviour that a self-settling study would cite in Methods.,fable,,neutral,95,The paper does not provide findings related to self-settling infants waking less during the night,does not test it,other,neutral,W2990378469
41,back_to_sleep,Placing infants on their back to sleep reduces the risk of SIDS,Placing infants on their back to sleep reduces the risk of SIDS,Critical diaphragm failure in sudden infant death syndrome,"Sudden infant death syndrome (SIDS) is the leading cause of death in infants between the ages of 1 and 12 months in developed countries. SIDS is by definition a diagnosis of exclusion, and its mechanism of action is unknown. The SIDS-Critical Diaphragm Failure (CDF) hypothesis postulates that the cause of death in SIDS is respiratory failure caused by CDF. Four principal risk factors contribute to CDF in young infants: undeveloped respiratory muscles, non-lethal infections, prone resting position, and REM sleep. Even relatively minor infections can cause an acute and significant reduction in diaphragm force generation capacity that in conjunction with other risk factors can precipitate CDF. CDF-induced acute muscle weakness leaves few, if any pathological marks on the affected tissue.Understanding the underlying mechanism of SIDS may help in formulating new approaches to child care that can help to further reduce the incidence of SIDS.",37,framework,does not test,endorses,"Four principal risk factors contribute to CDF in young infants: undeveloped respiratory muscles, non-lethal infections, prone resting position, and REM sleep.","SIDS mechanism paper, but the diaphragm-failure hypothesis explicitly includes prone position, so it serves the claim's exposure-outcome pathway (mechanism).",fable,,refutes,90,Prone resting position is a risk factor for Critical Diaphragm Failure (CDF) in SIDS,disagrees,review,complement,W2137657450
42,nap_memory,Daytime naps support memory consolidation and learning in infants,Daytime naps support memory consolidation and learning in infants,Sleep and Memory in Children,"Abstract Purpose of Review This short review article aims at emphasizing interesting and important new insights about investigating sleep and memory in children aged between 6 and 13 years (middle childhood). Recent Findings That sleep in comparison to wakefulness benefits the consolidation of memories is well established—especially for the adult population. However, the underlying theoretical frameworks trying to explain the benefits of sleep for memory still strive for more substantiate findings including biological and physiological correlates. Summary Based on the most recent literature about sleep-related memory consolidation and its physiological markers during middle childhood, this article provides a review and highlights recent updates in this field.",9,framework,does not test,none,,"Ambiguous between indirect and framework: review in 6-13-year-olds, measures nothing itself; supplies the mechanism (sleep-dependent memory consolidation frameworks) infant nap studies build on.",fable,,neutral,80,"The paper discusses the benefits of sleep for memory consolidation in adults, but does not specifically focus on daytime naps or infants",does not test it,review,neutral,W3109007492
43,reading_language,Reading aloud to infants improves later language development,Reading aloud to infants improves later language development,Examining Shared Reading and White Matter Organization in Kindergarten in Relation to Subsequent Language and Reading Abilities: A Longitudinal Investigation,"Parent-child language interaction in early childhood carries long-term implications for children's language and reading development. Conversational interaction, in particular, has been linked to white matter organization of neural pathways critical for language and reading. However, shared book reading serves an important role for language interaction as it exposes children to sophisticated vocabulary and syntax. Despite this, it remains unclear whether shared reading also relates to white matter characteristics subserving language and reading development. If so, to what extent do these environmentally associated changes in white matter organization relate to subsequent reading outcomes? This longitudinal study examined shared reading and white matter organization in kindergarten in relation to subsequent language and reading outcomes among 77 typically developing children. Findings reveal positive associations between the number of hours children are read to weekly (shared reading time) and the fractional anisotropy of the left arcuate fasciculus, as well as left lateralization of the superior longitudinal fasciculus (SLF). Furthermore, left lateralization of the SLF in these kindergarteners is associated with subsequent reading abilities in second grade. Mediation analyses reveal that left lateralization of the SLF fully mediates the relationship between shared reading time and second-grade reading abilities. Results are significant when controlling for age and socioeconomic status. This is the first evidence demonstrating how white matter structure, in relation to shared reading in kindergarten, is associated with school-age reading outcomes. Results illuminate shared reading as a key proxy for the home language and literacy environment and further our understanding of how language interaction may support neurocognitive development.",16,indirect,supports,endorses,shared book reading serves an important role for language interaction as it exposes children to sophisticated vocabulary and syntax,"Shared reading time predicts later reading ability (mediated by white matter), but in kindergarteners rather than infants.",fable,,supports,85,"Shared reading time in kindergarten is associated with increased fractional anisotropy of the left arcuate fasciculus and left lateralization of the superior longitudinal fasciculus, which in turn are associated with better reading abilities in second grade",agrees,longitudinal,supports,W4309162411
44,sleep_training_harm,Behavioural sleep training causes lasting harm to infant attachment or stress regulation,Behavioural sleep training causes lasting harm to infant attachment or stress regulation,Early Life Exposure to Violence: Developmental Consequences on Brain and Behavior,"Exposure to intimate partner violence (IPV) can have long-lasting effects on a child's socio-emotional and neurological development. Research has focused on the effects of IPV on women or older children, while the developmental consequences of exposure to domestic violence during early childhood are less well documented. However, one would expect significant developmental effects since the infant's brain and stress-related systems are especially susceptible to environmental stimuli. The goal of this mini-review is to examine how findings on infant exposure to IPV can be related to risk and resilience of development in infancy. We describe the known effects of witnessing violence during the perinatal period on socio-emotional development and the possible pathways by which IPV affects brain and stress-regulating systems. Exposure to IPV during infancy disrupts the infant's emotional and cognitive development, the development of the Hypothalamus-Pituitary-Adrenal (HPA) axis and brain structures related to witnessing itself (auditory and visual cortex). The findings are embedded in the context of the resource depletion hypothesis. A central problem is the dearth of research on exposure to IPV during infancy, its effect on caregiving, and infant development. Nonetheless, the available evidence makes it clear that policies for prevention of IPV are critically needed.",164,background,does not test,none,,"Mechanism for stress-system disruption from violence exposure, bypassing the claim's exposure (sleep training) entirely; mechanism-of-outcome-in-general case.",fable,,supports,80,"Exposure to intimate partner violence during infancy disrupts emotional and cognitive development, HPA axis, and brain structures related to witnessing violence",agrees,review,supports,W2960244174
45,conversational_turns,Conversational turn-taking predicts language outcomes better than word count alone,Conversational turn-taking predicts language outcomes better than word count alone,Language Exposure and Brain Myelination in Early Development,"The language environment to which children are exposed has an impact on later language abilities as well as on brain development; however, it is unclear how early such impacts emerge. This study investigates the effects of children's early language environment and socioeconomic status (SES) on brain structure in infancy at 6 and 30 months of age (both sexes included). We used magnetic resonance imaging to quantify concentrations of myelin in specific fiber tracts in the brain. Our central question was whether Language Environment Analysis (LENA) measures from in-home recording devices and SES measures of maternal education predicted myelin concentrations over the course of development. Results indicate that 30-month-old children exposed to larger amounts of in-home adult input showed more myelination in the white matter tracts most associated with language. Right hemisphere regions also show an association with SES, with older children from more highly educated mothers and exposed to more adult input, showing greater myelin concentrations in language-related areas. We discuss these results in relation to the current literature and implications for future research. SIGNIFICANCE STATEMENT This is the first study to look at how brain myelination is impacted by language input and socioeconomic status early in development. We find robust relationships of both factors in language-related brain areas at 30 months of age.",34,indirect,neutral,none,,"Ambiguous: tests adult-input quantity against brain myelination but never compares turns vs word count, so no direction on the comparative claim.",fable,,supports,80,Exposure to larger amounts of in-home adult input at 30 months of age was associated with more myelination in language-related brain areas,agrees,cohort,supports,W4376603878
47,peanut_intro_early,Introducing peanut before 6 months of age reduces the risk of peanut allergy,Introducing peanut before 6 months of age reduces the risk of peanut allergy,Food Allergy: Recent Advances in Pathophysiology and Treatment,"Food allergies are adverse immune reactions to food proteins that affect up to 6% of children and 3-4% of adults. A wide range of symptoms can occur depending on whether IgE or non-IgE mediated mechanism are involved. Many factors influence the development of oral tolerance, including route of exposure, genetics, age of the host, and allergen factors. Advances have been made in the understanding of how these factors interact in the pathophysiology of food allergy. Currently, the mainstay of treatment for food allergies is avoidance and ready access to emergency medications. However, with the improved understanding of tolerance and advances in characterization of food allergens, several therapeutic strategies have been developed and are currently being investigated as potential treatments and/or cures for food allergy.",74,framework,does not test,none,,"Borderline framework/background: broad review mostly about treatment, but it supplies the mechanism for this claim's pathway (oral tolerance development shaped by route and age of allergen exposure).",fable,,neutral,90,This paper does not discuss the introduction of peanut before 6 months of age and its effect on reducing peanut allergy,does not test it,review,neutral,W2139306504
48,nap_memory,Daytime naps support memory consolidation and learning in infants,Daytime naps support memory consolidation and learning in infants,Many faces of sleep regulation: beyond the time of day and prior wake time,"The two-process model of sleep regulation posits two main processes regulating sleep: the circadian process controlled by the circadian clock and the homeostatic process that depends on the history of sleep and wakefulness. The model has provided a dominant conceptual framework for sleep research since its publication ~ 40 years ago. The time of day and prior wake time are the primary factors affecting the circadian and homeostatic processes, respectively. However, it is critical to consider other factors influencing sleep. Since sleep is incompatible with other behaviors, it is affected by the need for essential behaviors such as eating, foraging, mating, caring for offspring, and avoiding predators. Sleep is also affected by sensory inputs, sickness, increased need for memory consolidation after learning, and other factors. Here, we review multiple factors influencing sleep and discuss recent insights into the mechanisms balancing competing needs.",23,background,does not test,none,,"Review of sleep-regulation mechanisms; mentions memory consolidation only as a factor influencing sleep (reverse direction), gives no tool for testing naps-to-memory in infants.",fable,,supports,80,Sleep is affected by increased need for memory consolidation after learning,agrees,review,supports,W4200277248
49,sleep_consolidation_6m,Most infants sleep through the night by 6 months of age,Most infants sleep through the night by 6 months of age,"Anticipatory guidance to prevent infant sleep problems within a randomised controlled trial: infant, maternal and partner outcomes at 6 months of age","OBJECTIVE: To evaluate the effectiveness of sleep education delivered antenatally and at 3 weeks postpartum to prevent infant sleep problems at 6 months of age. DESIGN: Sleep intervention within a randomised controlled trial for the Prevention of Overweight in Infancy (POI) study. PARTICIPANTS: 802 families were randomly allocated to one of four groups: usual care (control), sleep intervention (sleep), food, activity and breastfeeding intervention (FAB), and combined group receiving both interventions (combination). INTERVENTIONS: All groups received standard Well Child care. The sleep intervention groups (sleep and combination) received an antenatal group education session (all mothers and most partners) emphasising infant self-settling and safe sleeping, and a home visit at 3 weeks reinforcing the antenatal sleep education. FAB and combination groups received four contacts providing education and support on breast feeding, food and activity up to 4 months postpartum. OUTCOME MEASURES: Here we report secondary sleep outcomes from the POI study: the prevalence of parent-reported infant sleep problems and night waking, and differences in sleep duration. Additional outcomes reported include differences in infant self-settling, safe sleep practices, and maternal and partner reports of their own sleep, fatigue and depression symptoms. RESULTS: Linear or mixed linear regression models found no significant intervention effects on sleep outcomes, with 19.1% of mothers and 16.6% of partners reporting their infant's sleep a problem at 6 months. Actigraphy estimated the number of night wakings to be significantly reduced (8%) and the duration of daytime sleep increased (6 min) in those groups receiving the sleep intervention compared with those who did not. However, these small differences were not clinically significant and not observed in 24 hours infant sleep diary data. No other differences were observed. CONCLUSION: A strategy delivering infant sleep education antenatally and at 3 weeks postpartum was not effective in preventing the development of parent-reported infant sleep problems.",62,indirect,neutral,none,,"RCT of sleep education measures night waking and parent-reported sleep problems at 6 months (right population/outcome window) but never reports sleep-through-the-night prevalence, so no direction for this prevalence claim can be read off.",fable,,refutes,80,"No significant intervention effects on sleep problems, night waking, or sleep duration at 6 months of age",disagrees,rct,refutes,W2620803181
50,juice_limit,Fruit juice should be avoided before 12 months,Fruit juice consumption before 12 months is associated with worse health outcomes,Viewpoint: Early childhood caries: a New Zealand perspective,"Dental caries, primarily a preventable disease, remains the most common chronic disease of childhood and one of the most common reasons for hospital admissions for children in New Zealand. The most vulnerable children are shouldering the burden of the disease, with Maori and Pacific children having greater experience and severity of dental caries. Early childhood caries has deleterious effects on a child’s oral and general health and significant numbers of preschool-aged children experience pain and infection. Early identification by primary health care providers of children at high risk of developing early childhood caries can ensure these children are referred to the appropriate oral health services to receive appropriate and timely management. KEYWORDS: Dental care for children; dental caries; New Zealand; preschool child",7,background,does not test,none,,"Viewpoint on early childhood caries burden in NZ; never mentions juice or any dietary exposure, so it hands juice researchers nothing.",fable,,refutes,90,"Early childhood caries is a preventable disease that disproportionately affects Maori and Pacific children in New Zealand, with deleterious effects on oral and general health.",disagrees,review,refutes,W2184522557
51,pretend_play,Pretend play supports social cognition and theory of mind,Pretend play supports social cognition and theory of mind,Interventions based on the Theory of Mind cognitive model for autism spectrum disorder (ASD),"BACKGROUND: The 'Theory of Mind' (ToM) model suggests that people with autism spectrum disorder (ASD) have a profound difficulty understanding the minds of other people - their emotions, feelings, beliefs, and thoughts. As an explanation for some of the characteristic social and communication behaviours of people with ASD, this model has had a significant influence on research and practice. It implies that successful interventions to teach ToM could, in turn, have far-reaching effects on behaviours and outcome. OBJECTIVES: To review the efficacy of interventions based on the ToM model for individuals with ASD. SEARCH METHODS: In August 2013 we searched CENTRAL, Ovid MEDLINE, Embase, CINAHL, PsycINFO, ERIC, Social Services Abstracts, AutismData, and two trials registers. We also searched the reference lists of relevant papers, contacted authors who work in this field, and handsearched a number of journals. SELECTION CRITERIA: Review studies were selected on the basis that they reported on an applicable intervention (linked to ToM in one of four clearly-defined ways), presented new randomised controlled trial data, and participants had a confirmed diagnosis of an autism spectrum disorder. Studies were selected by two review authors independently and a third author arbitrated when necessary. DATA COLLECTION AND ANALYSIS: Risk of bias was evaluated and data were extracted by two review authors independently; a third author arbitrated when necessary. Most studies were not eligible for meta-analysis, the principal reason being mis-matching methodologies and outcome measures. Three small meta-analyses were carried out. MAIN RESULTS: Twenty-two randomised trials were included in the review (N = 695). Studies were highly variable in their country of origin, sample size, participant age, intervention delivery type, and outcome measures. Risk of bias was variable across categories. There were very few studies for which there was adequate blinding of participants and personnel, and some were also judged at high risk of bias in blinding of outcome assessors. There was also evidence of some bias in sequence generation and allocation concealment. Not all studies reported data that fell within the pre-defined primary outcome categories for the review, instead many studies reported measures which were intervention-specific (e.g. emotion recognition). The wide range of measures used within each outcome category and the mixed results from these measures introduced further complexity when interpreting results.Studies were grouped into four main categories according to intervention target/primary outcome measure. These were: emotion recognition studies, joint attention and social communication studies, imitation studies, and studies teaching ToM itself. Within the first two of these categories, a sub-set of studies were deemed suitable for meta-analysis for a limited number of key outcomes.There was very low quality evidence of a positive effect on measures of communication based on individual results from three studies. There was low quality evidence from 11 studies reporting mixed results of interventions on measures of social interaction, very low quality evidence from four studies reporting mixed results on measures of general communication, and very low quality evidence from four studies reporting mixed results on measures of ToM ability. The meta-analysis results we were able to generate showed that interventions targeting emotion recognition across age groups and working with people within the average range of intellectual ability had a positive effect on the target skill, measured by a test using photographs of faces (mean increase of 0.75 points, 95% confidence interval (CI) 0.22 to 1.29 points, Z = 2.75, P < 0.006, four studies, N = 105). Therapist-led joint attention interventions can promote production of more joint attention behaviours within adult-child interaction (mean increase of 0.55 points, 95% CI 0.11 to 0.99 points, Z = 2.45, P value = 0.01, two studies, N = 88). Further analysis undermines this conclusion somewhat by demonstrating that there was no clear evidence that intervention can have an effect on joint attention initiations as measured using a standardised assessment tool (mean increase of 0.23 points, 95% CI -0.48 to 0.94 points, Z = 0.63, P value = 0.53, three studies, N = 92). No adverse effects were apparent. AUTHORS' CONCLUSIONS: While there is some evidence that ToM, or a precursor skill, can be taught to people with ASD, there is little evidence of maintenance of that skill, generalisation to other settings, or developmental effects on related skills. Furthermore, inconsistency in findings and measurement means that evidence has been graded of 'very low' or 'low' quality and we cannot be confident that suggestions of positive effects will be sustained as high-quality evidence accumulates. Further longitudinal designs and larger samples are needed to help elucidate both the efficacy of ToM-linked interventions and the explanatory value of the ToM model itself. It is possible that the continuing refinement of the ToM model will lead to better interventions which have a greater impact on development than those investigated to date.",226,indirect,mixed,none,,"Ambiguous: exposure is ToM-targeted interventions in ASD, not pretend play, but it tests whether trainable experience improves ToM; findings are low-quality and point both ways (some target-skill gains, no maintenance or generalisation).",fable,,mixed,80,Interventions based on Theory of Mind model had varying effects on individuals with ASD,both,review,mixed,W1837731691
53,fewer_toys,Fewer toys in the environment leads to higher quality play,Fewer toys in the environment leads to higher quality play,Emotion regulation strategies in offspring of childhood‐onset depressed mothers,"BACKGROUND: This study examines emotion regulation strategies used by children of mothers with childhood-onset depression (COD) and children of never-depressed mothers (NCOD). METHODS: Participants were 49 COD offspring (ages 4-7) and 37 NCOD offspring (ages 4-7) and their mothers. Emotion regulation strategies were assessed observationally during a laboratory mood induction paradigm. RESULTS: COD offspring were more likely to focus on the delay object or task than NCOD offspring. Daughters of COD mothers were also more likely to wait passively and less likely to engage in active distraction than daughters of NCOD mothers. These findings were replicated using number of maternal depressive episodes. CONCLUSIONS: COD offspring, especially daughters, exhibit a more passive style of regulating emotion that may place them at risk for developing psychopathology.",286,background,does not test,none,,Emotion regulation in offspring of depressed mothers; unrelated to toy environment or play quality.,fable,,refutes,80,Children of depressed mothers exhibit a more passive style of emotion regulation,disagrees,observational,refutes,W2133028527
54,video_deficit,Infants learn less from video than from equivalent live interaction,Infants learn less from video than from equivalent live interaction,Screen on = development off? A systematic scoping review and a developmental psychology perspective on the effects of screen time on early childhood development,"Research on the associations between screen time and child development suggests that various forms of screen time might pose a risk for various aspects of child development. However, data on the impact of exposure to screen media on the development of children under 3 years of age is comparatively scarce. Although the evidence available on the topic is evolving rapidly, no review of existing literature has yet encompassed a comprehensive set of developmental outcomes with a focus in the first 3 years of life. To address this research gap, the present literature review focused on the influences of screen time on various developmental outcomes of children aged zero to 36 months. These outcomes were sleep-related parameters, physical health, cognition, learning efficiency, language, motor skills, socio-emotional skills, social interaction, and overall development. To this end, ten databases were searched systematically, and 158 studies that were published between the launch of the iPhone in early 2007 until 2024 were included. Only studies that reported specific results for the age range of zero to 36 months were examined, including longitudinal studies with samples of children aged zero to 36 months at the first wave of assessment. For most outcomes, a comparable amount of undesirable and non-significant associations was found with children's screen time, while few desirable associations were reported. In line with the notion of resilience, these results indicate that characteristics of the child, the context, and/or the content moderate the associations between screen time and child development in early childhood, thus contributing to mitigating the potential of displacement of learning opportunities or even creating new learning opportunities. More studies with designs that can examine the causal effect of screen time on child development and that explicitly address the role of child, content, and context variables are needed.",23,indirect,mixed,none,,Scoping review of screen time vs early development covers learning outcomes 0-36 months but never compares video to equivalent live interaction; findings split between undesirable and null associations.,fable,,mixed,80,"Various forms of screen time might pose a risk for various aspects of child development, but the impact of exposure to screen media on the development of children under 3 years of age is comparatively scarce.",both,review,mixed,W4406127975
55,sleep_training_effective,Behavioural sleep interventions improve infant sleep and maternal wellbeing,Behavioural sleep interventions improve infant sleep and maternal wellbeing,Controlled trial of the short- and long-term effect of psychological treatment of post-partum depression,"Background Psychological interventions for postnatal depression can be beneficial in the short term but their longer-term impact is unknown. Aims To evaluate the long-term effect on maternal mood of three psychological treatments in relation to routine primary care. Method Women with post-partum depression (n=193) were assigned randomly to one of four conditions: routine primary care, non-directive counselling, cognitive–behavioural therapy or psychodynamic therapy. They were assessed immediately after the treatment phase (at 4.5 months) and at 9, 18 and 60 months post-partum. Results Compared with the control, all three treatments had a significant impact at 4.5 months on maternal mood (Edinburgh Postnatal Depression Scale, EPDS). Only psychodynamic therapy produced a rate of reduction in depression (Structured Clinical Interview for DSM–III–R) significantly superior to that of the control. The benefit of treatment was no longer apparent by 9 months post-partum. Treatment did not reduce subsequent episodes of post-partum depression. Conclusions Psychological intervention for post-partum depression improves maternal mood (EPDS) in the short term. However, this benefit is not superior to spontaneous remission in the long term.",359,background,does not test,none,,"Trial of psychological treatment for postpartum depression; neither infant sleep nor a sleep intervention appears, and it offers no instrument a sleep-training trial would adopt.",fable,,refutes,90,"Psychological intervention for post-partum depression improves maternal mood in the short term, but this benefit is not superior to spontaneous remission in the long term",disagrees,rct,refutes,W4302417458
56,cow_milk_anaemia,Early cow's milk introduction increases the risk of iron deficiency anaemia,Early cow's milk introduction increases the risk of iron deficiency anaemia,Factors associated with the iron nutritional status of Brazilian children aged 4 to 7 years,"ABSTRACT Objective To evaluate factors associated with the iron nutritional status of Brazilian children aged 4 to 7 years in the city of Viçosa, Minas Gerais state, Brazil. Methods This is a cross-sectional study of 357 children aged 4-7 years who had been followed-up up for during their first six months of life by the Breastfeeding Support Program. Socioeconomic and demographic characteristics, feeding practices, nutritional status (height-for-age and body mass index-for-age), and serum ferritin and hemoglobin concentrations were evaluated. Multiple linear regression analysis was carried out to evaluate factors independently associated with iron nutritional status (hemoglobin and ferritin), considering α=0.05 as the significance level. Results The prevalence of anemia and iron deficiency was (34) 9.52% and (11) 11.00%, respectively. The factors independently associated with anemia were younger child age, low maternal education, low height-for-age Z-scores, and children of single and separated mothers or widows. Iron deficiency was associated with child younger age and consumption of chocolates and chocolate flavored milk. Conclusion The results obtained allow us to conclude that anemia among children 4-7 years of age is a public health problem in the city of Viçosa, Minas Gerais. Therefore, there is a need for intervention measures targeting children in this age group. These measures can be implemented through food and nutritional education by encouraging the consumption of iron-rich foods.",6,indirect,supports,none,,"Hesitated: population is 4-7 years and exposure is chocolate-flavoured milk consumption rather than early cow's milk introduction, but the milk-drink-to-iron-deficiency association points the same direction as the claim.",fable,,refutes,80,"Anemia among children 4-7 years of age is a public health problem in the city of Viçosa, Minas Gerais, and is associated with younger child age, low maternal education, low height-for-age Z-scores, and children of single and separated mothers or widows. Iron deficiency is associated with child younger age and consumption of chocolates and chocolate flavored milk.",disagrees,cross-sectional,refutes,W2735669907
57,screen_language_delay,Higher screen time in infancy is associated with language delay,Higher screen time in infancy is associated with language delay,"Webcams, Songs, and Vocabulary Learning: A Comparison of In-Person and Remote Data Collection as a Way of Moving Forward With Child-Language Research","This article evaluates a testing procedure for collecting eye-gaze data with toddlers and preschoolers during a word-learning task. We provide feasibility and precision data by comparing performance in an in-person version of the study (conducted under controlled conditions in the lab), with performance in a virtual version in which participants completed the testing procedure from home. Our data support the feasibility of collecting remote eye-gaze data with young children, and present it as a viable alternative for conducting developmental language research when in-person interactions with participants cannot take place. Additionally, we use this methodological approach to examine a topic that has gained popularity in recent years-the role of music and songs on vocabulary learning. We provide evidence suggesting that while songs may help increase attention during a particular task, greater attention does not lead to greater learning. In fact, preschoolers show improved word-learning performance for items that were trained in a spoken sentence compared to items that were trained in a song. This means that while songs may be beneficial for increasing child engagement, spoken sentences may be best for supporting deep level learning of language concepts.",22,framework,does not test,none,,"Offers a measure: validated remote eye-gaze word-learning procedure for toddlers, the kind of language-outcome instrument a screen-time/language study would cite in Methods; does not itself test screen time.",fable,,neutral,95,The paper does not directly address the association between higher screen time in infancy and language delay,does not test it,other,neutral,W3192812203
58,egg_intro_early,Introducing egg between 4 and 6 months reduces the risk of egg allergy,Introducing egg between 4 and 6 months reduces the risk of egg allergy,Implementing primary prevention of food allergy in infants: New BSACI guidance published,"The BSACI this month published guidance for UK Healthcare professionals on preventing food allergy in higher risk infants, including advice on the earlier introduction of potential allergenic foods into the infant diet, to reduce the risk of food allergy.1 There is an accompanying information sheet for parents with practical advice on introducing allergenic foods during complementary feeding.1 The guidance has been developed by the Paediatric Allergy Group of BSACI and the Food Allergy Specialist Group (FASG) of the British Dietetic Association (BDA), following consultation with both the BSACI and the BDA membership, a broad range of healthcare professionals including health visitors and general practitioners, parents and patient support groups. The guidance is designed to complement the recent review of scientific evidence published by a joint committee of the UK's Scientific Advisory Committee on Nutrition (SACN) and the Committee on Toxicity of Chemicals in Food, Consumer Products and the Environment (COT).2 The SACN/COT statement recommended the following: The SACN/COT statement acknowledged that recommendations for healthcare professionals may need to take into account different clinical scenarios, and that targeted advice may be appropriate for infants at a higher risk of developing food allergy. They proposed that families of infants with a history of early-onset eczema or suspected food allergy may wish to seek medical advice before introducing peanut or hen's egg. The BSACI/FASG guidance provides advice relating to this group of children and is summarized in Figure 1. It differs from equivalent current international guidelines, in that: The BSACI/FASG guidance suggests that if a baby is at higher risk of developing food allergy, parents may wish to start complementary foods from 4 months, including egg (if part of the family's diet) and then peanut in an age-appropriate manner to avoid risk of choking. Mothers should continue to breastfeed whilst introducing solid foods, if possible. If breastmilk is not available, families should use a standard cow's milk formula rather than a “low allergy” (hypoallergenic) formula, unless the baby is allergic to cow's milk. Unlike the NIAID guidelines for peanut introduction, screening is not routinely recommended prior to introducing egg or peanut in higher risk infants, as despite its potential role in identifying sensitization, access in the UK primary care setting is difficult and would require prompt in-hospital food challenge where present. Healthcare professionals should help parents to make an informed decision in this regard. This will depend on their understanding of the potential for an allergic reaction when allergenic foods are introduced into the diet and the availability of allergy testing within the local clinical service. However, this must be balanced against the risk that a delay in introduction may increase the risk of their infant developing a food allergy. This is a pragmatic decision, based not only on the current availability of allergy testing (and, where indicated, prompt referral for supervised food challenge) in this age group, but also on the basis that to date, no life-threatening reactions have been reported in infants related to the introduction of allergenic foods. Of note, screening is not generally offered in those countries where peanut is introduced in infancy, and this has not caused major public health concerns. However, some infants will already be allergic to these foods when introduced into the diet (Figure 2). It is for this reason that information regarding allergic symptoms and their management figure prominently in both guidance to healthcare professionals and that for parent/carers. The BSACI/FASG document is guidance rather than a guideline. This was intentional: guidelines are public health recommendations applicable across the population, and “need to be made on the basis of high-level evidence and more than one randomized clinical trial to ensure ‘no harm’ results.”5 In contrast, the BSACI/FASG guidance is designed to provide useful background and practical advice to healthcare professionals and parent/carers alike in implementing the available evidence from the EAT, LEAP and other studies to support individualized care. The new guidance is available to download at http://www.bsaci.org/about/early-feeding-guidance. PJT has received consultancy fees from the UK Departments of Health with respect to primary prevention strategies for food allergy; research funding from the UK Medical Research Council (reference MR/K010468/1) and the National Institute for Health Research (NIHR) Biomedical Research Centre at Imperial College Healthcare NHS Trust/Imperial College London. He was a co-investigator on the Beating Egg Allergy (BEAT) Trial (a primary prevention trial for egg allergy) funded by the Ilhan Food Allergy Foundation. MF was a dietitian on the LEAP (Learning Early About Peanut) study, funded by the National Institute of Allergy and Infectious Diseases (NIAID, NIH), Food Allergy & Research Education (FARE), MRC & Asthma UK Centre, NIHR, National Peanut Board (NRP) and FSA. She has received research support from the British Dietetic Association and the Anaphylaxis Campaign. RM has received speaker fees for Nestle, Mead Johnson and Danone; she is on the allergy advisory board for Mead Johnson. MRP was joint principle investigator on the EAT (Enquiring About Tolerance) Study, funded by the UK Food Standards Agency. ATF has received research funding from Danone and acted as a paid consultant for Danone, Mead Johnson, Abbott and Nestle Nutrition. All the authors were on the BSACI/FASG working group for the new BSACI/FASG guidance on preventing food allergy in higher risk infants. The views expressed are those of the author(s) and not necessarily those of the NHS, NIHR, or the Department of Health.",67,framework,does not test,endorses,"advice on the earlier introduction of potential allergenic foods into the infant diet, to reduce the risk of food allergy","Offers a guideline: BSACI guidance on early egg/peanut introduction, built on EAT/LEAP evidence rather than presenting new test data.",fable,,supports,80,"Advice for earlier introduction of potential allergenic foods, including hen's egg, for higher risk infants",agrees,review,complement,W2887924454
59,hydrolysed_formula_allergy,Hydrolysed formula prevents allergic disease in high-risk infants,Hydrolysed formula prevents allergic disease in high-risk infants,The effect of diet in infancy on asthma in young adults: the Merthyr Allergy Prevention Study,"INTRODUCTION: Early infant diet might influence the risk of subsequent allergic disease. METHODS: The Merthyr Allergy Prevention Study (MAPS) was a randomised controlled trial in infants at high risk of allergic disease. The trial determined whether a cow's milk exclusion diet for the first 4 months of life decreased the risk of allergic disease including asthma compared with a normal diet. A soya milk preparation was offered to those in the intervention group. A standardised questionnaire for allergic disease was completed at ages 1, 7, 15 and 23 years, with clinical assessment at 1, 7 and 23 years. The effect of the intervention on the risk of atopy, asthma and wheeze at age 23 years was determined. FINDINGS: 487 subjects entered the study; at age 23 years 299 completed the questionnaire, of which 119 attended clinical assessment. Subjects randomised to the intervention group had a significantly increased risk of atopy (adjusted OR 2.97, 95% CI 1.30 to 6.80; p=0.01) and asthma (OR 2.07, 95%CI 1.09 to 3.91; p=0.03) at age 23 years, but not wheeze (OR 1.43, 95%CI 0.87 to 2.37; p=0.16). Earlier exposure to cow's milk was associated with a decreased risk of wheeze and asthma at age 23 years, while earlier exposure to soya milk was associated with an increased risk of atopy and asthma. INTERPRETATION: In infants at high risk of allergic disease, either cow's milk exclusion or early soya milk introduction for the first 4 months of life increases the risk of atopy, wheeze and asthma in adulthood.",3,indirect,refutes,none,,"Neighbouring exposure: soya-based cow's-milk-exclusion formula (not hydrolysed) in high-risk infants increased atopy and asthma at 23 years, pointing against formula substitution preventing allergic disease.",fable,,refutes,95,"Early cow's milk exclusion or soya milk introduction increases the risk of atopy, wheeze, and asthma in adulthood",disagrees,rct,complement,W3158472555
60,back_to_sleep,Placing infants on their back to sleep reduces the risk of SIDS,Placing infants on their back to sleep reduces the risk of SIDS,Are Safe Sleep Practice Recommendations For Infants Being Applied Among Caregivers?,"Background Sudden infant death syndrome (SIDS) is defined as the sudden unexpected death of an infant, even after investigations and autopsy. SIDS is related to many factors, such as the baby's position and objects in the crib. Adherence to safe sleep recommendations in Saudi Arabia is unclear. This study aims to assess caregivers' implementation of safe sleep practices and if they received any safe sleep education through health care workers. Methods This was a cross-sectional, descriptive study. Inclusion criteria included all infants below the age of one year. Exclusion criteria included infants who were born premature, used ventilation, had a tracheostomy, any anomaly in the upper airway, or underwent spine surgery. A semi-structured questionnaire was used. Data were collected from mothers who had infants visiting the outpatient department of King Abdulaziz University Hospital in Jeddah, Saudi Arabia. An electronic survey was also created and published on a social platform. Statistical analysis was conducted with the aid of the Statistical Package for Social Sciences (SPSS) software, version 26 (IBM SPSS Statistics, Armonk, NY). Results Among 506 participants, only 22.5% were found to receive education about safe practices from health care providers. Fortunately, most of the infants (63.2%) were found to sleep in a supine position most of the nights. Adherent caregivers to placing the child in a designated baby bed and in a supine position most nights represented 44.86% of the sample. However, when asked about placing any of the following objects in the bed (pillows, blankets, soft toys, hard toys, and electric wires), the percentage of adherence dropped down to only 1.58%. Conclusion There was an obvious non-adherence among caregivers and a possible lack of knowledge of safe sleep recommendations for infants. This highlights the need for optimal education by health care workers and the rule of media and campaigns is obvious and essential to improving their practices and, hopefully, decreasing the risk of SIDS.",9,background,does not test,endorses,"Fortunately, most of the infants (63.2%) were found to sleep in a supine position most of the nights.","Adherence survey assuming back-sleeping guidance is correct; measures caregiver uptake, not SIDS risk by position, and its ad-hoc questionnaire is not an instrument a position-SIDS study would use.",fable,,mixed,80,"Most infants sleep in a supine position, but non-adherence to safe sleep practices is common",supports,cross-sectional,mixed,W3112982005
